d,o,h,l,c,v,a,mc,s,m,rs
2009-01-02,4600.0,4845.0,4515.0,4585.0,809521.0,3765989275.0,61381687500.0,13387500,KOSDAQ,tradable_ohlcv
2009-01-05,4635.0,4635.0,4405.0,4405.0,558704.0,2501564665.0,58971937500.0,13387500,KOSDAQ,tradable_ohlcv
2009-01-06,4520.0,5000.0,4465.0,4760.0,1094739.0,5196132710.0,63724500000.0,13387500,KOSDAQ,tradable_ohlcv
2009-01-07,4915.0,5350.0,4800.0,5330.0,2479937.0,12738176505.0,71355375000.0,13387500,KOSDAQ,tradable_ohlcv
2009-01-08,5900.0,5980.0,5480.0,5500.0,2239650.0,12667199230.0,73631250000.0,13387500,KOSDAQ,tradable_ohlcv
2009-01-09,5650.0,5740.0,5180.0,5400.0,1353322.0,7391752380.0,72292500000.0,13387500,KOSDAQ,tradable_ohlcv
2009-01-12,5290.0,5540.0,5010.0,5010.0,995483.0,5281768560.0,67071375000.0,13387500,KOSDAQ,tradable_ohlcv
2009-01-13,4970.0,5310.0,4840.0,5290.0,951117.0,4860273465.0,70819875000.0,13387500,KOSDAQ,tradable_ohlcv
2009-01-14,5330.0,5560.0,5200.0,5230.0,1301114.0,7024042110.0,70016625000.0,13387500,KOSDAQ,tradable_ohlcv
2009-01-15,5010.0,5090.0,4480.0,4505.0,777038.0,3757115240.0,60310687500.0,13387500,KOSDAQ,tradable_ohlcv
2009-01-16,4625.0,4750.0,4615.0,4680.0,414956.0,1942440515.0,62653500000.0,13387500,KOSDAQ,tradable_ohlcv
2009-01-19,4685.0,5070.0,4685.0,5050.0,484780.0,2382022625.0,67606875000.0,13387500,KOSDAQ,tradable_ohlcv
2009-01-20,5090.0,5090.0,4840.0,4865.0,335500.0,1645927350.0,65130187500.0,13387500,KOSDAQ,tradable_ohlcv
2009-01-21,4495.0,4780.0,4475.0,4680.0,347299.0,1598143360.0,62653500000.0,13387500,KOSDAQ,tradable_ohlcv
2009-01-22,4820.0,4900.0,4650.0,4700.0,289148.0,1377369920.0,62921250000.0,13387500,KOSDAQ,tradable_ohlcv
2009-01-23,4670.0,4690.0,4515.0,4520.0,156659.0,715587935.0,60511500000.0,13387500,KOSDAQ,tradable_ohlcv
2009-01-28,4670.0,4880.0,4660.0,4820.0,268953.0,1291760915.0,64527750000.0,13387500,KOSDAQ,tradable_ohlcv
2009-01-29,4850.0,4980.0,4770.0,4795.0,258713.0,1257430990.0,64193062500.0,13387500,KOSDAQ,tradable_ohlcv
2009-01-30,4740.0,5480.0,4660.0,5250.0,2770094.0,14595788550.0,70284375000.0,13387500,KOSDAQ,tradable_ohlcv
2009-02-02,5290.0,5300.0,5040.0,5130.0,762058.0,3939745730.0,68677875000.0,13387500,KOSDAQ,tradable_ohlcv
2009-02-03,5150.0,5370.0,5050.0,5150.0,1087797.0,5702126360.0,68945625000.0,13387500,KOSDAQ,tradable_ohlcv
2009-02-04,5290.0,5290.0,5110.0,5210.0,744119.0,3864153100.0,69748875000.0,13387500,KOSDAQ,tradable_ohlcv
2009-02-05,5170.0,5410.0,4970.0,5000.0,793625.0,4140262920.0,66937500000.0,13387500,KOSDAQ,tradable_ohlcv
2009-02-06,5120.0,5150.0,4935.0,5060.0,436777.0,2194667180.0,67740750000.0,13387500,KOSDAQ,tradable_ohlcv
2009-02-09,5100.0,5300.0,5050.0,5050.0,435115.0,2246120610.0,67606875000.0,13387500,KOSDAQ,tradable_ohlcv
2009-02-10,5120.0,5160.0,4925.0,4985.0,364834.0,1821859015.0,66736687500.0,13387500,KOSDAQ,tradable_ohlcv
2009-02-11,4800.0,4950.0,4700.0,4915.0,316447.0,1533897425.0,65799562500.0,13387500,KOSDAQ,tradable_ohlcv
2009-02-12,4915.0,5200.0,4915.0,5050.0,682621.0,3483505010.0,67606875000.0,13387500,KOSDAQ,tradable_ohlcv
2009-02-13,5080.0,5370.0,5060.0,5320.0,844595.0,4422908390.0,71221500000.0,13387500,KOSDAQ,tradable_ohlcv
2009-02-16,5410.0,5630.0,5330.0,5340.0,1336683.0,7382700820.0,71489250000.0,13387500,KOSDAQ,tradable_ohlcv
2009-02-17,5360.0,5440.0,4600.0,4730.0,1091672.0,5446293160.0,63322875000.0,13387500,KOSDAQ,tradable_ohlcv
2009-02-18,4570.0,4980.0,4270.0,4700.0,1263527.0,5928142750.0,62921250000.0,13387500,KOSDAQ,tradable_ohlcv
2009-02-19,4705.0,4840.0,4410.0,4425.0,616609.0,2818081410.0,59239687500.0,13387500,KOSDAQ,tradable_ohlcv
2009-02-20,4350.0,4395.0,3940.0,4135.0,415568.0,1734391470.0,55357312500.0,13387500,KOSDAQ,tradable_ohlcv
2009-02-23,4000.0,4280.0,3965.0,4225.0,329048.0,1365334550.0,56562187500.0,13387500,KOSDAQ,tradable_ohlcv
2009-02-24,4000.0,4110.0,3960.0,3975.0,250332.0,1006440700.0,53215312500.0,13387500,KOSDAQ,tradable_ohlcv
2009-02-25,4120.0,4150.0,3930.0,3940.0,223202.0,902671285.0,52746750000.0,13387500,KOSDAQ,tradable_ohlcv
2009-02-26,4010.0,4100.0,3630.0,3770.0,308234.0,1195886855.0,50470875000.0,13387500,KOSDAQ,tradable_ohlcv
2009-02-27,3720.0,3950.0,3720.0,3950.0,227911.0,873321890.0,52880625000.0,13387500,KOSDAQ,tradable_ohlcv
2009-03-02,3900.0,3900.0,3635.0,3680.0,151877.0,564647660.0,49266000000.0,13387500,KOSDAQ,tradable_ohlcv
2009-03-03,3430.0,3570.0,3400.0,3530.0,202947.0,706985955.0,47257875000.0,13387500,KOSDAQ,tradable_ohlcv
2009-03-04,3550.0,4040.0,3530.0,3970.0,351987.0,1351204450.0,53148375000.0,13387500,KOSDAQ,tradable_ohlcv
2009-03-05,4115.0,4120.0,3830.0,3830.0,296859.0,1187810935.0,51274125000.0,13387500,KOSDAQ,tradable_ohlcv
2009-03-06,3660.0,3960.0,3660.0,3915.0,93081.0,356732450.0,52412062500.0,13387500,KOSDAQ,tradable_ohlcv
2009-03-09,4020.0,4160.0,4000.0,4100.0,227282.0,929205080.0,54888750000.0,13387500,KOSDAQ,tradable_ohlcv
2009-03-10,4080.0,4195.0,4010.0,4190.0,160105.0,658795020.0,56093625000.0,13387500,KOSDAQ,tradable_ohlcv
2009-03-11,4365.0,4370.0,4180.0,4180.0,246908.0,1044373450.0,55959750000.0,13387500,KOSDAQ,tradable_ohlcv
2009-03-12,4200.0,4350.0,4150.0,4255.0,203450.0,863637875.0,56963812500.0,13387500,KOSDAQ,tradable_ohlcv
2009-03-13,4310.0,4385.0,4230.0,4250.0,185326.0,794962775.0,56896875000.0,13387500,KOSDAQ,tradable_ohlcv
2009-03-16,4220.0,4345.0,4185.0,4220.0,204977.0,874188425.0,56495250000.0,13387500,KOSDAQ,tradable_ohlcv
2009-03-17,4305.0,4450.0,4250.0,4370.0,311713.0,1351977325.0,58503375000.0,13387500,KOSDAQ,tradable_ohlcv
2009-03-18,4490.0,4510.0,4365.0,4380.0,350057.0,1549350660.0,58637250000.0,13387500,KOSDAQ,tradable_ohlcv
2009-03-19,4460.0,4485.0,4200.0,4250.0,396251.0,1703730175.0,56896875000.0,13387500,KOSDAQ,tradable_ohlcv
2009-03-20,4270.0,4375.0,4220.0,4280.0,358750.0,1536572400.0,57298500000.0,13387500,KOSDAQ,tradable_ohlcv
2009-03-23,4290.0,4340.0,4240.0,4285.0,314228.0,1346052430.0,57365437500.0,13387500,KOSDAQ,tradable_ohlcv
2009-03-24,4415.0,4680.0,4380.0,4680.0,1019436.0,4631373605.0,62653500000.0,13387500,KOSDAQ,tradable_ohlcv
2009-03-25,4720.0,4810.0,4570.0,4785.0,700764.0,3271330480.0,64059187500.0,13387500,KOSDAQ,tradable_ohlcv
2009-03-26,4790.0,4950.0,4645.0,4950.0,668894.0,3200035885.0,66268125000.0,13387500,KOSDAQ,tradable_ohlcv
2009-03-27,4955.0,5140.0,4910.0,5030.0,1010376.0,5092721060.0,67339125000.0,13387500,KOSDAQ,tradable_ohlcv
2009-03-30,5030.0,5080.0,4560.0,4600.0,484159.0,2311851925.0,61582500000.0,13387500,KOSDAQ,tradable_ohlcv
2009-03-31,4630.0,5290.0,4630.0,5290.0,1138600.0,5733284580.0,70819875000.0,13387500,KOSDAQ,tradable_ohlcv
2009-04-01,5390.0,5840.0,5200.0,5620.0,2254073.0,12571861780.0,75237750000.0,13387500,KOSDAQ,tradable_ohlcv
2009-04-02,5780.0,6170.0,5650.0,5890.0,1491323.0,8791448140.0,78852375000.0,13387500,KOSDAQ,tradable_ohlcv
2009-04-03,5980.0,5990.0,5660.0,5700.0,769690.0,4453684670.0,76308750000.0,13387500,KOSDAQ,tradable_ohlcv
2009-04-06,5780.0,6100.0,5780.0,5920.0,741006.0,4401728770.0,79254000000.0,13387500,KOSDAQ,tradable_ohlcv
2009-04-07,6060.0,6450.0,5930.0,6320.0,1321933.0,8268636430.0,84609000000.0,13387500,KOSDAQ,tradable_ohlcv
2009-04-08,6120.0,6440.0,6030.0,6090.0,520531.0,3213211950.0,81529875000.0,13387500,KOSDAQ,tradable_ohlcv
2009-04-09,6300.0,6560.0,6120.0,6280.0,1216713.0,7711626210.0,84073500000.0,13387500,KOSDAQ,tradable_ohlcv
2009-04-10,6360.0,6400.0,5950.0,6040.0,856246.0,5212869100.0,80860500000.0,13387500,KOSDAQ,tradable_ohlcv
2009-04-13,6050.0,6320.0,5900.0,6100.0,949855.0,5854541970.0,81663750000.0,13387500,KOSDAQ,tradable_ohlcv
2009-04-14,6210.0,6260.0,5830.0,6080.0,637686.0,3839333820.0,81396000000.0,13387500,KOSDAQ,tradable_ohlcv
2009-04-15,6120.0,6450.0,5900.0,6150.0,1069721.0,6610074100.0,82333125000.0,13387500,KOSDAQ,tradable_ohlcv
2009-04-16,6350.0,6480.0,6050.0,6150.0,1500487.0,9462742250.0,82333125000.0,13387500,KOSDAQ,tradable_ohlcv
2009-04-17,6290.0,6360.0,5670.0,5770.0,720299.0,4292963710.0,77245875000.0,13387500,KOSDAQ,tradable_ohlcv
2009-04-20,5700.0,5980.0,5580.0,5760.0,298124.0,1721238960.0,77112000000.0,13387500,KOSDAQ,tradable_ohlcv
2009-04-21,5620.0,5880.0,5590.0,5870.0,250078.0,1436107110.0,78584625000.0,13387500,KOSDAQ,tradable_ohlcv
2009-04-22,5950.0,6050.0,5800.0,5900.0,570327.0,3371716680.0,78986250000.0,13387500,KOSDAQ,tradable_ohlcv
2009-04-23,6040.0,6240.0,5960.0,6180.0,479458.0,2933479840.0,82734750000.0,13387500,KOSDAQ,tradable_ohlcv
2009-04-24,6170.0,6170.0,5670.0,5780.0,466444.0,2774246420.0,77379750000.0,13387500,KOSDAQ,tradable_ohlcv
2009-04-27,5860.0,6000.0,5610.0,5650.0,359505.0,2070617430.0,75639375000.0,13387500,KOSDAQ,tradable_ohlcv
2009-04-28,5780.0,5910.0,5040.0,5100.0,932398.0,5091478590.0,68276250000.0,13387500,KOSDAQ,tradable_ohlcv
2009-04-29,5220.0,5370.0,5000.0,5290.0,318959.0,1669633710.0,70819875000.0,13387500,KOSDAQ,tradable_ohlcv
2009-04-30,5510.0,5510.0,5350.0,5500.0,214860.0,1163286950.0,73631250000.0,13387500,KOSDAQ,tradable_ohlcv
2009-05-04,5690.0,5730.0,5580.0,5640.0,217618.0,1227690810.0,75505500000.0,13387500,KOSDAQ,tradable_ohlcv
2009-05-06,5730.0,5820.0,5600.0,5610.0,188451.0,1071668000.0,75103875000.0,13387500,KOSDAQ,tradable_ohlcv
2009-05-07,5690.0,5790.0,5620.0,5670.0,214431.0,1225607380.0,75907125000.0,13387500,KOSDAQ,tradable_ohlcv
2009-05-08,5720.0,5720.0,5490.0,5640.0,242961.0,1355163820.0,75505500000.0,13387500,KOSDAQ,tradable_ohlcv
2009-05-11,5730.0,6220.0,5660.0,6150.0,934122.0,5612584890.0,82333125000.0,13387500,KOSDAQ,tradable_ohlcv
2009-05-12,6080.0,6130.0,5800.0,5850.0,493503.0,2931823790.0,78316875000.0,13387500,KOSDAQ,tradable_ohlcv
2009-05-13,5930.0,6270.0,5880.0,6270.0,703782.0,4273677020.0,83939625000.0,13387500,KOSDAQ,tradable_ohlcv
2009-05-14,6100.0,6450.0,6040.0,6230.0,669299.0,4184036960.0,83404125000.0,13387500,KOSDAQ,tradable_ohlcv
2009-05-15,6400.0,6530.0,6160.0,6280.0,602713.0,3842845950.0,84073500000.0,13387500,KOSDAQ,tradable_ohlcv
2009-05-18,6360.0,6360.0,5920.0,6060.0,259171.0,1570001850.0,81128250000.0,13387500,KOSDAQ,tradable_ohlcv
2009-05-19,6200.0,6280.0,6040.0,6090.0,319959.0,1966651960.0,81529875000.0,13387500,KOSDAQ,tradable_ohlcv
2009-05-20,6090.0,6140.0,5960.0,6000.0,292132.0,1761001580.0,80325000000.0,13387500,KOSDAQ,tradable_ohlcv
2009-05-21,6010.0,6080.0,5920.0,5920.0,202590.0,1209083980.0,79254000000.0,13387500,KOSDAQ,tradable_ohlcv
2009-05-22,5830.0,6040.0,5830.0,5900.0,224827.0,1331796710.0,78986250000.0,13387500,KOSDAQ,tradable_ohlcv
2009-05-25,5980.0,6040.0,5020.0,5720.0,311425.0,1781333420.0,76576500000.0,13387500,KOSDAQ,tradable_ohlcv
2009-05-26,5720.0,5780.0,5350.0,5400.0,210175.0,1158265960.0,72292500000.0,13387500,KOSDAQ,tradable_ohlcv
2009-05-27,5580.0,5680.0,5350.0,5400.0,191746.0,1065836010.0,72292500000.0,13387500,KOSDAQ,tradable_ohlcv
2009-05-28,5280.0,5400.0,5100.0,5380.0,151231.0,795594680.0,72024750000.0,13387500,KOSDAQ,tradable_ohlcv
2009-05-29,5450.0,5510.0,5370.0,5460.0,59006.0,320615670.0,73095750000.0,13387500,KOSDAQ,tradable_ohlcv
2009-06-01,5520.0,5640.0,5330.0,5630.0,122368.0,673035910.0,75371625000.0,13387500,KOSDAQ,tradable_ohlcv
2009-06-02,5700.0,5850.0,5610.0,5670.0,238660.0,1364485630.0,75907125000.0,13387500,KOSDAQ,tradable_ohlcv
2009-06-03,5670.0,5820.0,5570.0,5600.0,196270.0,1107411880.0,74970000000.0,13387500,KOSDAQ,tradable_ohlcv
2009-06-04,5550.0,5610.0,5240.0,5340.0,143875.0,776389330.0,71489250000.0,13387500,KOSDAQ,tradable_ohlcv
2009-06-05,5460.0,5460.0,5260.0,5310.0,61202.0,326248470.0,71087625000.0,13387500,KOSDAQ,tradable_ohlcv
2009-06-08,5340.0,5470.0,5320.0,5400.0,65679.0,355692900.0,72292500000.0,13387500,KOSDAQ,tradable_ohlcv
2009-06-09,5410.0,5660.0,5360.0,5440.0,153280.0,847490020.0,72828000000.0,13387500,KOSDAQ,tradable_ohlcv
2009-06-10,5440.0,5470.0,5330.0,5360.0,68482.0,368214810.0,71757000000.0,13387500,KOSDAQ,tradable_ohlcv
2009-06-11,5310.0,5400.0,5280.0,5330.0,135611.0,720919020.0,71355375000.0,13387500,KOSDAQ,tradable_ohlcv
2009-06-12,5390.0,5390.0,5290.0,5350.0,55122.0,294307070.0,71623125000.0,13387500,KOSDAQ,tradable_ohlcv
2009-06-15,5330.0,5430.0,5270.0,5280.0,98486.0,526247350.0,70686000000.0,13387500,KOSDAQ,tradable_ohlcv
2009-06-16,5320.0,5320.0,5050.0,5100.0,200177.0,1028271670.0,68276250000.0,13387500,KOSDAQ,tradable_ohlcv
2009-06-17,5070.0,5140.0,4920.0,4920.0,146921.0,734732665.0,65866500000.0,13387500,KOSDAQ,tradable_ohlcv
2009-06-18,4920.0,5040.0,4895.0,4965.0,149223.0,739182005.0,66468937500.0,13387500,KOSDAQ,tradable_ohlcv
2009-06-19,4965.0,4990.0,4795.0,4950.0,167546.0,814769850.0,66268125000.0,13387500,KOSDAQ,tradable_ohlcv
2009-06-22,4950.0,5060.0,4940.0,5000.0,105187.0,524910300.0,66937500000.0,13387500,KOSDAQ,tradable_ohlcv
2009-06-23,4810.0,4925.0,4715.0,4720.0,148846.0,715288130.0,63189000000.0,13387500,KOSDAQ,tradable_ohlcv
2009-06-24,4750.0,4805.0,4650.0,4720.0,56116.0,264554735.0,63189000000.0,13387500,KOSDAQ,tradable_ohlcv
2009-06-25,4720.0,4905.0,4720.0,4900.0,75002.0,362896430.0,65598750000.0,13387500,KOSDAQ,tradable_ohlcv
2009-06-26,4910.0,4940.0,4830.0,4865.0,42185.0,205292485.0,65130187500.0,13387500,KOSDAQ,tradable_ohlcv
2009-06-29,4910.0,4920.0,4765.0,4885.0,34402.0,166451240.0,65397937500.0,13387500,KOSDAQ,tradable_ohlcv
2009-06-30,4830.0,4885.0,4730.0,4880.0,66162.0,318964935.0,65331000000.0,13387500,KOSDAQ,tradable_ohlcv
2009-07-01,4830.0,4890.0,4800.0,4875.0,114456.0,555688380.0,65264062500.0,13387500,KOSDAQ,tradable_ohlcv
2009-07-02,4875.0,4995.0,4855.0,4990.0,92451.0,455867675.0,66803625000.0,13387500,KOSDAQ,tradable_ohlcv
2009-07-03,4930.0,5080.0,4900.0,5030.0,117168.0,587258160.0,67339125000.0,13387500,KOSDAQ,tradable_ohlcv
2009-07-06,5000.0,5090.0,4960.0,5010.0,114961.0,575724790.0,67071375000.0,13387500,KOSDAQ,tradable_ohlcv
2009-07-07,5050.0,5140.0,5010.0,5110.0,81380.0,413896990.0,68410125000.0,13387500,KOSDAQ,tradable_ohlcv
2009-07-08,5080.0,5080.0,4950.0,5000.0,55601.0,277661920.0,66937500000.0,13387500,KOSDAQ,tradable_ohlcv
2009-07-09,5000.0,5070.0,4965.0,5010.0,125328.0,626841145.0,67071375000.0,13387500,KOSDAQ,tradable_ohlcv
2009-07-10,5020.0,5030.0,4880.0,4930.0,167292.0,827892510.0,66000375000.0,13387500,KOSDAQ,tradable_ohlcv
2009-07-13,4880.0,4960.0,4510.0,4510.0,154781.0,730962410.0,60377625000.0,13387500,KOSDAQ,tradable_ohlcv
2009-07-14,4590.0,4640.0,4210.0,4305.0,291912.0,1278437335.0,57633187500.0,13387500,KOSDAQ,tradable_ohlcv
2009-07-15,4315.0,4490.0,4315.0,4480.0,230166.0,1025607430.0,59976000000.0,13387500,KOSDAQ,tradable_ohlcv
2009-07-16,4590.0,4640.0,4495.0,4550.0,163896.0,744625235.0,60913125000.0,13387500,KOSDAQ,tradable_ohlcv
2009-07-17,4570.0,4600.0,4490.0,4550.0,138982.0,629465205.0,60913125000.0,13387500,KOSDAQ,tradable_ohlcv
2009-07-20,4550.0,4740.0,4550.0,4685.0,211892.0,987062135.0,62720437500.0,13387500,KOSDAQ,tradable_ohlcv
2009-07-21,4700.0,4985.0,4700.0,4935.0,368750.0,1801321360.0,66067312500.0,13387500,KOSDAQ,tradable_ohlcv
2009-07-22,4995.0,5100.0,4885.0,5040.0,236711.0,1182820255.0,67473000000.0,13387500,KOSDAQ,tradable_ohlcv
2009-07-23,5050.0,5060.0,4905.0,5050.0,143855.0,720163285.0,67606875000.0,13387500,KOSDAQ,tradable_ohlcv
2009-07-24,5080.0,5090.0,4985.0,5050.0,161042.0,810615850.0,68031075000.0,13471500,KOSDAQ,tradable_ohlcv
2009-07-27,5090.0,5260.0,5030.0,5070.0,430948.0,2219416710.0,68300505000.0,13471500,KOSDAQ,tradable_ohlcv
2009-07-28,5060.0,5130.0,4995.0,5020.0,182350.0,920681255.0,67626930000.0,13471500,KOSDAQ,tradable_ohlcv
2009-07-29,5020.0,5080.0,4990.0,5020.0,132742.0,667223450.0,67626930000.0,13471500,KOSDAQ,tradable_ohlcv
2009-07-30,5030.0,5040.0,4970.0,5000.0,92804.0,464023465.0,67357500000.0,13471500,KOSDAQ,tradable_ohlcv
2009-07-31,5010.0,5010.0,4880.0,4900.0,212910.0,1050256490.0,66010350000.0,13471500,KOSDAQ,tradable_ohlcv
2009-08-03,4940.0,5160.0,4870.0,5160.0,234740.0,1184342485.0,69512940000.0,13471500,KOSDAQ,tradable_ohlcv
2009-08-04,5200.0,5260.0,5030.0,5090.0,172608.0,890583910.0,68569935000.0,13471500,KOSDAQ,tradable_ohlcv
2009-08-05,5080.0,5140.0,4995.0,5050.0,226220.0,1143320380.0,68031075000.0,13471500,KOSDAQ,tradable_ohlcv
2009-08-06,5100.0,5650.0,5060.0,5380.0,699298.0,3736961120.0,72476670000.0,13471500,KOSDAQ,tradable_ohlcv
2009-08-07,5410.0,5690.0,5330.0,5360.0,491869.0,2709374090.0,72207240000.0,13471500,KOSDAQ,tradable_ohlcv
2009-08-10,5420.0,5580.0,5290.0,5490.0,245871.0,1341656400.0,73958535000.0,13471500,KOSDAQ,tradable_ohlcv
2009-08-11,5550.0,5650.0,5490.0,5600.0,284978.0,1593664800.0,75440400000.0,13471500,KOSDAQ,tradable_ohlcv
2009-08-12,5550.0,5630.0,5200.0,5440.0,233853.0,1275760410.0,73284960000.0,13471500,KOSDAQ,tradable_ohlcv
2009-08-13,5510.0,5650.0,5410.0,5630.0,183473.0,1021956000.0,75844545000.0,13471500,KOSDAQ,tradable_ohlcv
2009-08-14,5630.0,5650.0,5500.0,5560.0,190339.0,1060866520.0,74901540000.0,13471500,KOSDAQ,tradable_ohlcv
2009-08-17,5570.0,5630.0,5180.0,5190.0,385365.0,2052025150.0,69917085000.0,13471500,KOSDAQ,tradable_ohlcv
2009-08-18,5090.0,5250.0,4850.0,4990.0,301226.0,1521677350.0,67222785000.0,13471500,KOSDAQ,tradable_ohlcv
2009-08-19,5050.0,5150.0,4850.0,4850.0,288122.0,1442719680.0,65336775000.0,13471500,KOSDAQ,tradable_ohlcv
2009-08-20,4895.0,4980.0,4870.0,4880.0,162839.0,799590610.0,65740920000.0,13471500,KOSDAQ,tradable_ohlcv
2009-08-21,4970.0,4990.0,4850.0,4860.0,128769.0,631263850.0,65471490000.0,13471500,KOSDAQ,tradable_ohlcv
2009-08-24,5010.0,5010.0,4890.0,4945.0,84920.0,418522290.0,66616567500.0,13471500,KOSDAQ,tradable_ohlcv
2009-08-25,4990.0,5030.0,4900.0,4960.0,92704.0,459270645.0,66818640000.0,13471500,KOSDAQ,tradable_ohlcv
2009-08-26,4995.0,5080.0,4960.0,5000.0,115443.0,579271005.0,67357500000.0,13471500,KOSDAQ,tradable_ohlcv
2009-08-27,5010.0,5090.0,4960.0,5010.0,95138.0,479790265.0,67492215000.0,13471500,KOSDAQ,tradable_ohlcv
2009-08-28,5010.0,5120.0,5010.0,5100.0,97497.0,494806670.0,68704650000.0,13471500,KOSDAQ,tradable_ohlcv
2009-08-31,5060.0,5200.0,5060.0,5200.0,188691.0,971023600.0,70051800000.0,13471500,KOSDAQ,tradable_ohlcv
2009-09-01,5200.0,5470.0,5120.0,5330.0,216329.0,1153614270.0,71803095000.0,13471500,KOSDAQ,tradable_ohlcv
2009-09-02,5260.0,5370.0,5210.0,5330.0,97629.0,517275150.0,71803095000.0,13471500,KOSDAQ,tradable_ohlcv
2009-09-03,5380.0,5380.0,5100.0,5200.0,121127.0,633870740.0,70051800000.0,13471500,KOSDAQ,tradable_ohlcv
2009-09-04,5210.0,5250.0,5020.0,5130.0,96179.0,491970820.0,69108795000.0,13471500,KOSDAQ,tradable_ohlcv
2009-09-07,5100.0,5260.0,5010.0,5170.0,94064.0,482415650.0,69647655000.0,13471500,KOSDAQ,tradable_ohlcv
2009-09-08,5170.0,5270.0,5060.0,5070.0,112005.0,576175330.0,68300505000.0,13471500,KOSDAQ,tradable_ohlcv
2009-09-09,5090.0,5170.0,4990.0,5060.0,140112.0,709877620.0,68165790000.0,13471500,KOSDAQ,tradable_ohlcv
2009-09-10,5100.0,5380.0,5100.0,5300.0,288855.0,1520697150.0,71398950000.0,13471500,KOSDAQ,tradable_ohlcv
2009-09-11,5370.0,5400.0,5200.0,5240.0,120273.0,633794820.0,70590660000.0,13471500,KOSDAQ,tradable_ohlcv
2009-09-14,5270.0,5500.0,5100.0,5410.0,239713.0,1285054410.0,72880815000.0,13471500,KOSDAQ,tradable_ohlcv
2009-09-15,5410.0,5480.0,5350.0,5390.0,127417.0,691098500.0,72611385000.0,13471500,KOSDAQ,tradable_ohlcv
2009-09-16,5400.0,5570.0,5360.0,5500.0,263807.0,1455443850.0,74093250000.0,13471500,KOSDAQ,tradable_ohlcv
2009-09-17,5540.0,5570.0,5260.0,5310.0,188415.0,1017353880.0,71533665000.0,13471500,KOSDAQ,tradable_ohlcv
2009-09-18,5270.0,5460.0,5270.0,5340.0,77184.0,414770340.0,71937810000.0,13471500,KOSDAQ,tradable_ohlcv
2009-09-21,5340.0,5400.0,5170.0,5260.0,114392.0,600598720.0,70860090000.0,13471500,KOSDAQ,tradable_ohlcv
2009-09-22,5240.0,5320.0,5150.0,5270.0,99139.0,518990520.0,70994805000.0,13471500,KOSDAQ,tradable_ohlcv
2009-09-23,5270.0,5340.0,5150.0,5190.0,86316.0,451706980.0,69917085000.0,13471500,KOSDAQ,tradable_ohlcv
2009-09-24,5190.0,5200.0,4920.0,4975.0,212793.0,1071619325.0,67020712500.0,13471500,KOSDAQ,tradable_ohlcv
2009-09-25,5080.0,5080.0,4715.0,4875.0,156533.0,760167125.0,65673562500.0,13471500,KOSDAQ,tradable_ohlcv
2009-09-28,4870.0,4875.0,4685.0,4750.0,220994.0,1049647355.0,63989625000.0,13471500,KOSDAQ,tradable_ohlcv
2009-09-29,4780.0,4870.0,4730.0,4750.0,87772.0,419268540.0,63989625000.0,13471500,KOSDAQ,tradable_ohlcv
2009-09-30,4730.0,4890.0,4700.0,4705.0,107430.0,512638550.0,63383407500.0,13471500,KOSDAQ,tradable_ohlcv
2009-10-01,4710.0,4800.0,4620.0,4680.0,90257.0,423089110.0,63046620000.0,13471500,KOSDAQ,tradable_ohlcv
2009-10-05,4640.0,4640.0,3985.0,4400.0,217555.0,964331860.0,59274600000.0,13471500,KOSDAQ,tradable_ohlcv
2009-10-06,4450.0,4550.0,4405.0,4485.0,136461.0,609430790.0,60419677500.0,13471500,KOSDAQ,tradable_ohlcv
2009-10-07,4490.0,4560.0,4460.0,4520.0,45148.0,203112550.0,60891180000.0,13471500,KOSDAQ,tradable_ohlcv
2009-10-08,4520.0,4630.0,4520.0,4610.0,42911.0,196555555.0,62103615000.0,13471500,KOSDAQ,tradable_ohlcv
2009-10-09,4520.0,4760.0,4520.0,4745.0,49225.0,229152830.0,63922267500.0,13471500,KOSDAQ,tradable_ohlcv
2009-10-12,4840.0,4840.0,4750.0,4810.0,39123.0,187466800.0,64797915000.0,13471500,KOSDAQ,tradable_ohlcv
2009-10-13,4840.0,4840.0,4620.0,4620.0,70789.0,330783550.0,62238330000.0,13471500,KOSDAQ,tradable_ohlcv
2009-10-14,4630.0,4720.0,4590.0,4630.0,52391.0,242520835.0,62373045000.0,13471500,KOSDAQ,tradable_ohlcv
2009-10-15,4655.0,4730.0,4615.0,4670.0,33534.0,156900500.0,62911905000.0,13471500,KOSDAQ,tradable_ohlcv
2009-10-16,4650.0,4700.0,4600.0,4630.0,39379.0,182888725.0,62373045000.0,13471500,KOSDAQ,tradable_ohlcv
2009-10-19,4600.0,4600.0,4475.0,4545.0,62636.0,283132875.0,61227967500.0,13471500,KOSDAQ,tradable_ohlcv
2009-10-20,4600.0,4615.0,4470.0,4550.0,97008.0,439736670.0,61295325000.0,13471500,KOSDAQ,tradable_ohlcv
2009-10-21,4520.0,4520.0,4410.0,4520.0,102436.0,456674315.0,60891180000.0,13471500,KOSDAQ,tradable_ohlcv
2009-10-22,4450.0,4520.0,4385.0,4410.0,75761.0,335645310.0,59409315000.0,13471500,KOSDAQ,tradable_ohlcv
2009-10-23,4430.0,4490.0,4350.0,4355.0,64591.0,284156015.0,58668382500.0,13471500,KOSDAQ,tradable_ohlcv
2009-10-26,4300.0,4355.0,4160.0,4200.0,123670.0,521112350.0,56580300000.0,13471500,KOSDAQ,tradable_ohlcv
2009-10-27,4150.0,4300.0,4135.0,4285.0,67973.0,288166995.0,57725377500.0,13471500,KOSDAQ,tradable_ohlcv
2009-10-28,4330.0,4330.0,4135.0,4160.0,66021.0,277151485.0,56041440000.0,13471500,KOSDAQ,tradable_ohlcv
2009-10-29,4130.0,4185.0,4000.0,4120.0,88704.0,358494035.0,55502580000.0,13471500,KOSDAQ,tradable_ohlcv
2009-10-30,4130.0,4350.0,4130.0,4290.0,106410.0,455472180.0,57792735000.0,13471500,KOSDAQ,tradable_ohlcv
2009-11-02,4100.0,4300.0,4100.0,4300.0,85880.0,362717695.0,57927450000.0,13471500,KOSDAQ,tradable_ohlcv
2009-11-03,4210.0,4520.0,4210.0,4500.0,90880.0,400015795.0,60621750000.0,13471500,KOSDAQ,tradable_ohlcv
2009-11-04,4400.0,4540.0,4400.0,4450.0,36365.0,162924640.0,59948175000.0,13471500,KOSDAQ,tradable_ohlcv
2009-11-05,4390.0,4515.0,4390.0,4495.0,52658.0,236083795.0,60554392500.0,13471500,KOSDAQ,tradable_ohlcv
2009-11-06,4510.0,4745.0,4465.0,4700.0,92575.0,425958625.0,63316050000.0,13471500,KOSDAQ,tradable_ohlcv
2009-11-09,4750.0,4835.0,4700.0,4730.0,106051.0,503313445.0,63720195000.0,13471500,KOSDAQ,tradable_ohlcv
2009-11-10,4710.0,4790.0,4575.0,4720.0,98100.0,456766820.0,63585480000.0,13471500,KOSDAQ,tradable_ohlcv
2009-11-11,4650.0,4855.0,4650.0,4810.0,106605.0,511874720.0,64797915000.0,13471500,KOSDAQ,tradable_ohlcv
2009-11-12,4760.0,4860.0,4760.0,4820.0,81421.0,390624130.0,64932630000.0,13471500,KOSDAQ,tradable_ohlcv
2009-11-13,4785.0,4905.0,4780.0,4880.0,109580.0,534145700.0,65740920000.0,13471500,KOSDAQ,tradable_ohlcv
2009-11-16,4900.0,4935.0,4830.0,4880.0,123274.0,604072170.0,65740920000.0,13471500,KOSDAQ,tradable_ohlcv
2009-11-17,4950.0,4950.0,4820.0,4830.0,56974.0,277658695.0,65067345000.0,13471500,KOSDAQ,tradable_ohlcv
2009-11-18,4730.0,4905.0,4730.0,4740.0,52103.0,251152775.0,63854910000.0,13471500,KOSDAQ,tradable_ohlcv
2009-11-19,4700.0,4785.0,4600.0,4735.0,74614.0,349883640.0,63787552500.0,13471500,KOSDAQ,tradable_ohlcv
2009-11-20,4740.0,4840.0,4730.0,4770.0,68538.0,327544395.0,64259055000.0,13471500,KOSDAQ,tradable_ohlcv
2009-11-23,4730.0,4840.0,4730.0,4745.0,38995.0,185904860.0,63922267500.0,13471500,KOSDAQ,tradable_ohlcv
2009-11-24,4750.0,4800.0,4680.0,4710.0,28362.0,133656765.0,63450765000.0,13471500,KOSDAQ,tradable_ohlcv
2009-11-25,4670.0,4780.0,4670.0,4770.0,30125.0,142830595.0,64259055000.0,13471500,KOSDAQ,tradable_ohlcv
2009-11-26,4720.0,4810.0,4720.0,4730.0,19401.0,91983705.0,63720195000.0,13471500,KOSDAQ,tradable_ohlcv
2009-11-27,4680.0,5130.0,4630.0,4850.0,306882.0,1511185140.0,65336775000.0,13471500,KOSDAQ,tradable_ohlcv
2009-11-30,4930.0,5120.0,4930.0,4990.0,216435.0,1087297710.0,67222785000.0,13471500,KOSDAQ,tradable_ohlcv
2009-12-01,4960.0,5040.0,4245.0,4845.0,126030.0,615733505.0,65269417500.0,13471500,KOSDAQ,tradable_ohlcv
2009-12-02,4860.0,4940.0,4770.0,4820.0,64545.0,311118335.0,64932630000.0,13471500,KOSDAQ,tradable_ohlcv
2009-12-03,4900.0,4900.0,4650.0,4765.0,85403.0,404081755.0,64191697500.0,13471500,KOSDAQ,tradable_ohlcv
2009-12-04,4700.0,4825.0,4700.0,4760.0,62911.0,300150170.0,64124340000.0,13471500,KOSDAQ,tradable_ohlcv
2009-12-07,4760.0,4830.0,4700.0,4700.0,77470.0,368856245.0,63316050000.0,13471500,KOSDAQ,tradable_ohlcv
2009-12-08,4700.0,4750.0,4665.0,4665.0,60022.0,282116145.0,62844547500.0,13471500,KOSDAQ,tradable_ohlcv
2009-12-09,4660.0,4745.0,4600.0,4690.0,32451.0,152496940.0,63181335000.0,13471500,KOSDAQ,tradable_ohlcv
2009-12-10,4700.0,4720.0,4630.0,4705.0,46779.0,218797970.0,63383407500.0,13471500,KOSDAQ,tradable_ohlcv
2009-12-11,4710.0,4790.0,4700.0,4755.0,36082.0,170937630.0,64056982500.0,13471500,KOSDAQ,tradable_ohlcv
2009-12-14,4735.0,4840.0,4735.0,4835.0,53380.0,255098455.0,65134702500.0,13471500,KOSDAQ,tradable_ohlcv
2009-12-15,4850.0,4955.0,4835.0,4935.0,72351.0,354459445.0,66481852500.0,13471500,KOSDAQ,tradable_ohlcv
2009-12-16,4950.0,4950.0,4820.0,4870.0,65886.0,319790975.0,65606205000.0,13471500,KOSDAQ,tradable_ohlcv
2009-12-17,4800.0,4930.0,4800.0,4910.0,79073.0,386096250.0,66145065000.0,13471500,KOSDAQ,tradable_ohlcv
2009-12-18,4930.0,5100.0,4910.0,4910.0,335390.0,1676383540.0,66145065000.0,13471500,KOSDAQ,tradable_ohlcv
2009-12-21,4920.0,5160.0,4915.0,5100.0,230562.0,1165413030.0,68704650000.0,13471500,KOSDAQ,tradable_ohlcv
2009-12-22,5100.0,5130.0,4950.0,5020.0,84125.0,421120835.0,67626930000.0,13471500,KOSDAQ,tradable_ohlcv
2009-12-23,5030.0,5060.0,4885.0,4930.0,82263.0,405313530.0,66414495000.0,13471500,KOSDAQ,tradable_ohlcv
2009-12-24,4960.0,4990.0,4860.0,4900.0,37348.0,183462285.0,66010350000.0,13471500,KOSDAQ,tradable_ohlcv
2009-12-28,5080.0,5600.0,5040.0,5200.0,1033751.0,5538086690.0,70051800000.0,13471500,KOSDAQ,tradable_ohlcv
2009-12-29,5200.0,5200.0,4925.0,4960.0,146292.0,730222865.0,66818640000.0,13471500,KOSDAQ,tradable_ohlcv
2009-12-30,4940.0,5070.0,4940.0,5050.0,65825.0,329435780.0,68031075000.0,13471500,KOSDAQ,tradable_ohlcv
