d,o,h,l,c,v,a,mc,s,m,rs
2016-01-04,781.0,790.0,760.0,770.0,649038.0,501751301.0,129521373520.0,168209576,KOSDAQ,tradable_ohlcv
2016-01-05,761.0,769.0,738.0,744.0,1145908.0,856232872.0,125147924544.0,168209576,KOSDAQ,tradable_ohlcv
2016-01-06,749.0,784.0,741.0,752.0,770910.0,583941363.0,126493601152.0,168209576,KOSDAQ,tradable_ohlcv
2016-01-07,752.0,753.0,711.0,718.0,851142.0,623844195.0,120774475568.0,168209576,KOSDAQ,tradable_ohlcv
2016-01-08,702.0,729.0,692.0,727.0,632385.0,446256756.0,122288361752.0,168209576,KOSDAQ,tradable_ohlcv
2016-01-11,728.0,741.0,708.0,732.0,463489.0,337568655.0,123129409632.0,168209576,KOSDAQ,tradable_ohlcv
2016-01-12,726.0,738.0,715.0,732.0,190159.0,137912063.0,123129409632.0,168209576,KOSDAQ,tradable_ohlcv
2016-01-13,733.0,745.0,723.0,738.0,276600.0,203554584.0,124138667088.0,168209576,KOSDAQ,tradable_ohlcv
2016-01-14,732.0,732.0,716.0,724.0,342031.0,247010040.0,121783733024.0,168209576,KOSDAQ,tradable_ohlcv
2016-01-15,725.0,731.0,704.0,722.0,384216.0,274378499.0,121447313872.0,168209576,KOSDAQ,tradable_ohlcv
2016-01-18,715.0,715.0,696.0,703.0,610889.0,444910579.0,118251331928.0,168209576,KOSDAQ,tradable_ohlcv
2016-01-19,763.0,804.0,719.0,719.0,2841188.0,2149038679.0,120942685144.0,168209576,KOSDAQ,tradable_ohlcv
2016-01-20,720.0,725.0,686.0,695.0,796682.0,557874544.0,116905655320.0,168209576,KOSDAQ,tradable_ohlcv
2016-01-21,695.0,705.0,680.0,694.0,305350.0,210886209.0,116737445744.0,168209576,KOSDAQ,tradable_ohlcv
2016-01-22,692.0,702.0,687.0,694.0,251977.0,174996319.0,116737445744.0,168209576,KOSDAQ,tradable_ohlcv
2016-01-25,703.0,715.0,695.0,700.0,239813.0,169143734.0,117746703200.0,168209576,KOSDAQ,tradable_ohlcv
2016-01-26,700.0,715.0,692.0,704.0,238026.0,167992888.0,118419541504.0,168209576,KOSDAQ,tradable_ohlcv
2016-01-27,721.0,721.0,698.0,702.0,234931.0,165305029.0,118083122352.0,168209576,KOSDAQ,tradable_ohlcv
2016-01-28,701.0,708.0,695.0,708.0,145356.0,101952836.0,119092379808.0,168209576,KOSDAQ,tradable_ohlcv
2016-01-29,703.0,710.0,696.0,703.0,213051.0,149217902.0,118251331928.0,168209576,KOSDAQ,tradable_ohlcv
2016-02-01,705.0,711.0,702.0,704.0,207620.0,146494149.0,118419541504.0,168209576,KOSDAQ,tradable_ohlcv
2016-02-02,704.0,708.0,696.0,698.0,155096.0,108666009.0,117410284048.0,168209576,KOSDAQ,tradable_ohlcv
2016-02-03,698.0,698.0,686.0,686.0,326861.0,225354755.0,115391769136.0,168209576,KOSDAQ,tradable_ohlcv
2016-02-04,686.0,710.0,680.0,709.0,237006.0,165084324.0,119260589384.0,168209576,KOSDAQ,tradable_ohlcv
2016-02-05,712.0,715.0,705.0,711.0,228118.0,161811075.0,119597008536.0,168209576,KOSDAQ,tradable_ohlcv
2016-02-11,696.0,706.0,684.0,706.0,314078.0,217665900.0,118755960656.0,168209576,KOSDAQ,tradable_ohlcv
2016-02-12,700.0,704.0,671.0,680.0,475582.0,326072342.0,114382511680.0,168209576,KOSDAQ,tradable_ohlcv
2016-02-15,680.0,700.0,674.0,689.0,150363.0,102979926.0,115896397864.0,168209576,KOSDAQ,tradable_ohlcv
2016-02-16,693.0,705.0,689.0,705.0,174225.0,122040142.0,118587751080.0,168209576,KOSDAQ,tradable_ohlcv
2016-02-17,705.0,709.0,698.0,704.0,161565.0,113544143.0,118419541504.0,168209576,KOSDAQ,tradable_ohlcv
2016-02-18,709.0,710.0,700.0,701.0,211445.0,148781569.0,117914912776.0,168209576,KOSDAQ,tradable_ohlcv
2016-02-19,705.0,705.0,696.0,702.0,90151.0,63129764.0,118083122352.0,168209576,KOSDAQ,tradable_ohlcv
2016-02-22,708.0,709.0,696.0,702.0,155162.0,108729639.0,118083122352.0,168209576,KOSDAQ,tradable_ohlcv
2016-02-23,705.0,726.0,702.0,722.0,520941.0,371917633.0,121447313872.0,168209576,KOSDAQ,tradable_ohlcv
2016-02-24,722.0,743.0,718.0,729.0,505566.0,368133318.0,122624780904.0,168209576,KOSDAQ,tradable_ohlcv
2016-02-25,729.0,763.0,721.0,753.0,924236.0,689024084.0,126661810728.0,168209576,KOSDAQ,tradable_ohlcv
2016-02-26,760.0,793.0,759.0,790.0,1773155.0,1379172687.0,132885565040.0,168209576,KOSDAQ,tradable_ohlcv
2016-02-29,806.0,814.0,748.0,750.0,1758069.0,1354078650.0,126157182000.0,168209576,KOSDAQ,tradable_ohlcv
2016-03-02,755.0,755.0,739.0,747.0,385632.0,287012565.0,125652553272.0,168209576,KOSDAQ,tradable_ohlcv
2016-03-03,747.0,763.0,744.0,761.0,353380.0,266110624.0,128007487336.0,168209576,KOSDAQ,tradable_ohlcv
2016-03-04,755.0,766.0,750.0,761.0,244384.0,185412774.0,128007487336.0,168209576,KOSDAQ,tradable_ohlcv
2016-03-07,761.0,777.0,759.0,768.0,445877.0,342150518.0,129184954368.0,168209576,KOSDAQ,tradable_ohlcv
2016-03-08,768.0,777.0,753.0,763.0,177216.0,134684292.0,128343906488.0,168209576,KOSDAQ,tradable_ohlcv
2016-03-09,763.0,763.0,745.0,749.0,220484.0,165650097.0,125988972424.0,168209576,KOSDAQ,tradable_ohlcv
2016-03-10,746.0,758.0,743.0,745.0,151940.0,113734267.0,125316134120.0,168209576,KOSDAQ,tradable_ohlcv
2016-03-11,745.0,793.0,742.0,779.0,732292.0,564719615.0,131035259704.0,168209576,KOSDAQ,tradable_ohlcv
2016-03-14,791.0,791.0,766.0,766.0,607562.0,473162319.0,128848535216.0,168209576,KOSDAQ,tradable_ohlcv
2016-03-15,766.0,780.0,765.0,777.0,215912.0,166560876.0,130698840552.0,168209576,KOSDAQ,tradable_ohlcv
2016-03-16,784.0,815.0,772.0,780.0,1933408.0,1532461189.0,131203469280.0,168209576,KOSDAQ,tradable_ohlcv
2016-03-17,780.0,791.0,768.0,777.0,485906.0,377262038.0,130698840552.0,168209576,KOSDAQ,tradable_ohlcv
2016-03-18,777.0,789.0,772.0,785.0,514332.0,401104950.0,132044517160.0,168209576,KOSDAQ,tradable_ohlcv
2016-03-21,789.0,838.0,787.0,812.0,2093286.0,1706164891.0,136586175712.0,168209576,KOSDAQ,tradable_ohlcv
2016-03-22,815.0,836.0,807.0,816.0,924699.0,754200821.0,137259014016.0,168209576,KOSDAQ,tradable_ohlcv
2016-03-23,810.0,832.0,804.0,824.0,846134.0,694396113.0,138604690624.0,168209576,KOSDAQ,tradable_ohlcv
2016-03-24,825.0,834.0,802.0,820.0,748688.0,611679771.0,137931852320.0,168209576,KOSDAQ,tradable_ohlcv
2016-03-25,828.0,829.0,807.0,807.0,535403.0,434716551.0,135745127832.0,168209576,KOSDAQ,tradable_ohlcv
2016-03-28,808.0,815.0,799.0,809.0,384647.0,309737696.0,136081546984.0,168209576,KOSDAQ,tradable_ohlcv
2016-03-29,812.0,812.0,797.0,806.0,462929.0,371217598.0,135576918256.0,168209576,KOSDAQ,tradable_ohlcv
2016-03-30,803.0,812.0,801.0,801.0,249860.0,200963696.0,134735870376.0,168209576,KOSDAQ,tradable_ohlcv
2016-03-31,803.0,820.0,799.0,814.0,450771.0,365837242.0,136922594864.0,168209576,KOSDAQ,tradable_ohlcv
2016-04-01,826.0,865.0,805.0,807.0,2510958.0,2079180914.0,135745127832.0,168209576,KOSDAQ,tradable_ohlcv
2016-04-04,805.0,819.0,804.0,805.0,315580.0,254902497.0,135408708680.0,168209576,KOSDAQ,tradable_ohlcv
2016-04-05,811.0,811.0,795.0,802.0,496918.0,396950849.0,134904079952.0,168209576,KOSDAQ,tradable_ohlcv
2016-04-06,801.0,804.0,781.0,782.0,668745.0,528950467.0,131539888432.0,168209576,KOSDAQ,tradable_ohlcv
2016-04-07,780.0,782.0,763.0,774.0,646108.0,497611049.0,130194211824.0,168209576,KOSDAQ,tradable_ohlcv
2016-04-08,773.0,794.0,764.0,785.0,537528.0,419685882.0,132044517160.0,168209576,KOSDAQ,tradable_ohlcv
2016-04-11,783.0,795.0,773.0,791.0,200067.0,157495741.0,133053774616.0,168209576,KOSDAQ,tradable_ohlcv
2016-04-12,794.0,795.0,786.0,794.0,331583.0,262313847.0,133558403344.0,168209576,KOSDAQ,tradable_ohlcv
2016-04-14,793.0,801.0,789.0,794.0,209667.0,166632408.0,133558403344.0,168209576,KOSDAQ,tradable_ohlcv
2016-04-15,792.0,799.0,786.0,795.0,233574.0,184933674.0,133726612920.0,168209576,KOSDAQ,tradable_ohlcv
2016-04-18,798.0,800.0,777.0,789.0,437122.0,344707062.0,132717355464.0,168209576,KOSDAQ,tradable_ohlcv
2016-04-19,789.0,805.0,780.0,792.0,258706.0,205357363.0,133221984192.0,168209576,KOSDAQ,tradable_ohlcv
2016-04-20,797.0,798.0,788.0,791.0,244193.0,193178478.0,133053774616.0,168209576,KOSDAQ,tradable_ohlcv
2016-04-21,794.0,799.0,790.0,799.0,294388.0,234368276.0,134399451224.0,168209576,KOSDAQ,tradable_ohlcv
2016-04-22,798.0,819.0,798.0,816.0,570704.0,463266788.0,137259014016.0,168209576,KOSDAQ,tradable_ohlcv
2016-04-25,820.0,830.0,813.0,821.0,427121.0,349645370.0,138100061896.0,168209576,KOSDAQ,tradable_ohlcv
2016-04-26,821.0,827.0,807.0,827.0,398559.0,324896441.0,139109319352.0,168209576,KOSDAQ,tradable_ohlcv
2016-04-27,833.0,833.0,816.0,817.0,206987.0,169875015.0,137427223592.0,168209576,KOSDAQ,tradable_ohlcv
2016-04-28,815.0,824.0,814.0,817.0,323806.0,264600443.0,137427223592.0,168209576,KOSDAQ,tradable_ohlcv
2016-04-29,811.0,821.0,801.0,818.0,311131.0,251681496.0,137595433168.0,168209576,KOSDAQ,tradable_ohlcv
2016-05-02,814.0,820.0,803.0,809.0,185628.0,150267340.0,136081546984.0,168209576,KOSDAQ,tradable_ohlcv
2016-05-03,808.0,816.0,800.0,807.0,219098.0,176171501.0,135745127832.0,168209576,KOSDAQ,tradable_ohlcv
2016-05-04,806.0,809.0,799.0,805.0,126357.0,101639132.0,135408708680.0,168209576,KOSDAQ,tradable_ohlcv
2016-05-09,806.0,809.0,792.0,792.0,178369.0,142320370.0,133221984192.0,168209576,KOSDAQ,tradable_ohlcv
2016-05-10,783.0,797.0,783.0,794.0,98193.0,77430885.0,133558403344.0,168209576,KOSDAQ,tradable_ohlcv
2016-05-11,793.0,804.0,792.0,800.0,157467.0,125413401.0,134567660800.0,168209576,KOSDAQ,tradable_ohlcv
2016-05-12,803.0,808.0,796.0,802.0,107351.0,85889143.0,134904079952.0,168209576,KOSDAQ,tradable_ohlcv
2016-05-13,803.0,803.0,791.0,803.0,169488.0,135238983.0,135072289528.0,168209576,KOSDAQ,tradable_ohlcv
2016-05-16,809.0,809.0,796.0,801.0,250084.0,200107328.0,134735870376.0,168209576,KOSDAQ,tradable_ohlcv
2016-05-17,805.0,827.0,805.0,825.0,562948.0,459783162.0,138772900200.0,168209576,KOSDAQ,tradable_ohlcv
2016-05-18,826.0,826.0,808.0,818.0,300565.0,244909772.0,137595433168.0,168209576,KOSDAQ,tradable_ohlcv
2016-05-19,820.0,858.0,810.0,815.0,731715.0,606375079.0,137090804440.0,168209576,KOSDAQ,tradable_ohlcv
2016-05-20,816.0,831.0,809.0,818.0,247589.0,202526805.0,137595433168.0,168209576,KOSDAQ,tradable_ohlcv
2016-05-23,821.0,850.0,817.0,846.0,856121.0,717389315.0,142305301296.0,168209576,KOSDAQ,tradable_ohlcv
2016-05-24,845.0,858.0,823.0,833.0,709883.0,597521086.0,140118576808.0,168209576,KOSDAQ,tradable_ohlcv
2016-05-25,844.0,844.0,827.0,836.0,329134.0,275307813.0,140623205536.0,168209576,KOSDAQ,tradable_ohlcv
2016-05-26,841.0,844.0,824.0,827.0,429770.0,356569247.0,139109319352.0,168209576,KOSDAQ,tradable_ohlcv
2016-05-27,827.0,839.0,820.0,820.0,428519.0,353710369.0,137931852320.0,168209576,KOSDAQ,tradable_ohlcv
2016-05-30,820.0,843.0,820.0,832.0,511951.0,427475185.0,139950367232.0,168209576,KOSDAQ,tradable_ohlcv
2016-05-31,840.0,861.0,829.0,850.0,977953.0,830237562.0,142978139600.0,168209576,KOSDAQ,tradable_ohlcv
2016-06-01,850.0,900.0,843.0,894.0,1385513.0,1209960006.0,150379360944.0,168209576,KOSDAQ,tradable_ohlcv
2016-06-02,915.0,940.0,877.0,880.0,1051949.0,942954991.0,148024426880.0,168209576,KOSDAQ,tradable_ohlcv
2016-06-03,881.0,896.0,868.0,896.0,525090.0,465333025.0,150715780096.0,168209576,KOSDAQ,tradable_ohlcv
2016-06-07,895.0,930.0,893.0,909.0,664316.0,601852583.0,152902504584.0,168209576,KOSDAQ,tradable_ohlcv
2016-06-08,927.0,927.0,898.0,909.0,474559.0,429729305.0,152902504584.0,168209576,KOSDAQ,tradable_ohlcv
2016-06-09,908.0,908.0,858.0,858.0,1565459.0,1374424495.0,144323816208.0,168209576,KOSDAQ,tradable_ohlcv
2016-06-10,860.0,895.0,860.0,890.0,489522.0,432480962.0,149706522640.0,168209576,KOSDAQ,tradable_ohlcv
2016-06-13,896.0,924.0,896.0,911.0,654612.0,594204193.0,153238923736.0,168209576,KOSDAQ,tradable_ohlcv
2016-06-14,914.0,915.0,865.0,900.0,807005.0,714712579.0,151388618400.0,168209576,KOSDAQ,tradable_ohlcv
2016-06-15,900.0,904.0,877.0,886.0,206818.0,183582008.0,149033684336.0,168209576,KOSDAQ,tradable_ohlcv
2016-06-16,895.0,895.0,856.0,857.0,534542.0,462937333.0,144155606632.0,168209576,KOSDAQ,tradable_ohlcv
2016-06-17,855.0,882.0,855.0,871.0,353129.0,308330760.0,146510540696.0,168209576,KOSDAQ,tradable_ohlcv
2016-06-20,880.0,923.0,872.0,909.0,708801.0,637767572.0,152902504584.0,168209576,KOSDAQ,tradable_ohlcv
2016-06-21,919.0,920.0,888.0,911.0,505776.0,455039960.0,153238923736.0,168209576,KOSDAQ,tradable_ohlcv
2016-06-22,911.0,986.0,903.0,953.0,2445388.0,2299561757.0,160303725928.0,168209576,KOSDAQ,tradable_ohlcv
2016-06-23,965.0,968.0,912.0,931.0,788453.0,737875467.0,156603115256.0,168209576,KOSDAQ,tradable_ohlcv
2016-06-24,931.0,934.0,829.0,839.0,2297466.0,1994658674.0,141127834264.0,168209576,KOSDAQ,tradable_ohlcv
2016-06-27,796.0,848.0,796.0,836.0,849886.0,699234258.0,140623205536.0,168209576,KOSDAQ,tradable_ohlcv
2016-06-28,836.0,860.0,820.0,858.0,476958.0,400259574.0,144323816208.0,168209576,KOSDAQ,tradable_ohlcv
2016-06-29,860.0,886.0,860.0,870.0,413426.0,362678694.0,146342331120.0,168209576,KOSDAQ,tradable_ohlcv
2016-06-30,879.0,895.0,870.0,876.0,447732.0,394758804.0,147351588576.0,168209576,KOSDAQ,tradable_ohlcv
2016-07-01,876.0,900.0,876.0,898.0,497794.0,443999271.0,151052199248.0,168209576,KOSDAQ,tradable_ohlcv
2016-07-04,901.0,967.0,880.0,948.0,2212277.0,2075789325.0,159462678048.0,168209576,KOSDAQ,tradable_ohlcv
2016-07-05,969.0,969.0,936.0,956.0,728442.0,692355583.0,160808354656.0,168209576,KOSDAQ,tradable_ohlcv
2016-07-06,956.0,960.0,920.0,949.0,1121132.0,1052962046.0,159630887624.0,168209576,KOSDAQ,tradable_ohlcv
2016-07-07,951.0,958.0,935.0,952.0,313528.0,297131557.0,160135516352.0,168209576,KOSDAQ,tradable_ohlcv
2016-07-08,953.0,959.0,935.0,935.0,412895.0,389814700.0,157275953560.0,168209576,KOSDAQ,tradable_ohlcv
2016-07-11,940.0,959.0,932.0,950.0,352757.0,333375113.0,159799097200.0,168209576,KOSDAQ,tradable_ohlcv
2016-07-12,950.0,957.0,935.0,957.0,311421.0,294295043.0,160976564232.0,168209576,KOSDAQ,tradable_ohlcv
2016-07-13,957.0,961.0,940.0,942.0,485494.0,460873337.0,158453420592.0,168209576,KOSDAQ,tradable_ohlcv
2016-07-14,942.0,945.0,915.0,921.0,841938.0,776207275.0,154921019496.0,168209576,KOSDAQ,tradable_ohlcv
2016-07-15,921.0,936.0,916.0,927.0,332962.0,307660521.0,155930276952.0,168209576,KOSDAQ,tradable_ohlcv
2016-07-18,930.0,941.0,921.0,939.0,276158.0,257322398.0,157948791864.0,168209576,KOSDAQ,tradable_ohlcv
2016-07-19,942.0,942.0,922.0,928.0,164639.0,152660156.0,156098486528.0,168209576,KOSDAQ,tradable_ohlcv
2016-07-20,931.0,931.0,907.0,912.0,283938.0,259537679.0,153407133312.0,168209576,KOSDAQ,tradable_ohlcv
2016-07-21,906.0,922.0,899.0,915.0,605210.0,548323834.0,153911762040.0,168209576,KOSDAQ,tradable_ohlcv
2016-07-22,914.0,918.0,902.0,916.0,220077.0,199855206.0,154079971616.0,168209576,KOSDAQ,tradable_ohlcv
2016-07-25,906.0,919.0,906.0,913.0,237195.0,216029957.0,153575342888.0,168209576,KOSDAQ,tradable_ohlcv
2016-07-26,913.0,920.0,908.0,913.0,327134.0,298013240.0,153575342888.0,168209576,KOSDAQ,tradable_ohlcv
2016-07-27,915.0,916.0,901.0,905.0,284408.0,257710777.0,152229666280.0,168209576,KOSDAQ,tradable_ohlcv
2016-07-28,911.0,916.0,905.0,914.0,176132.0,160282788.0,153743552464.0,168209576,KOSDAQ,tradable_ohlcv
2016-07-29,914.0,925.0,907.0,924.0,192475.0,176125688.0,155425648224.0,168209576,KOSDAQ,tradable_ohlcv
2016-08-01,924.0,931.0,920.0,924.0,220088.0,203879317.0,155425648224.0,168209576,KOSDAQ,tradable_ohlcv
2016-08-02,928.0,932.0,909.0,916.0,128215.0,117519702.0,154079971616.0,168209576,KOSDAQ,tradable_ohlcv
2016-08-03,920.0,920.0,887.0,887.0,285735.0,256493230.0,149201893912.0,168209576,KOSDAQ,tradable_ohlcv
2016-08-04,891.0,907.0,885.0,897.0,197021.0,176308187.0,150883989672.0,168209576,KOSDAQ,tradable_ohlcv
2016-08-05,898.0,915.0,895.0,900.0,132963.0,120193951.0,151388618400.0,168209576,KOSDAQ,tradable_ohlcv
2016-08-08,910.0,910.0,891.0,892.0,107456.0,96348702.0,150042941792.0,168209576,KOSDAQ,tradable_ohlcv
2016-08-09,903.0,903.0,870.0,882.0,168156.0,148674432.0,148360846032.0,168209576,KOSDAQ,tradable_ohlcv
2016-08-10,888.0,888.0,864.0,875.0,177147.0,154369103.0,147183379000.0,168209576,KOSDAQ,tradable_ohlcv
2016-08-11,866.0,875.0,865.0,867.0,228945.0,198570933.0,145837702392.0,168209576,KOSDAQ,tradable_ohlcv
2016-08-12,880.0,900.0,871.0,885.0,179485.0,159156488.0,148865474760.0,168209576,KOSDAQ,tradable_ohlcv
2016-08-16,890.0,892.0,878.0,882.0,209106.0,184968666.0,148360846032.0,168209576,KOSDAQ,tradable_ohlcv
2016-08-17,888.0,888.0,863.0,870.0,194313.0,169212205.0,146342331120.0,168209576,KOSDAQ,tradable_ohlcv
2016-08-18,872.0,875.0,862.0,864.0,134564.0,116730925.0,145333073664.0,168209576,KOSDAQ,tradable_ohlcv
2016-08-19,864.0,873.0,860.0,867.0,213096.0,184253404.0,145837702392.0,168209576,KOSDAQ,tradable_ohlcv
2016-08-22,867.0,870.0,842.0,849.0,235172.0,200668728.0,142809930024.0,168209576,KOSDAQ,tradable_ohlcv
2016-08-23,855.0,856.0,831.0,833.0,241001.0,201800850.0,140118576808.0,168209576,KOSDAQ,tradable_ohlcv
2016-08-24,831.0,840.0,818.0,818.0,234554.0,193843813.0,137595433168.0,168209576,KOSDAQ,tradable_ohlcv
2016-08-25,819.0,823.0,815.0,820.0,159480.0,130592324.0,137931852320.0,168209576,KOSDAQ,tradable_ohlcv
2016-08-26,820.0,824.0,813.0,816.0,129841.0,105944907.0,137259014016.0,168209576,KOSDAQ,tradable_ohlcv
2016-08-29,812.0,819.0,798.0,800.0,250303.0,201498608.0,134567660800.0,168209576,KOSDAQ,tradable_ohlcv
2016-08-30,800.0,821.0,800.0,808.0,107400.0,86888275.0,135913337408.0,168209576,KOSDAQ,tradable_ohlcv
2016-08-31,814.0,823.0,804.0,817.0,182437.0,148934492.0,137427223592.0,168209576,KOSDAQ,tradable_ohlcv
2016-09-01,817.0,824.0,816.0,823.0,119901.0,98304477.0,138436481048.0,168209576,KOSDAQ,tradable_ohlcv
2016-09-02,823.0,830.0,814.0,824.0,158114.0,129518019.0,138604690624.0,168209576,KOSDAQ,tradable_ohlcv
2016-09-05,825.0,827.0,814.0,824.0,159499.0,130858325.0,138604690624.0,168209576,KOSDAQ,tradable_ohlcv
2016-09-06,824.0,831.0,816.0,817.0,152652.0,125019342.0,137427223592.0,168209576,KOSDAQ,tradable_ohlcv
2016-09-07,814.0,822.0,814.0,821.0,107187.0,87652921.0,138100061896.0,168209576,KOSDAQ,tradable_ohlcv
2016-09-08,821.0,822.0,800.0,808.0,159172.0,129025189.0,135913337408.0,168209576,KOSDAQ,tradable_ohlcv
2016-09-09,810.0,820.0,800.0,810.0,136196.0,109471889.0,136249756560.0,168209576,KOSDAQ,tradable_ohlcv
2016-09-12,809.0,809.0,799.0,806.0,122216.0,98062080.0,135576918256.0,168209576,KOSDAQ,tradable_ohlcv
2016-09-13,806.0,813.0,802.0,813.0,107732.0,87211144.0,136754385288.0,168209576,KOSDAQ,tradable_ohlcv
2016-09-19,813.0,814.0,800.0,813.0,234676.0,189798560.0,136754385288.0,168209576,KOSDAQ,tradable_ohlcv
2016-09-20,813.0,818.0,804.0,818.0,131156.0,106460554.0,137595433168.0,168209576,KOSDAQ,tradable_ohlcv
2016-09-21,818.0,828.0,809.0,824.0,188662.0,154606007.0,138604690624.0,168209576,KOSDAQ,tradable_ohlcv
2016-09-22,823.0,827.0,819.0,820.0,173330.0,142454586.0,137931852320.0,168209576,KOSDAQ,tradable_ohlcv
2016-09-23,820.0,825.0,811.0,822.0,210459.0,171913385.0,138268271472.0,168209576,KOSDAQ,tradable_ohlcv
2016-09-26,825.0,825.0,815.0,816.0,170846.0,139634002.0,137259014016.0,168209576,KOSDAQ,tradable_ohlcv
2016-09-27,815.0,816.0,807.0,812.0,154923.0,125642200.0,136586175712.0,168209576,KOSDAQ,tradable_ohlcv
2016-09-28,813.0,817.0,808.0,810.0,75217.0,61041442.0,136249756560.0,168209576,KOSDAQ,tradable_ohlcv
2016-09-29,811.0,831.0,810.0,827.0,125704.0,102839041.0,139109319352.0,168209576,KOSDAQ,tradable_ohlcv
2016-09-30,826.0,826.0,817.0,817.0,119511.0,97856816.0,137427223592.0,168209576,KOSDAQ,tradable_ohlcv
2016-10-04,823.0,828.0,816.0,819.0,69407.0,56821251.0,137763642744.0,168209576,KOSDAQ,tradable_ohlcv
2016-10-05,822.0,822.0,814.0,817.0,76961.0,62831018.0,137427223592.0,168209576,KOSDAQ,tradable_ohlcv
2016-10-06,817.0,823.0,815.0,820.0,161510.0,132103648.0,137931852320.0,168209576,KOSDAQ,tradable_ohlcv
2016-10-07,822.0,823.0,817.0,819.0,248201.0,203331592.0,137763642744.0,168209576,KOSDAQ,tradable_ohlcv
2016-10-10,815.0,820.0,808.0,809.0,174139.0,141467533.0,136081546984.0,168209576,KOSDAQ,tradable_ohlcv
2016-10-11,815.0,815.0,807.0,810.0,73658.0,59689694.0,136249756560.0,168209576,KOSDAQ,tradable_ohlcv
2016-10-12,806.0,837.0,805.0,831.0,434839.0,359402817.0,139782157656.0,168209576,KOSDAQ,tradable_ohlcv
2016-10-13,833.0,834.0,817.0,829.0,146344.0,120320144.0,139445738504.0,168209576,KOSDAQ,tradable_ohlcv
2016-10-14,829.0,837.0,810.0,826.0,99155.0,81030129.0,138941109776.0,168209576,KOSDAQ,tradable_ohlcv
2016-10-17,826.0,827.0,815.0,816.0,91512.0,74931709.0,137259014016.0,168209576,KOSDAQ,tradable_ohlcv
2016-10-18,813.0,825.0,812.0,821.0,71525.0,58691076.0,138100061896.0,168209576,KOSDAQ,tradable_ohlcv
2016-10-19,821.0,824.0,815.0,816.0,71471.0,58464952.0,137259014016.0,168209576,KOSDAQ,tradable_ohlcv
2016-10-20,816.0,822.0,813.0,819.0,67595.0,55096181.0,137763642744.0,168209576,KOSDAQ,tradable_ohlcv
2016-10-21,819.0,823.0,812.0,819.0,63903.0,51974366.0,137763642744.0,168209576,KOSDAQ,tradable_ohlcv
2016-10-24,817.0,823.0,811.0,820.0,88747.0,72381739.0,137931852320.0,168209576,KOSDAQ,tradable_ohlcv
2016-10-25,820.0,821.0,807.0,810.0,115744.0,93929873.0,136249756560.0,168209576,KOSDAQ,tradable_ohlcv
2016-10-26,818.0,818.0,792.0,802.0,191914.0,154269156.0,134904079952.0,168209576,KOSDAQ,tradable_ohlcv
2016-10-27,780.0,798.0,762.0,772.0,665676.0,518042632.0,129857792672.0,168209576,KOSDAQ,tradable_ohlcv
2016-10-28,777.0,777.0,750.0,750.0,314245.0,239281354.0,126157182000.0,168209576,KOSDAQ,tradable_ohlcv
2016-10-31,750.0,760.0,741.0,745.0,150521.0,112560330.0,125316134120.0,168209576,KOSDAQ,tradable_ohlcv
2016-11-01,753.0,762.0,744.0,751.0,114993.0,86186138.0,126325391576.0,168209576,KOSDAQ,tradable_ohlcv
2016-11-02,759.0,759.0,733.0,735.0,136583.0,101068013.0,123634038360.0,168209576,KOSDAQ,tradable_ohlcv
2016-11-03,715.0,758.0,715.0,746.0,137689.0,101117932.0,125484343696.0,168209576,KOSDAQ,tradable_ohlcv
2016-11-04,751.0,760.0,739.0,760.0,71614.0,53893015.0,127839277760.0,168209576,KOSDAQ,tradable_ohlcv
2016-11-07,770.0,770.0,745.0,760.0,98406.0,74175695.0,127839277760.0,168209576,KOSDAQ,tradable_ohlcv
2016-11-08,768.0,768.0,754.0,760.0,47129.0,35789194.0,127839277760.0,168209576,KOSDAQ,tradable_ohlcv
2016-11-09,758.0,769.0,717.0,729.0,291755.0,217688242.0,122624780904.0,168209576,KOSDAQ,tradable_ohlcv
2016-11-10,746.0,767.0,741.0,756.0,56657.0,42850726.0,127166439456.0,168209576,KOSDAQ,tradable_ohlcv
2016-11-11,757.0,763.0,748.0,762.0,167133.0,126750828.0,128175696912.0,168209576,KOSDAQ,tradable_ohlcv
2016-11-14,765.0,787.0,760.0,777.0,77986.0,60295665.0,130698840552.0,168209576,KOSDAQ,tradable_ohlcv
2016-11-15,781.0,788.0,775.0,781.0,132350.0,103376298.0,131371678856.0,168209576,KOSDAQ,tradable_ohlcv
2016-11-16,787.0,791.0,783.0,788.0,119019.0,93682601.0,132549145888.0,168209576,KOSDAQ,tradable_ohlcv
2016-11-17,788.0,792.0,777.0,786.0,115267.0,89941906.0,132212726736.0,168209576,KOSDAQ,tradable_ohlcv
2016-11-18,801.0,801.0,774.0,784.0,166217.0,130335825.0,131876307584.0,168209576,KOSDAQ,tradable_ohlcv
2016-11-21,783.0,792.0,775.0,781.0,56354.0,44069566.0,131371678856.0,168209576,KOSDAQ,tradable_ohlcv
2016-11-22,784.0,784.0,775.0,776.0,106192.0,82610954.0,130530630976.0,168209576,KOSDAQ,tradable_ohlcv
2016-11-23,780.0,782.0,755.0,759.0,136909.0,104614454.0,127671068184.0,168209576,KOSDAQ,tradable_ohlcv
2016-11-24,753.0,800.0,741.0,800.0,84981.0,65094657.0,134567660800.0,168209576,KOSDAQ,tradable_ohlcv
2016-11-25,800.0,800.0,760.0,764.0,170154.0,131427717.0,128512116064.0,168209576,KOSDAQ,tradable_ohlcv
2016-11-28,765.0,800.0,753.0,755.0,125442.0,96111604.0,126998229880.0,168209576,KOSDAQ,tradable_ohlcv
2016-11-29,759.0,760.0,752.0,759.0,30838.0,23306862.0,127671068184.0,168209576,KOSDAQ,tradable_ohlcv
2016-11-30,770.0,770.0,752.0,755.0,38087.0,28865105.0,126998229880.0,168209576,KOSDAQ,tradable_ohlcv
2016-12-01,752.0,780.0,752.0,760.0,63961.0,48611965.0,127839277760.0,168209576,KOSDAQ,tradable_ohlcv
2016-12-02,772.0,772.0,755.0,760.0,19348.0,14684187.0,127839277760.0,168209576,KOSDAQ,tradable_ohlcv
2016-12-05,756.0,768.0,737.0,741.0,176748.0,131935532.0,124643295816.0,168209576,KOSDAQ,tradable_ohlcv
2016-12-06,741.0,759.0,740.0,746.0,78120.0,58097072.0,125484343696.0,168209576,KOSDAQ,tradable_ohlcv
2016-12-07,746.0,769.0,742.0,754.0,53005.0,40095943.0,126830020304.0,168209576,KOSDAQ,tradable_ohlcv
2016-12-08,755.0,767.0,753.0,767.0,53518.0,40833506.0,129016744792.0,168209576,KOSDAQ,tradable_ohlcv
2016-12-09,767.0,774.0,758.0,766.0,37129.0,28437426.0,128848535216.0,168209576,KOSDAQ,tradable_ohlcv
2016-12-12,770.0,771.0,766.0,768.0,72657.0,55841909.0,129184954368.0,168209576,KOSDAQ,tradable_ohlcv
2016-12-13,766.0,775.0,765.0,774.0,204648.0,156991752.0,130194211824.0,168209576,KOSDAQ,tradable_ohlcv
2016-12-14,775.0,778.0,771.0,773.0,37561.0,29032495.0,130026002248.0,168209576,KOSDAQ,tradable_ohlcv
2016-12-15,767.0,785.0,767.0,771.0,132632.0,102517999.0,129689583096.0,168209576,KOSDAQ,tradable_ohlcv
2016-12-16,774.0,776.0,769.0,773.0,49840.0,38447205.0,130026002248.0,168209576,KOSDAQ,tradable_ohlcv
2016-12-19,773.0,792.0,773.0,785.0,183150.0,143516715.0,132044517160.0,168209576,KOSDAQ,tradable_ohlcv
2016-12-20,785.0,799.0,785.0,794.0,83728.0,66444390.0,133558403344.0,168209576,KOSDAQ,tradable_ohlcv
2016-12-21,796.0,799.0,787.0,788.0,46167.0,36456256.0,132549145888.0,168209576,KOSDAQ,tradable_ohlcv
2016-12-22,793.0,804.0,783.0,798.0,85133.0,67532534.0,134231241648.0,168209576,KOSDAQ,tradable_ohlcv
2016-12-23,797.0,805.0,793.0,803.0,111042.0,88959183.0,135072289528.0,168209576,KOSDAQ,tradable_ohlcv
2016-12-26,803.0,807.0,788.0,790.0,134111.0,106721985.0,132885565040.0,168209576,KOSDAQ,tradable_ohlcv
2016-12-27,788.0,809.0,788.0,805.0,108829.0,87193060.0,135408708680.0,168209576,KOSDAQ,tradable_ohlcv
2016-12-28,800.0,800.0,785.0,785.0,105573.0,83313758.0,132044517160.0,168209576,KOSDAQ,tradable_ohlcv
2016-12-29,790.0,794.0,774.0,777.0,170369.0,132233364.0,130698840552.0,168209576,KOSDAQ,tradable_ohlcv
