d,o,h,l,c,v,a,mc,s,m
2020-01-02,7150.0,7150.0,7070.0,7140.0,22684.0,161028580.0,56406000000.0,7900000,KOSDAQ
2020-01-03,7190.0,7310.0,7100.0,7270.0,14381.0,103793460.0,57433000000.0,7900000,KOSDAQ
2020-01-06,7270.0,7270.0,7070.0,7140.0,7590.0,54141340.0,56406000000.0,7900000,KOSDAQ
2020-01-07,7140.0,7210.0,7090.0,7130.0,2345.0,16733840.0,56327000000.0,7900000,KOSDAQ
2020-01-08,7100.0,7120.0,6950.0,6960.0,19848.0,139562690.0,54984000000.0,7900000,KOSDAQ
2020-01-09,6980.0,7120.0,6980.0,7100.0,7415.0,52460480.0,56090000000.0,7900000,KOSDAQ
2020-01-10,7100.0,7100.0,7030.0,7080.0,2588.0,18330910.0,55932000000.0,7900000,KOSDAQ
2020-01-13,7080.0,7150.0,7030.0,7100.0,7351.0,51876870.0,56090000000.0,7900000,KOSDAQ
2020-01-14,7100.0,7200.0,7020.0,7100.0,5706.0,40306950.0,56090000000.0,7900000,KOSDAQ
2020-01-15,7100.0,7100.0,7010.0,7100.0,4773.0,33737910.0,56090000000.0,7900000,KOSDAQ
2020-01-16,7100.0,7100.0,7020.0,7020.0,7636.0,53863050.0,55458000000.0,7900000,KOSDAQ
2020-01-17,6980.0,7110.0,6980.0,7090.0,14662.0,103229950.0,56011000000.0,7900000,KOSDAQ
2020-01-20,7090.0,8940.0,7000.0,8330.0,2735632.0,22909385920.0,65807000000.0,7900000,KOSDAQ
2020-01-21,8220.0,8250.0,7720.0,7850.0,520805.0,4131292620.0,85580700000.0,10902000,KOSDAQ
2020-01-22,8000.0,8250.0,7750.0,8020.0,425032.0,3406923020.0,87434040000.0,10902000,KOSDAQ
2020-01-23,8050.0,10000.0,7950.0,8610.0,4710330.0,43141883970.0,93866220000.0,10902000,KOSDAQ
2020-01-28,9450.0,9830.0,8930.0,9040.0,2321767.0,21845926820.0,98554080000.0,10902000,KOSDAQ
2020-01-29,9070.0,9210.0,8150.0,8190.0,705377.0,5956678940.0,89287380000.0,10902000,KOSDAQ
2020-01-30,8220.0,8380.0,7710.0,8030.0,463642.0,3694056960.0,87543060000.0,10902000,KOSDAQ
2020-01-31,8100.0,8280.0,7330.0,7500.0,363381.0,2808515860.0,81765000000.0,10902000,KOSDAQ
2020-02-03,7490.0,7500.0,7080.0,7130.0,260314.0,1876809430.0,77731260000.0,10902000,KOSDAQ
2020-02-04,7150.0,7450.0,7110.0,7370.0,115907.0,841457810.0,80347740000.0,10902000,KOSDAQ
2020-02-05,7320.0,7780.0,7260.0,7490.0,212109.0,1588988430.0,81655980000.0,10902000,KOSDAQ
2020-02-06,7630.0,7740.0,7530.0,7700.0,157663.0,1206433720.0,83945400000.0,10902000,KOSDAQ
2020-02-07,7700.0,7800.0,7600.0,7680.0,92710.0,713805080.0,83727360000.0,10902000,KOSDAQ
2020-02-10,7640.0,7720.0,7370.0,7390.0,78854.0,593968990.0,80565780000.0,10902000,KOSDAQ
2020-02-11,7400.0,7670.0,7270.0,7620.0,110160.0,825998310.0,83073240000.0,10902000,KOSDAQ
2020-02-12,7640.0,7640.0,7310.0,7530.0,57406.0,427641540.0,82092060000.0,10902000,KOSDAQ
2020-02-13,7530.0,7590.0,7380.0,7520.0,51922.0,387746910.0,81983040000.0,10902000,KOSDAQ
2020-02-14,7480.0,7670.0,7450.0,7460.0,56179.0,423813770.0,81328920000.0,10902000,KOSDAQ
2020-02-17,7500.0,7620.0,7400.0,7620.0,46166.0,347762670.0,83073240000.0,10902000,KOSDAQ
2020-02-18,7600.0,7950.0,7490.0,7800.0,237869.0,1851275890.0,85035600000.0,10902000,KOSDAQ
2020-02-19,7750.0,8190.0,7600.0,8140.0,339626.0,2695370770.0,88742280000.0,10902000,KOSDAQ
2020-02-20,8180.0,8310.0,7790.0,7830.0,357377.0,2869478930.0,85362660000.0,10902000,KOSDAQ
2020-02-21,8030.0,8120.0,7730.0,7870.0,170398.0,1342808570.0,85798740000.0,10902000,KOSDAQ
2020-02-24,7870.0,8230.0,7450.0,7460.0,338993.0,2655730270.0,81328920000.0,10902000,KOSDAQ
2020-02-25,7370.0,7620.0,7300.0,7620.0,63118.0,469686280.0,83073240000.0,10902000,KOSDAQ
2020-02-26,7600.0,7780.0,7430.0,7610.0,74889.0,567353130.0,82964220000.0,10902000,KOSDAQ
2020-02-27,7710.0,7990.0,7510.0,7630.0,103685.0,802002260.0,83182260000.0,10902000,KOSDAQ
2020-02-28,7490.0,7570.0,7060.0,7120.0,145725.0,1057015700.0,77622240000.0,10902000,KOSDAQ
2020-03-02,7010.0,7350.0,6990.0,7220.0,73830.0,530053570.0,78712440000.0,10902000,KOSDAQ
2020-03-03,7320.0,8050.0,7290.0,7790.0,287931.0,2209387080.0,84926580000.0,10902000,KOSDAQ
2020-03-04,7800.0,7890.0,7560.0,7760.0,80146.0,617484290.0,84599520000.0,10902000,KOSDAQ
2020-03-05,7700.0,8070.0,7670.0,7890.0,157475.0,1240692240.0,86016780000.0,10902000,KOSDAQ
2020-03-06,7820.0,7990.0,7650.0,7900.0,108536.0,849868730.0,86125800000.0,10902000,KOSDAQ
2020-03-09,7920.0,8120.0,7410.0,7530.0,180985.0,1422230130.0,82092060000.0,10902000,KOSDAQ
2020-03-10,7350.0,7550.0,7200.0,7430.0,116517.0,856432490.0,81001860000.0,10902000,KOSDAQ
2020-03-11,7410.0,7530.0,7000.0,7200.0,55096.0,399203930.0,78494400000.0,10902000,KOSDAQ
2020-03-12,7060.0,7150.0,6460.0,6630.0,147948.0,991625070.0,72280260000.0,10902000,KOSDAQ
2020-03-13,5800.0,6300.0,5580.0,6110.0,176349.0,1024986220.0,66611220000.0,10902000,KOSDAQ
2020-03-16,6300.0,6330.0,5850.0,5890.0,102807.0,627710190.0,64212780000.0,10902000,KOSDAQ
2020-03-17,5400.0,5900.0,5400.0,5810.0,78528.0,444970890.0,63340620000.0,10902000,KOSDAQ
2020-03-18,5840.0,6060.0,5410.0,5620.0,76690.0,444468780.0,61269240000.0,10902000,KOSDAQ
2020-03-19,5700.0,5710.0,4500.0,4500.0,133272.0,668383525.0,49059000000.0,10902000,KOSDAQ
2020-03-20,4500.0,4995.0,4500.0,4995.0,113991.0,536055410.0,54455490000.0,10902000,KOSDAQ
2020-03-23,4560.0,4760.0,4550.0,4630.0,100890.0,466937150.0,50476260000.0,10902000,KOSDAQ
2020-03-24,4730.0,5920.0,4720.0,5600.0,529953.0,2939770360.0,61051200000.0,10902000,KOSDAQ
2020-03-25,5630.0,5810.0,5450.0,5610.0,174175.0,983406130.0,61160220000.0,10902000,KOSDAQ
2020-03-26,5670.0,6010.0,5620.0,5680.0,305914.0,1788226360.0,61923360000.0,10902000,KOSDAQ
2020-03-27,5970.0,6310.0,5600.0,5900.0,396419.0,2395707520.0,64321800000.0,10902000,KOSDAQ
2020-03-30,5900.0,6490.0,5880.0,6310.0,283622.0,1766511590.0,68791620000.0,10902000,KOSDAQ
2020-03-31,6710.0,6790.0,6440.0,6610.0,310783.0,2047475330.0,72062220000.0,10902000,KOSDAQ
2020-04-01,6690.0,7030.0,6550.0,6700.0,258108.0,1745820370.0,73043400000.0,10902000,KOSDAQ
2020-04-02,6690.0,6770.0,6430.0,6770.0,136299.0,903995920.0,73806540000.0,10902000,KOSDAQ
2020-04-03,6790.0,7710.0,6770.0,7390.0,385893.0,2807045800.0,80565780000.0,10902000,KOSDAQ
2020-04-06,8770.0,9600.0,8380.0,9290.0,3072296.0,28108475910.0,101279580000.0,10902000,KOSDAQ
2020-04-07,8770.0,8830.0,7720.0,8100.0,1654431.0,13418423360.0,88306200000.0,10902000,KOSDAQ
2020-04-08,8000.0,8010.0,7700.0,7790.0,589641.0,4613031770.0,84926580000.0,10902000,KOSDAQ
2020-04-09,7850.0,7980.0,7770.0,7930.0,369668.0,2915633410.0,86452860000.0,10902000,KOSDAQ
2020-04-10,7930.0,7960.0,7300.0,7470.0,386666.0,2941406550.0,81437940000.0,10902000,KOSDAQ
2020-04-13,7540.0,7570.0,7000.0,7070.0,197842.0,1434134040.0,77077140000.0,10902000,KOSDAQ
2020-04-14,7100.0,7380.0,7090.0,7280.0,110010.0,794180530.0,79366560000.0,10902000,KOSDAQ
2020-04-16,7030.0,7270.0,7010.0,7200.0,83555.0,595463520.0,78494400000.0,10902000,KOSDAQ
2020-04-17,7240.0,7410.0,7150.0,7250.0,103309.0,746077470.0,79039500000.0,10902000,KOSDAQ
2020-04-20,7250.0,7400.0,7230.0,7310.0,135249.0,991498060.0,79693620000.0,10902000,KOSDAQ
2020-04-21,7350.0,7550.0,6800.0,7210.0,289158.0,2105109100.0,78603420000.0,10902000,KOSDAQ
2020-04-22,7100.0,7510.0,7050.0,7490.0,137953.0,1013657630.0,81655980000.0,10902000,KOSDAQ
2020-04-23,7530.0,7590.0,7410.0,7590.0,124935.0,936784650.0,82746180000.0,10902000,KOSDAQ
2020-04-24,7580.0,7610.0,7300.0,7330.0,119872.0,893414940.0,79911660000.0,10902000,KOSDAQ
2020-04-27,7360.0,7800.0,7350.0,7690.0,273157.0,2084797090.0,83836380000.0,10902000,KOSDAQ
2020-04-28,7790.0,7790.0,7450.0,7600.0,120811.0,917320270.0,82855200000.0,10902000,KOSDAQ
2020-04-29,7600.0,7600.0,7450.0,7470.0,99742.0,748444290.0,81437940000.0,10902000,KOSDAQ
2020-05-04,7340.0,7490.0,7290.0,7400.0,36691.0,271220970.0,80674800000.0,10902000,KOSDAQ
2020-05-06,7540.0,7540.0,7410.0,7450.0,56201.0,419479410.0,81219900000.0,10902000,KOSDAQ
2020-05-07,7490.0,7530.0,7320.0,7480.0,50803.0,378366030.0,81546960000.0,10902000,KOSDAQ
2020-05-08,7500.0,7640.0,7500.0,7580.0,71413.0,540252800.0,82637160000.0,10902000,KOSDAQ
2020-05-11,7630.0,7630.0,7470.0,7560.0,68473.0,518043020.0,82419120000.0,10902000,KOSDAQ
2020-05-12,7630.0,7650.0,7480.0,7650.0,90345.0,684261090.0,83400300000.0,10902000,KOSDAQ
2020-05-13,7630.0,7860.0,7610.0,7850.0,206565.0,1605438290.0,85580700000.0,10902000,KOSDAQ
2020-05-14,7920.0,8230.0,7840.0,8200.0,499564.0,4026418410.0,89396400000.0,10902000,KOSDAQ
2020-05-15,8280.0,8500.0,7970.0,8190.0,421661.0,3452920350.0,89287380000.0,10902000,KOSDAQ
2020-05-18,8320.0,8370.0,8150.0,8160.0,146929.0,1210452510.0,88960320000.0,10902000,KOSDAQ
2020-05-19,8200.0,8220.0,7780.0,7800.0,178069.0,1404917230.0,85035600000.0,10902000,KOSDAQ
2020-05-20,7850.0,7950.0,7780.0,7860.0,142499.0,1119240760.0,85689720000.0,10902000,KOSDAQ
2020-05-21,7910.0,7970.0,7840.0,7940.0,84394.0,668599620.0,86561880000.0,10902000,KOSDAQ
2020-05-22,7940.0,8210.0,7890.0,8200.0,238771.0,1924024520.0,89396400000.0,10902000,KOSDAQ
2020-05-25,8300.0,8420.0,8150.0,8400.0,295429.0,2451001020.0,91576800000.0,10902000,KOSDAQ
2020-05-26,8370.0,8690.0,8250.0,8350.0,340053.0,2872120480.0,91031700000.0,10902000,KOSDAQ
2020-05-27,8410.0,8450.0,8050.0,8050.0,186542.0,1526859720.0,87761100000.0,10902000,KOSDAQ
2020-05-28,8060.0,8120.0,7610.0,7800.0,207826.0,1635085520.0,85035600000.0,10902000,KOSDAQ
2020-05-29,7800.0,8200.0,7780.0,8150.0,239482.0,1924447170.0,88851300000.0,10902000,KOSDAQ
2020-06-01,8070.0,8220.0,8070.0,8150.0,99185.0,808976000.0,88851300000.0,10902000,KOSDAQ
2020-06-02,8200.0,8220.0,8030.0,8210.0,81548.0,661249320.0,89505420000.0,10902000,KOSDAQ
2020-06-03,8260.0,8260.0,8040.0,8100.0,96752.0,787392640.0,88306200000.0,10902000,KOSDAQ
2020-06-04,8100.0,8310.0,7930.0,7980.0,170318.0,1377006660.0,86997960000.0,10902000,KOSDAQ
2020-06-05,7930.0,8070.0,7900.0,8020.0,59452.0,474916370.0,87434040000.0,10902000,KOSDAQ
2020-06-08,8150.0,9750.0,8070.0,8650.0,2622166.0,23355121160.0,94302300000.0,10902000,KOSDAQ
2020-06-09,8700.0,8750.0,8360.0,8660.0,416556.0,3557743490.0,94411320000.0,10902000,KOSDAQ
2020-06-10,8620.0,8910.0,8600.0,8790.0,490071.0,4296254530.0,95828580000.0,10902000,KOSDAQ
2020-06-11,8970.0,9080.0,8510.0,8680.0,420939.0,3744804720.0,94629360000.0,10902000,KOSDAQ
2020-06-12,8260.0,8450.0,7910.0,8430.0,251614.0,2083496740.0,91903860000.0,10902000,KOSDAQ
2020-06-15,8450.0,8600.0,7750.0,7780.0,271027.0,2223748430.0,84817560000.0,10902000,KOSDAQ
2020-06-16,7910.0,8250.0,7910.0,8130.0,182724.0,1480233340.0,88633260000.0,10902000,KOSDAQ
2020-06-17,10550.0,10550.0,10550.0,10550.0,727568.0,7671268600.0,115016100000.0,10902000,KOSDAQ
2020-06-18,12300.0,13700.0,12150.0,13700.0,9616051.0,125963014100.0,149357400000.0,10902000,KOSDAQ
2020-06-19,15000.0,17300.0,13600.0,13700.0,12577336.0,196776321050.0,149357400000.0,10902000,KOSDAQ
2020-06-22,13450.0,13550.0,12650.0,13150.0,2289097.0,29774560100.0,143361300000.0,10902000,KOSDAQ
2020-06-23,13050.0,13250.0,11900.0,11950.0,2215180.0,27673846300.0,130278900000.0,10902000,KOSDAQ
2020-06-24,13100.0,15500.0,13000.0,15500.0,7886280.0,118191438450.0,168981000000.0,10902000,KOSDAQ
2020-06-25,15450.0,15500.0,12650.0,13000.0,3947130.0,55608196950.0,141726000000.0,10902000,KOSDAQ
2020-06-26,13350.0,15700.0,13000.0,13350.0,7470967.0,107151989950.0,145541700000.0,10902000,KOSDAQ
2020-06-29,14550.0,16950.0,14350.0,15100.0,6512069.0,99605654550.0,164620200000.0,10902000,KOSDAQ
2020-06-30,14650.0,14800.0,13550.0,13900.0,1663336.0,23324923900.0,151537800000.0,10902000,KOSDAQ
2020-07-01,14150.0,14150.0,12400.0,12500.0,1529395.0,19845834500.0,136275000000.0,10902000,KOSDAQ
2020-07-02,12550.0,14100.0,12500.0,13000.0,2174586.0,28859682500.0,141726000000.0,10902000,KOSDAQ
2020-07-03,12800.0,13300.0,12350.0,13100.0,1050896.0,13457442650.0,142816200000.0,10902000,KOSDAQ
2020-07-06,13050.0,13250.0,12600.0,12800.0,620333.0,7924312800.0,139545600000.0,10902000,KOSDAQ
2020-07-07,12700.0,12750.0,12000.0,12500.0,824198.0,10180404450.0,136275000000.0,10902000,KOSDAQ
2020-07-08,12650.0,14500.0,12500.0,13350.0,6106052.0,84059689250.0,145541700000.0,10902000,KOSDAQ
2020-07-09,13450.0,13800.0,12950.0,13350.0,992408.0,13230840550.0,145541700000.0,10902000,KOSDAQ
2020-07-10,13350.0,13400.0,12800.0,13350.0,978943.0,12936778250.0,145541700000.0,10902000,KOSDAQ
2020-07-13,13650.0,14250.0,13450.0,14200.0,2172650.0,30235733300.0,154808400000.0,10902000,KOSDAQ
2020-07-14,15000.0,18450.0,14700.0,17800.0,14691604.0,259550887650.0,194055600000.0,10902000,KOSDAQ
2020-07-15,18800.0,20150.0,16450.0,16600.0,10652376.0,197311026300.0,180973200000.0,10902000,KOSDAQ
2020-07-16,18000.0,19250.0,17000.0,18250.0,5115013.0,92186812600.0,198961500000.0,10902000,KOSDAQ
2020-07-17,17650.0,20400.0,17200.0,20400.0,6314845.0,118975279900.0,222400800000.0,10902000,KOSDAQ
2020-07-20,20900.0,26500.0,20600.0,26500.0,9871422.0,244650596200.0,288903000000.0,10902000,KOSDAQ
2020-07-21,29300.0,34450.0,29200.0,34450.0,3206299.0,103882876900.0,375573900000.0,10902000,KOSDAQ
2020-07-22,38500.0,44750.0,35000.0,44750.0,12366108.0,503820613600.0,487864500000.0,10902000,KOSDAQ
2020-07-23,53100.0,58100.0,49500.0,58100.0,6776690.0,378983381550.0,633406200000.0,10902000,KOSDAQ
2020-07-24,0.0,58100.0,0.0,58100.0,0.0,0.0,633406200000.0,10902000,KOSDAQ
2020-07-27,40800.0,42000.0,40700.0,40700.0,556941.0,22728744450.0,443711400000.0,10902000,KOSDAQ
2020-07-28,32350.0,32750.0,28500.0,30850.0,12942706.0,392626112600.0,336326700000.0,10902000,KOSDAQ
2020-07-29,29750.0,32600.0,28700.0,30600.0,7999186.0,243944302100.0,333601200000.0,10902000,KOSDAQ
2020-07-30,31000.0,32050.0,28900.0,30850.0,5883792.0,179627061350.0,336326700000.0,10902000,KOSDAQ
2020-07-31,30300.0,37600.0,30050.0,31100.0,11659608.0,400382293800.0,339052200000.0,10902000,KOSDAQ
2020-08-03,30700.0,31500.0,28800.0,30250.0,2353170.0,71012013150.0,329785500000.0,10902000,KOSDAQ
2020-08-04,30550.0,32200.0,28850.0,31850.0,3668143.0,112733312200.0,347228700000.0,10902000,KOSDAQ
2020-08-05,32050.0,32100.0,30200.0,31600.0,1674043.0,52443909100.0,344503200000.0,10902000,KOSDAQ
2020-08-06,32000.0,32050.0,29850.0,30550.0,1128039.0,34967677200.0,333056100000.0,10902000,KOSDAQ
2020-08-07,30650.0,30850.0,28950.0,29100.0,1084065.0,32003321600.0,317248200000.0,10902000,KOSDAQ
2020-08-10,29150.0,29650.0,27550.0,29350.0,914933.0,26254373450.0,319973700000.0,10902000,KOSDAQ
2020-08-11,29400.0,29450.0,28200.0,28300.0,640676.0,18359705900.0,308526600000.0,10902000,KOSDAQ
2020-08-12,27700.0,28000.0,26700.0,27200.0,764535.0,20893735500.0,296534400000.0,10902000,KOSDAQ
2020-08-13,27700.0,28400.0,26150.0,26300.0,818422.0,22223474500.0,286722600000.0,10902000,KOSDAQ
2020-08-14,26650.0,27150.0,25050.0,25750.0,978164.0,25484054300.0,280726500000.0,10902000,KOSDAQ
2020-08-18,26450.0,29500.0,25650.0,26800.0,4209160.0,117132477150.0,292173600000.0,10902000,KOSDAQ
2020-08-19,27200.0,28450.0,26700.0,26900.0,1393208.0,38323959900.0,293263800000.0,10902000,KOSDAQ
2020-08-20,27550.0,34950.0,27050.0,34950.0,11764192.0,371283985850.0,381024900000.0,10902000,KOSDAQ
2020-08-21,33900.0,33950.0,28800.0,29700.0,6181362.0,190700047200.0,323789400000.0,10902000,KOSDAQ
2020-08-24,30300.0,32300.0,28100.0,30800.0,4304423.0,131374843750.0,335781600000.0,10902000,KOSDAQ
2020-08-25,30800.0,38600.0,30300.0,35750.0,15515956.0,549723739100.0,389746500000.0,10902000,KOSDAQ
2020-08-26,37800.0,41050.0,34500.0,35950.0,8734218.0,333534229050.0,391926900000.0,10902000,KOSDAQ
2020-08-27,36750.0,36800.0,33700.0,34000.0,2287815.0,80532245200.0,370668000000.0,10902000,KOSDAQ
2020-08-28,33600.0,35850.0,33300.0,34100.0,1377910.0,47513662400.0,371758200000.0,10902000,KOSDAQ
2020-08-31,33650.0,35800.0,33350.0,34350.0,2182916.0,76275002450.0,374483700000.0,10902000,KOSDAQ
2020-09-01,34450.0,36150.0,34200.0,34800.0,1900029.0,66930357300.0,379389600000.0,10902000,KOSDAQ
2020-09-02,34800.0,42100.0,34500.0,40800.0,18471384.0,729226364050.0,444801600000.0,10902000,KOSDAQ
2020-09-03,40050.0,47400.0,39600.0,40900.0,10088266.0,438955716400.0,445891800000.0,10902000,KOSDAQ
2020-09-04,39100.0,40050.0,38000.0,38400.0,2302186.0,89803143700.0,418636800000.0,10902000,KOSDAQ
2020-09-07,38450.0,40250.0,38000.0,38050.0,1626484.0,63443667800.0,414821100000.0,10902000,KOSDAQ
2020-09-08,38250.0,39950.0,35500.0,35700.0,1707102.0,64509527150.0,389201400000.0,10902000,KOSDAQ
2020-09-09,35050.0,36800.0,33400.0,33650.0,904215.0,31578359000.0,366852300000.0,10902000,KOSDAQ
2020-09-10,34300.0,35250.0,33750.0,34700.0,565730.0,19513027850.0,378299400000.0,10902000,KOSDAQ
2020-09-11,34550.0,36600.0,34500.0,35100.0,1028342.0,36615702350.0,382660200000.0,10902000,KOSDAQ
2020-09-14,35350.0,36400.0,33500.0,34400.0,890832.0,31004239550.0,375028800000.0,10902000,KOSDAQ
2020-09-15,34700.0,35000.0,33400.0,33400.0,499518.0,16979000700.0,364126800000.0,10902000,KOSDAQ
2020-09-16,33250.0,33700.0,32650.0,32950.0,436043.0,14441199000.0,359220900000.0,10902000,KOSDAQ
2020-09-17,33050.0,33900.0,31050.0,31500.0,567719.0,18278964550.0,343413000000.0,10902000,KOSDAQ
2020-09-18,31500.0,36600.0,31250.0,33800.0,6545906.0,227288919950.0,368487600000.0,10902000,KOSDAQ
2020-09-21,35000.0,36300.0,32400.0,32500.0,1491862.0,51263426250.0,354315000000.0,10902000,KOSDAQ
2020-09-22,31700.0,31950.0,28400.0,29500.0,1165843.0,34718149700.0,321609000000.0,10902000,KOSDAQ
2020-09-23,30150.0,30450.0,28250.0,28550.0,563163.0,16528444100.0,311252100000.0,10902000,KOSDAQ
2020-09-24,27800.0,28550.0,26000.0,26600.0,456205.0,12469744750.0,289993200000.0,10902000,KOSDAQ
2020-09-25,26700.0,27950.0,26250.0,26600.0,374040.0,10108448800.0,289993200000.0,10902000,KOSDAQ
2020-09-28,27000.0,27850.0,26150.0,27150.0,350537.0,9452688100.0,295989300000.0,10902000,KOSDAQ
2020-09-29,27950.0,28350.0,26650.0,27600.0,381520.0,10497969000.0,300895200000.0,10902000,KOSDAQ
2020-10-05,29900.0,29950.0,27150.0,27600.0,576081.0,16125784650.0,300895200000.0,10902000,KOSDAQ
2020-10-06,27850.0,28550.0,27550.0,27750.0,385950.0,10799055650.0,302530500000.0,10902000,KOSDAQ
2020-10-07,28000.0,29500.0,27800.0,28500.0,640176.0,18289210850.0,310707000000.0,10902000,KOSDAQ
2020-10-08,29150.0,29450.0,28000.0,28100.0,326189.0,9315026100.0,306346200000.0,10902000,KOSDAQ
2020-10-12,28100.0,28100.0,26900.0,27050.0,290003.0,7870924200.0,294899100000.0,10902000,KOSDAQ
2020-10-13,27000.0,27200.0,25750.0,25950.0,306950.0,8038897900.0,282906900000.0,10902000,KOSDAQ
2020-10-14,26000.0,26700.0,26000.0,26050.0,228977.0,6022956650.0,283997100000.0,10902000,KOSDAQ
2020-10-15,26150.0,26350.0,24000.0,24900.0,365621.0,9089173300.0,271459800000.0,10902000,KOSDAQ
2020-10-16,25400.0,26800.0,23950.0,24300.0,394539.0,9944913500.0,264918600000.0,10902000,KOSDAQ
2020-10-19,24300.0,25500.0,23750.0,24200.0,255050.0,6276843550.0,263828400000.0,10902000,KOSDAQ
2020-10-20,23700.0,24550.0,23150.0,24200.0,221928.0,5281427750.0,263828400000.0,10902000,KOSDAQ
2020-10-21,24500.0,24900.0,24100.0,24650.0,154818.0,3789029850.0,268734300000.0,10902000,KOSDAQ
2020-10-22,24350.0,24750.0,23250.0,23250.0,179298.0,4256167600.0,253471500000.0,10902000,KOSDAQ
2020-10-23,23750.0,24150.0,23300.0,23750.0,157563.0,3734517450.0,258922500000.0,10902000,KOSDAQ
2020-10-26,23850.0,23950.0,21600.0,21600.0,243725.0,5415744300.0,235483200000.0,10902000,KOSDAQ
2020-10-27,21050.0,22850.0,20550.0,22200.0,262647.0,5767339550.0,242024400000.0,10902000,KOSDAQ
2020-10-28,21950.0,23250.0,21950.0,23000.0,180732.0,4141083750.0,250746000000.0,10902000,KOSDAQ
2020-10-29,22500.0,24500.0,22450.0,24100.0,275559.0,6543558950.0,262738200000.0,10902000,KOSDAQ
2020-10-30,23900.0,24000.0,22100.0,22300.0,193205.0,4433660550.0,243114600000.0,10902000,KOSDAQ
2020-11-02,22650.0,23100.0,22000.0,22550.0,97133.0,2204563150.0,245840100000.0,10902000,KOSDAQ
2020-11-03,22550.0,23350.0,22550.0,23000.0,127456.0,2934893850.0,250746000000.0,10902000,KOSDAQ
2020-11-04,23150.0,23350.0,22300.0,22600.0,128399.0,2909797250.0,246385200000.0,10902000,KOSDAQ
2020-11-05,22600.0,23950.0,22600.0,23100.0,227155.0,5291964350.0,251836200000.0,10902000,KOSDAQ
2020-11-06,23500.0,23500.0,22500.0,22650.0,138559.0,3153303950.0,246930300000.0,10902000,KOSDAQ
2020-11-09,22900.0,23300.0,22700.0,23150.0,146250.0,3368379200.0,252381300000.0,10902000,KOSDAQ
2020-11-10,23400.0,23450.0,21650.0,21700.0,311675.0,6884004900.0,236573400000.0,10902000,KOSDAQ
2020-11-11,21900.0,21900.0,19950.0,20300.0,341927.0,6955164950.0,221310600000.0,10902000,KOSDAQ
2020-11-12,20300.0,21900.0,20300.0,21150.0,277768.0,5867678950.0,230577300000.0,10902000,KOSDAQ
2020-11-13,20700.0,25850.0,20050.0,22350.0,3251649.0,77683228700.0,243659700000.0,10902000,KOSDAQ
2020-11-16,23350.0,24450.0,22750.0,23700.0,1043653.0,24626466150.0,258377400000.0,10902000,KOSDAQ
2020-11-17,22800.0,23200.0,21700.0,21700.0,412587.0,9279804900.0,236573400000.0,10902000,KOSDAQ
2020-11-18,21500.0,21950.0,21000.0,21650.0,413717.0,8881445750.0,236028300000.0,10902000,KOSDAQ
2020-11-19,21450.0,23450.0,21400.0,22800.0,988345.0,22425734700.0,248565600000.0,10902000,KOSDAQ
2020-11-20,23100.0,26500.0,22400.0,23800.0,2975069.0,73587698550.0,259467600000.0,10902000,KOSDAQ
2020-11-23,24400.0,25950.0,24250.0,24700.0,1419779.0,35553042150.0,269279400000.0,10902000,KOSDAQ
2020-11-24,24400.0,24600.0,23050.0,23550.0,522106.0,12307905850.0,256742100000.0,10902000,KOSDAQ
2020-11-25,23800.0,23850.0,22250.0,22350.0,335772.0,7723472450.0,243659700000.0,10902000,KOSDAQ
2020-11-26,22150.0,23950.0,22150.0,23450.0,515948.0,12071812200.0,255651900000.0,10902000,KOSDAQ
2020-11-27,23250.0,23800.0,22900.0,23050.0,197465.0,4572647000.0,251291100000.0,10902000,KOSDAQ
2020-11-30,23200.0,23900.0,23050.0,23200.0,183072.0,4277488850.0,252926400000.0,10902000,KOSDAQ
2020-12-01,23400.0,24150.0,23100.0,23800.0,384106.0,9099170350.0,259467600000.0,10902000,KOSDAQ
2020-12-02,24200.0,28100.0,23700.0,25800.0,7021493.0,184935450900.0,281271600000.0,10902000,KOSDAQ
2020-12-03,25600.0,25650.0,24300.0,24550.0,857645.0,21253808950.0,267644100000.0,10902000,KOSDAQ
2020-12-04,24300.0,25700.0,23950.0,24150.0,1054210.0,26075363650.0,263283300000.0,10902000,KOSDAQ
2020-12-07,24150.0,24550.0,23500.0,23700.0,332535.0,7923709450.0,258377400000.0,10902000,KOSDAQ
2020-12-08,23950.0,24500.0,23500.0,23550.0,425034.0,10185179850.0,256742100000.0,10902000,KOSDAQ
2020-12-09,24000.0,24250.0,23300.0,23400.0,245394.0,5816597650.0,255106800000.0,10902000,KOSDAQ
2020-12-10,23150.0,23600.0,22900.0,23000.0,236724.0,5476285550.0,250746000000.0,10902000,KOSDAQ
2020-12-11,23100.0,23450.0,22550.0,23150.0,307497.0,7083770700.0,252381300000.0,10902000,KOSDAQ
2020-12-14,23400.0,24900.0,23200.0,24900.0,890946.0,21675887400.0,271459800000.0,10902000,KOSDAQ
2020-12-15,25450.0,25500.0,24050.0,24050.0,415353.0,10172547500.0,262193100000.0,10902000,KOSDAQ
2020-12-16,24100.0,24450.0,23800.0,24100.0,198633.0,4781025950.0,262738200000.0,10902000,KOSDAQ
2020-12-17,24450.0,25100.0,23950.0,23950.0,337633.0,8252079000.0,261102900000.0,10902000,KOSDAQ
2020-12-18,24300.0,24600.0,23950.0,24450.0,272841.0,6632872150.0,266553900000.0,10902000,KOSDAQ
2020-12-21,24600.0,26200.0,24350.0,26000.0,1433523.0,36606157700.0,283452000000.0,10902000,KOSDAQ
2020-12-22,26100.0,28150.0,25150.0,25200.0,2281919.0,60956914900.0,274730400000.0,10902000,KOSDAQ
2020-12-23,25650.0,26850.0,24350.0,24350.0,847281.0,21787239800.0,265463700000.0,10902000,KOSDAQ
2020-12-24,24350.0,24700.0,22750.0,23300.0,573058.0,13408387700.0,254016600000.0,10902000,KOSDAQ
2020-12-28,23300.0,23600.0,21950.0,22100.0,340124.0,7683656800.0,240934200000.0,10902000,KOSDAQ
2020-12-29,21700.0,24750.0,21700.0,23250.0,585583.0,13692538300.0,253471500000.0,10902000,KOSDAQ
2020-12-30,23000.0,23650.0,22500.0,23200.0,209221.0,4826372900.0,252926400000.0,10902000,KOSDAQ
