d,o,h,l,c,v,a,mc,s,m,rs
2011-01-03,8500.0,9000.0,8350.0,8460.0,43441.0,376604660.0,52536600000.0,6210000,KOSDAQ,tradable_ohlcv
2011-01-04,8390.0,8490.0,7900.0,7970.0,49703.0,400706540.0,49493700000.0,6210000,KOSDAQ,tradable_ohlcv
2011-01-05,7800.0,8200.0,7540.0,7950.0,53025.0,408514850.0,49369500000.0,6210000,KOSDAQ,tradable_ohlcv
2011-01-06,7950.0,8070.0,7610.0,7690.0,25630.0,199455660.0,47754900000.0,6210000,KOSDAQ,tradable_ohlcv
2011-01-07,7680.0,7820.0,7120.0,7390.0,46692.0,351568200.0,45891900000.0,6210000,KOSDAQ,tradable_ohlcv
2011-01-10,7390.0,7770.0,6950.0,7460.0,62335.0,464289330.0,46326600000.0,6210000,KOSDAQ,tradable_ohlcv
2011-01-11,7480.0,7830.0,7320.0,7790.0,21861.0,165533920.0,48375900000.0,6210000,KOSDAQ,tradable_ohlcv
2011-01-12,7880.0,7990.0,7250.0,7500.0,20486.0,155322170.0,46575000000.0,6210000,KOSDAQ,tradable_ohlcv
2011-01-13,7230.0,7480.0,7150.0,7400.0,8873.0,64891680.0,45954000000.0,6210000,KOSDAQ,tradable_ohlcv
2011-01-14,7200.0,7500.0,7010.0,7350.0,21433.0,154616740.0,45643500000.0,6210000,KOSDAQ,tradable_ohlcv
2011-01-17,7450.0,7450.0,7000.0,7070.0,28409.0,201880380.0,43904700000.0,6210000,KOSDAQ,tradable_ohlcv
2011-01-18,7090.0,7130.0,6380.0,6390.0,71989.0,480015000.0,39681900000.0,6210000,KOSDAQ,tradable_ohlcv
2011-01-19,6550.0,6660.0,6340.0,6500.0,35858.0,234047570.0,40365000000.0,6210000,KOSDAQ,tradable_ohlcv
2011-01-20,6700.0,6700.0,6500.0,6640.0,19477.0,128111330.0,41234400000.0,6210000,KOSDAQ,tradable_ohlcv
2011-01-21,6750.0,6850.0,6600.0,6850.0,26327.0,175779030.0,42538500000.0,6210000,KOSDAQ,tradable_ohlcv
2011-01-24,6800.0,6950.0,6460.0,6790.0,30367.0,204265260.0,42165900000.0,6210000,KOSDAQ,tradable_ohlcv
2011-01-25,6650.0,7000.0,6510.0,6700.0,22574.0,152963970.0,41607000000.0,6210000,KOSDAQ,tradable_ohlcv
2011-01-26,6750.0,6780.0,6420.0,6640.0,15094.0,99316010.0,41234400000.0,6210000,KOSDAQ,tradable_ohlcv
2011-01-27,6700.0,6890.0,6620.0,6760.0,9418.0,63384330.0,41979600000.0,6210000,KOSDAQ,tradable_ohlcv
2011-01-28,6780.0,7030.0,6690.0,6950.0,16108.0,111763470.0,43159500000.0,6210000,KOSDAQ,tradable_ohlcv
2011-01-31,7180.0,7180.0,5920.0,6970.0,10434.0,71463970.0,43283700000.0,6210000,KOSDAQ,tradable_ohlcv
2011-02-01,6800.0,7090.0,6800.0,6970.0,18989.0,131937720.0,43283700000.0,6210000,KOSDAQ,tradable_ohlcv
2011-02-07,7140.0,7140.0,6610.0,6920.0,19513.0,137021200.0,42973200000.0,6210000,KOSDAQ,tradable_ohlcv
2011-02-08,6950.0,6960.0,6750.0,6900.0,6042.0,41301550.0,42849000000.0,6210000,KOSDAQ,tradable_ohlcv
2011-02-09,6800.0,7150.0,6760.0,6940.0,5245.0,35868860.0,43097400000.0,6210000,KOSDAQ,tradable_ohlcv
2011-02-10,6850.0,6990.0,6780.0,6870.0,15819.0,108318990.0,42662700000.0,6210000,KOSDAQ,tradable_ohlcv
2011-02-11,6800.0,6900.0,6400.0,6780.0,27328.0,180881950.0,42103800000.0,6210000,KOSDAQ,tradable_ohlcv
2011-02-14,6400.0,6770.0,6000.0,6050.0,35819.0,222398510.0,37570500000.0,6210000,KOSDAQ,tradable_ohlcv
2011-02-15,5870.0,6080.0,5740.0,6000.0,22867.0,135510740.0,37260000000.0,6210000,KOSDAQ,tradable_ohlcv
2011-02-16,6000.0,6240.0,5810.0,6040.0,11574.0,69169850.0,37508400000.0,6210000,KOSDAQ,tradable_ohlcv
2011-02-17,6190.0,6190.0,5700.0,5990.0,22638.0,132962650.0,37197900000.0,6210000,KOSDAQ,tradable_ohlcv
2011-02-18,6080.0,6090.0,5890.0,5990.0,2537.0,15242010.0,37197900000.0,6210000,KOSDAQ,tradable_ohlcv
2011-02-21,5900.0,6180.0,5420.0,5670.0,31300.0,176324540.0,35210700000.0,6210000,KOSDAQ,tradable_ohlcv
2011-02-22,5510.0,5690.0,5150.0,5540.0,13779.0,74768880.0,34403400000.0,6210000,KOSDAQ,tradable_ohlcv
2011-02-23,5400.0,5680.0,5400.0,5540.0,21266.0,115850400.0,34403400000.0,6210000,KOSDAQ,tradable_ohlcv
2011-02-24,5620.0,5620.0,5220.0,5340.0,16542.0,87827600.0,33161400000.0,6210000,KOSDAQ,tradable_ohlcv
2011-02-25,4965.0,5400.0,4965.0,5140.0,28614.0,146622005.0,31919400000.0,6210000,KOSDAQ,tradable_ohlcv
2011-02-28,5140.0,5460.0,5120.0,5290.0,10110.0,53086220.0,32850900000.0,6210000,KOSDAQ,tradable_ohlcv
2011-03-02,5440.0,5440.0,5200.0,5370.0,5361.0,28792160.0,33347700000.0,6210000,KOSDAQ,tradable_ohlcv
2011-03-03,5480.0,5480.0,5000.0,5080.0,9214.0,47444230.0,31546800000.0,6210000,KOSDAQ,tradable_ohlcv
2011-03-04,5080.0,5100.0,4750.0,4750.0,30771.0,150029495.0,29497500000.0,6210000,KOSDAQ,tradable_ohlcv
2011-03-07,4590.0,5370.0,4580.0,5160.0,37463.0,181508780.0,32043600000.0,6210000,KOSDAQ,tradable_ohlcv
2011-03-08,5200.0,5610.0,5130.0,5490.0,23313.0,125360480.0,34092900000.0,6210000,KOSDAQ,tradable_ohlcv
2011-03-09,5400.0,5550.0,5190.0,5300.0,8735.0,46935810.0,32913000000.0,6210000,KOSDAQ,tradable_ohlcv
2011-03-10,5300.0,5300.0,5070.0,5190.0,5917.0,30367690.0,32229900000.0,6210000,KOSDAQ,tradable_ohlcv
2011-03-11,5180.0,5550.0,5180.0,5200.0,11279.0,60084070.0,32292000000.0,6210000,KOSDAQ,tradable_ohlcv
2011-03-14,5120.0,5150.0,4700.0,4995.0,22636.0,111954055.0,31018950000.0,6210000,KOSDAQ,tradable_ohlcv
2011-03-15,4830.0,5100.0,4810.0,4825.0,7364.0,35961015.0,29963250000.0,6210000,KOSDAQ,tradable_ohlcv
2011-03-16,4580.0,4825.0,4560.0,4570.0,42299.0,194664620.0,28379700000.0,6210000,KOSDAQ,tradable_ohlcv
2011-03-17,4510.0,4780.0,4510.0,4740.0,7826.0,36429320.0,29435400000.0,6210000,KOSDAQ,tradable_ohlcv
2011-03-18,4655.0,4995.0,4630.0,4975.0,10982.0,53597905.0,30894750000.0,6210000,KOSDAQ,tradable_ohlcv
2011-03-21,4800.0,4960.0,4700.0,4840.0,4771.0,23229645.0,30056400000.0,6210000,KOSDAQ,tradable_ohlcv
2011-03-22,4840.0,4970.0,4820.0,4910.0,8737.0,42661345.0,30491100000.0,6210000,KOSDAQ,tradable_ohlcv
2011-03-23,5010.0,5640.0,4985.0,5640.0,40470.0,217997710.0,35024400000.0,6210000,KOSDAQ,tradable_ohlcv
2011-03-24,5770.0,6480.0,5760.0,6480.0,93797.0,589514750.0,40240800000.0,6210000,KOSDAQ,tradable_ohlcv
2011-03-25,6900.0,6900.0,5830.0,6000.0,80847.0,512505380.0,37260000000.0,6210000,KOSDAQ,tradable_ohlcv
2011-03-28,6000.0,6000.0,5540.0,5890.0,46394.0,265639580.0,36576900000.0,6210000,KOSDAQ,tradable_ohlcv
2011-03-29,5830.0,6000.0,5600.0,5800.0,21449.0,122731310.0,36018000000.0,6210000,KOSDAQ,tradable_ohlcv
2011-03-30,5740.0,6200.0,5690.0,6000.0,22162.0,131825820.0,37260000000.0,6210000,KOSDAQ,tradable_ohlcv
2011-03-31,6160.0,6220.0,5870.0,6200.0,15081.0,92728370.0,38502000000.0,6210000,KOSDAQ,tradable_ohlcv
2011-04-01,6210.0,6670.0,6070.0,6470.0,20610.0,132038540.0,40178700000.0,6210000,KOSDAQ,tradable_ohlcv
2011-04-04,6510.0,6720.0,6210.0,6380.0,6948.0,44340820.0,39619800000.0,6210000,KOSDAQ,tradable_ohlcv
2011-04-05,6600.0,6600.0,5990.0,6190.0,33590.0,204433960.0,38439900000.0,6210000,KOSDAQ,tradable_ohlcv
2011-04-06,6190.0,6190.0,5920.0,6070.0,6547.0,39370670.0,37694700000.0,6210000,KOSDAQ,tradable_ohlcv
2011-04-07,6140.0,6140.0,5940.0,5940.0,14663.0,88226710.0,36887400000.0,6210000,KOSDAQ,tradable_ohlcv
2011-04-08,6170.0,6170.0,5950.0,6120.0,7442.0,44957920.0,38005200000.0,6210000,KOSDAQ,tradable_ohlcv
2011-04-11,6000.0,6450.0,6000.0,6380.0,7582.0,47112240.0,39619800000.0,6210000,KOSDAQ,tradable_ohlcv
2011-04-12,6380.0,6380.0,6070.0,6070.0,5908.0,36289500.0,37694700000.0,6210000,KOSDAQ,tradable_ohlcv
2011-04-13,6070.0,6190.0,5910.0,5930.0,5307.0,31945660.0,36825300000.0,6210000,KOSDAQ,tradable_ohlcv
2011-04-14,5970.0,6260.0,5970.0,6140.0,2865.0,17441470.0,38129400000.0,6210000,KOSDAQ,tradable_ohlcv
2011-04-15,6060.0,6180.0,5960.0,6170.0,8370.0,50476410.0,38315700000.0,6210000,KOSDAQ,tradable_ohlcv
2011-04-18,6200.0,6200.0,5970.0,6140.0,4522.0,27305120.0,38129400000.0,6210000,KOSDAQ,tradable_ohlcv
2011-04-19,6250.0,6250.0,5960.0,6080.0,4096.0,24625400.0,37756800000.0,6210000,KOSDAQ,tradable_ohlcv
2011-04-20,6180.0,6180.0,5900.0,6030.0,5938.0,35628360.0,37446300000.0,6210000,KOSDAQ,tradable_ohlcv
2011-04-21,6180.0,6180.0,5900.0,6030.0,6109.0,36327500.0,37446300000.0,6210000,KOSDAQ,tradable_ohlcv
2011-04-22,6170.0,6170.0,5800.0,5910.0,9422.0,55432060.0,36701100000.0,6210000,KOSDAQ,tradable_ohlcv
2011-04-25,5810.0,6090.0,5730.0,5760.0,3475.0,20192770.0,35769600000.0,6210000,KOSDAQ,tradable_ohlcv
2011-04-26,5650.0,5740.0,5410.0,5510.0,9166.0,50997280.0,34217100000.0,6210000,KOSDAQ,tradable_ohlcv
2011-04-27,5490.0,5740.0,5190.0,5500.0,21311.0,113757240.0,34155000000.0,6210000,KOSDAQ,tradable_ohlcv
2011-04-28,5840.0,5840.0,5250.0,5320.0,13673.0,72781580.0,33037200000.0,6210000,KOSDAQ,tradable_ohlcv
2011-04-29,5450.0,5780.0,5180.0,5740.0,5757.0,30259470.0,35645400000.0,6210000,KOSDAQ,tradable_ohlcv
2011-05-02,5730.0,5730.0,5380.0,5640.0,4002.0,21868460.0,35024400000.0,6210000,KOSDAQ,tradable_ohlcv
2011-05-03,5630.0,5630.0,5310.0,5360.0,3679.0,19779740.0,33285600000.0,6210000,KOSDAQ,tradable_ohlcv
2011-05-04,5210.0,5480.0,5210.0,5300.0,6562.0,34862180.0,32913000000.0,6210000,KOSDAQ,tradable_ohlcv
2011-05-06,5460.0,5700.0,5220.0,5680.0,8265.0,45185900.0,35272800000.0,6210000,KOSDAQ,tradable_ohlcv
2011-05-09,5630.0,5790.0,5460.0,5770.0,7931.0,45208600.0,35831700000.0,6210000,KOSDAQ,tradable_ohlcv
2011-05-11,5770.0,5880.0,5560.0,5720.0,4553.0,25750360.0,35521200000.0,6210000,KOSDAQ,tradable_ohlcv
2011-05-12,5730.0,5940.0,5580.0,5720.0,9498.0,54177850.0,35521200000.0,6210000,KOSDAQ,tradable_ohlcv
2011-05-13,5970.0,5970.0,5630.0,5800.0,15688.0,91221710.0,36018000000.0,6210000,KOSDAQ,tradable_ohlcv
2011-05-16,5900.0,5900.0,5580.0,5750.0,12810.0,72299390.0,35707500000.0,6210000,KOSDAQ,tradable_ohlcv
2011-05-17,5940.0,5940.0,5580.0,5660.0,6725.0,38417290.0,35148600000.0,6210000,KOSDAQ,tradable_ohlcv
2011-05-18,5610.0,5990.0,5590.0,5770.0,10164.0,58563470.0,35831700000.0,6210000,KOSDAQ,tradable_ohlcv
2011-05-19,5770.0,5850.0,5600.0,5770.0,8707.0,49524370.0,35831700000.0,6210000,KOSDAQ,tradable_ohlcv
2011-05-20,5770.0,5770.0,5400.0,5700.0,7742.0,43434820.0,35397000000.0,6210000,KOSDAQ,tradable_ohlcv
2011-05-23,5650.0,5700.0,5470.0,5640.0,2603.0,14419520.0,35024400000.0,6210000,KOSDAQ,tradable_ohlcv
2011-05-24,5220.0,5640.0,5220.0,5400.0,2442.0,13568340.0,33534000000.0,6210000,KOSDAQ,tradable_ohlcv
2011-05-25,5350.0,5600.0,5030.0,5070.0,13278.0,70741230.0,31484700000.0,6210000,KOSDAQ,tradable_ohlcv
2011-05-26,5100.0,5530.0,5100.0,5500.0,8848.0,47849960.0,34155000000.0,6210000,KOSDAQ,tradable_ohlcv
2011-05-27,5460.0,5650.0,5450.0,5460.0,1478.0,8109420.0,33906600000.0,6210000,KOSDAQ,tradable_ohlcv
2011-05-30,5460.0,5660.0,5280.0,5340.0,10291.0,55628360.0,33161400000.0,6210000,KOSDAQ,tradable_ohlcv
2011-05-31,5340.0,5550.0,5300.0,5490.0,1336.0,7127810.0,34092900000.0,6210000,KOSDAQ,tradable_ohlcv
2011-06-01,5490.0,6310.0,5430.0,5500.0,8035.0,45465540.0,34155000000.0,6210000,KOSDAQ,tradable_ohlcv
2011-06-02,5620.0,5800.0,5500.0,5750.0,7392.0,41866020.0,35707500000.0,6210000,KOSDAQ,tradable_ohlcv
2011-06-03,5580.0,5810.0,5500.0,5800.0,14387.0,82357510.0,36018000000.0,6210000,KOSDAQ,tradable_ohlcv
2011-06-07,5920.0,5920.0,5650.0,5800.0,4532.0,26224870.0,36018000000.0,6210000,KOSDAQ,tradable_ohlcv
2011-06-08,5560.0,5870.0,5540.0,5750.0,5929.0,33164830.0,35707500000.0,6210000,KOSDAQ,tradable_ohlcv
2011-06-09,5800.0,5800.0,5510.0,5730.0,2317.0,13043040.0,35583300000.0,6210000,KOSDAQ,tradable_ohlcv
2011-06-10,5750.0,5750.0,5600.0,5690.0,504.0,2868990.0,35334900000.0,6210000,KOSDAQ,tradable_ohlcv
2011-06-13,5680.0,5680.0,5500.0,5630.0,6225.0,34663490.0,34962300000.0,6210000,KOSDAQ,tradable_ohlcv
2011-06-14,5690.0,5990.0,5600.0,5950.0,18884.0,109022430.0,36949500000.0,6210000,KOSDAQ,tradable_ohlcv
2011-06-15,5950.0,6390.0,5900.0,6150.0,21029.0,127871740.0,38191500000.0,6210000,KOSDAQ,tradable_ohlcv
2011-06-16,6200.0,6390.0,5970.0,6290.0,19392.0,118090040.0,39060900000.0,6210000,KOSDAQ,tradable_ohlcv
2011-06-17,6240.0,6590.0,6060.0,6370.0,7822.0,49554920.0,39557700000.0,6210000,KOSDAQ,tradable_ohlcv
2011-06-20,6310.0,6380.0,6210.0,6300.0,1006.0,6330450.0,39123000000.0,6210000,KOSDAQ,tradable_ohlcv
2011-06-21,6040.0,6190.0,5890.0,5970.0,7060.0,42062660.0,37073700000.0,6210000,KOSDAQ,tradable_ohlcv
2011-06-22,5730.0,6350.0,5730.0,6140.0,10523.0,63860390.0,38129400000.0,6210000,KOSDAQ,tradable_ohlcv
2011-06-23,6350.0,6350.0,5940.0,5940.0,4958.0,29879560.0,36887400000.0,6210000,KOSDAQ,tradable_ohlcv
2011-06-24,5970.0,6180.0,5830.0,6040.0,2635.0,15755190.0,37508400000.0,6210000,KOSDAQ,tradable_ohlcv
2011-06-27,6480.0,6480.0,5960.0,6080.0,1855.0,11189050.0,37756800000.0,6210000,KOSDAQ,tradable_ohlcv
2011-06-28,6080.0,6200.0,5850.0,6100.0,3118.0,18554110.0,37881000000.0,6210000,KOSDAQ,tradable_ohlcv
2011-06-29,6150.0,6150.0,5930.0,6080.0,2225.0,13550970.0,37756800000.0,6210000,KOSDAQ,tradable_ohlcv
2011-06-30,6200.0,6200.0,5850.0,6100.0,1757.0,10420770.0,37881000000.0,6210000,KOSDAQ,tradable_ohlcv
2011-07-01,6030.0,6140.0,6030.0,6140.0,4572.0,27886460.0,38129400000.0,6210000,KOSDAQ,tradable_ohlcv
2011-07-04,6070.0,6110.0,5870.0,5870.0,857.0,5181610.0,36452700000.0,6210000,KOSDAQ,tradable_ohlcv
2011-07-05,5920.0,6100.0,5850.0,6080.0,4673.0,27717510.0,37756800000.0,6210000,KOSDAQ,tradable_ohlcv
2011-07-06,5930.0,6060.0,5810.0,6050.0,4434.0,26668360.0,37570500000.0,6210000,KOSDAQ,tradable_ohlcv
2011-07-07,5930.0,6160.0,5820.0,6050.0,9072.0,53700190.0,37570500000.0,6210000,KOSDAQ,tradable_ohlcv
2011-07-08,5830.0,6180.0,5830.0,5890.0,11741.0,69204100.0,36576900000.0,6210000,KOSDAQ,tradable_ohlcv
2011-07-11,5870.0,6100.0,5830.0,6100.0,7030.0,41506580.0,37881000000.0,6210000,KOSDAQ,tradable_ohlcv
2011-07-12,6100.0,6300.0,5980.0,6260.0,15067.0,92925710.0,38874600000.0,6210000,KOSDAQ,tradable_ohlcv
2011-07-13,6250.0,6780.0,6200.0,6610.0,43340.0,283304510.0,41048100000.0,6210000,KOSDAQ,tradable_ohlcv
2011-07-14,6660.0,7170.0,6660.0,6950.0,21223.0,146928930.0,43159500000.0,6210000,KOSDAQ,tradable_ohlcv
2011-07-15,6950.0,7180.0,6810.0,6950.0,10046.0,69959290.0,43159500000.0,6210000,KOSDAQ,tradable_ohlcv
2011-07-18,6940.0,7030.0,6620.0,6760.0,13325.0,91840570.0,41979600000.0,6210000,KOSDAQ,tradable_ohlcv
2011-07-19,6710.0,6970.0,6710.0,6900.0,5764.0,39253350.0,42849000000.0,6210000,KOSDAQ,tradable_ohlcv
2011-07-20,6930.0,6930.0,6590.0,6700.0,11664.0,78379140.0,41607000000.0,6210000,KOSDAQ,tradable_ohlcv
2011-07-21,6970.0,6970.0,6650.0,6830.0,3715.0,25093080.0,42414300000.0,6210000,KOSDAQ,tradable_ohlcv
2011-07-22,6830.0,7000.0,6670.0,6900.0,11294.0,77272250.0,42849000000.0,6210000,KOSDAQ,tradable_ohlcv
2011-07-25,6830.0,6970.0,6060.0,6500.0,8954.0,59357900.0,40365000000.0,6210000,KOSDAQ,tradable_ohlcv
2011-07-26,6540.0,6900.0,6500.0,6790.0,10348.0,68885220.0,42165900000.0,6210000,KOSDAQ,tradable_ohlcv
2011-07-27,6930.0,6930.0,6490.0,6600.0,7383.0,48436670.0,40986000000.0,6210000,KOSDAQ,tradable_ohlcv
2011-07-28,6530.0,6630.0,6330.0,6500.0,4674.0,29998460.0,40365000000.0,6210000,KOSDAQ,tradable_ohlcv
2011-07-29,6400.0,6760.0,6380.0,6400.0,8092.0,52099650.0,39744000000.0,6210000,KOSDAQ,tradable_ohlcv
2011-08-01,6320.0,6550.0,6150.0,6400.0,24504.0,154333690.0,39744000000.0,6210000,KOSDAQ,tradable_ohlcv
2011-08-02,6870.0,6870.0,6390.0,6390.0,6234.0,39949600.0,39681900000.0,6210000,KOSDAQ,tradable_ohlcv
2011-08-03,6390.0,6790.0,6070.0,6270.0,4575.0,28951840.0,38936700000.0,6210000,KOSDAQ,tradable_ohlcv
2011-08-04,6270.0,7200.0,6270.0,6420.0,28770.0,191734570.0,39868200000.0,6210000,KOSDAQ,tradable_ohlcv
2011-08-05,6010.0,6780.0,5980.0,6350.0,21094.0,131443990.0,39433500000.0,6210000,KOSDAQ,tradable_ohlcv
2011-08-08,6350.0,6790.0,5500.0,5700.0,39891.0,233148050.0,35397000000.0,6210000,KOSDAQ,tradable_ohlcv
2011-08-09,5310.0,5330.0,4850.0,5260.0,46486.0,233395300.0,32664600000.0,6210000,KOSDAQ,tradable_ohlcv
2011-08-10,5500.0,5780.0,5400.0,5780.0,21109.0,118313260.0,35893800000.0,6210000,KOSDAQ,tradable_ohlcv
2011-08-11,5460.0,6310.0,5460.0,6270.0,19012.0,113348190.0,38936700000.0,6210000,KOSDAQ,tradable_ohlcv
2011-08-12,6310.0,6690.0,6160.0,6290.0,26584.0,171602390.0,39060900000.0,6210000,KOSDAQ,tradable_ohlcv
2011-08-16,6870.0,6870.0,6420.0,6670.0,26382.0,174265690.0,41420700000.0,6210000,KOSDAQ,tradable_ohlcv
2011-08-17,6600.0,6760.0,6430.0,6730.0,10352.0,68316790.0,41793300000.0,6210000,KOSDAQ,tradable_ohlcv
2011-08-18,6670.0,6950.0,6600.0,6890.0,27080.0,184274200.0,42786900000.0,6210000,KOSDAQ,tradable_ohlcv
2011-08-19,6820.0,6850.0,6400.0,6600.0,27390.0,181359320.0,40986000000.0,6210000,KOSDAQ,tradable_ohlcv
2011-08-22,6600.0,6940.0,6300.0,6320.0,17176.0,112597490.0,39247200000.0,6210000,KOSDAQ,tradable_ohlcv
2011-08-23,6690.0,6900.0,6400.0,6830.0,23438.0,156168560.0,42414300000.0,6210000,KOSDAQ,tradable_ohlcv
2011-08-24,6830.0,6970.0,6650.0,6790.0,21242.0,143908990.0,42165900000.0,6210000,KOSDAQ,tradable_ohlcv
2011-08-25,6760.0,7500.0,6760.0,7360.0,36600.0,262999350.0,45705600000.0,6210000,KOSDAQ,tradable_ohlcv
2011-08-26,7290.0,7800.0,7070.0,7630.0,27792.0,210043410.0,47382300000.0,6210000,KOSDAQ,tradable_ohlcv
2011-08-29,7750.0,8290.0,7750.0,8000.0,36364.0,292969020.0,49680000000.0,6210000,KOSDAQ,tradable_ohlcv
2011-08-30,8100.0,8370.0,7600.0,8000.0,42760.0,335974310.0,49680000000.0,6210000,KOSDAQ,tradable_ohlcv
2011-08-31,8000.0,8210.0,7800.0,8000.0,20049.0,159389050.0,49680000000.0,6210000,KOSDAQ,tradable_ohlcv
2011-09-01,7800.0,8800.0,7780.0,8410.0,71074.0,594016830.0,52226100000.0,6210000,KOSDAQ,tradable_ohlcv
2011-09-02,8430.0,8830.0,8430.0,8740.0,35232.0,304213160.0,54275400000.0,6210000,KOSDAQ,tradable_ohlcv
2011-09-05,8700.0,8950.0,8370.0,8450.0,55277.0,469088070.0,52474500000.0,6210000,KOSDAQ,tradable_ohlcv
2011-09-06,8360.0,8400.0,7490.0,7900.0,38931.0,310447040.0,49059000000.0,6210000,KOSDAQ,tradable_ohlcv
2011-09-07,7910.0,8160.0,7810.0,8090.0,22148.0,176554010.0,50238900000.0,6210000,KOSDAQ,tradable_ohlcv
2011-09-08,8090.0,9300.0,7980.0,9050.0,86837.0,773855380.0,56200500000.0,6210000,KOSDAQ,tradable_ohlcv
2011-09-09,9130.0,9450.0,8600.0,9050.0,40038.0,360448480.0,56200500000.0,6210000,KOSDAQ,tradable_ohlcv
2011-09-14,8830.0,9040.0,8200.0,8200.0,51341.0,441102970.0,50922000000.0,6210000,KOSDAQ,tradable_ohlcv
2011-09-15,8250.0,8630.0,8200.0,8550.0,23687.0,197670810.0,53095500000.0,6210000,KOSDAQ,tradable_ohlcv
2011-09-16,8800.0,8800.0,8390.0,8560.0,14066.0,120877540.0,53157600000.0,6210000,KOSDAQ,tradable_ohlcv
2011-09-19,8690.0,8690.0,8250.0,8320.0,9736.0,82979860.0,51667200000.0,6210000,KOSDAQ,tradable_ohlcv
2011-09-20,8300.0,8930.0,8100.0,8820.0,28015.0,238069880.0,54772200000.0,6210000,KOSDAQ,tradable_ohlcv
2011-09-21,8820.0,8970.0,8450.0,8970.0,13960.0,122702610.0,55703700000.0,6210000,KOSDAQ,tradable_ohlcv
2011-09-22,8900.0,9010.0,8750.0,8940.0,28557.0,253789730.0,55517400000.0,6210000,KOSDAQ,tradable_ohlcv
2011-09-23,8700.0,10250.0,8700.0,9150.0,158719.0,1519126550.0,56821500000.0,6210000,KOSDAQ,tradable_ohlcv
2011-09-26,9360.0,9400.0,7800.0,8300.0,100141.0,850788420.0,51543000000.0,6210000,KOSDAQ,tradable_ohlcv
2011-09-27,8300.0,9400.0,8300.0,9200.0,36449.0,327907790.0,57132000000.0,6210000,KOSDAQ,tradable_ohlcv
2011-09-28,9730.0,9730.0,9280.0,9400.0,20721.0,196557460.0,58374000000.0,6210000,KOSDAQ,tradable_ohlcv
2011-09-29,9200.0,10500.0,9200.0,10300.0,46507.0,454541540.0,63963000000.0,6210000,KOSDAQ,tradable_ohlcv
2011-09-30,10700.0,11800.0,10700.0,11800.0,156274.0,1795063750.0,73278000000.0,6210000,KOSDAQ,tradable_ohlcv
2011-10-04,12100.0,12250.0,11200.0,11800.0,179825.0,2105671500.0,73278000000.0,6210000,KOSDAQ,tradable_ohlcv
2011-10-05,12500.0,12500.0,11350.0,11400.0,90527.0,1065726850.0,70794000000.0,6210000,KOSDAQ,tradable_ohlcv
2011-10-06,11600.0,13000.0,11200.0,11950.0,100586.0,1208489500.0,74209500000.0,6210000,KOSDAQ,tradable_ohlcv
2011-10-07,12500.0,12750.0,11800.0,12100.0,56946.0,693032350.0,75141000000.0,6210000,KOSDAQ,tradable_ohlcv
2011-10-10,12000.0,12750.0,11900.0,12350.0,63239.0,777646050.0,76693500000.0,6210000,KOSDAQ,tradable_ohlcv
2011-10-11,12500.0,13100.0,12100.0,12100.0,50084.0,624704650.0,75141000000.0,6210000,KOSDAQ,tradable_ohlcv
2011-10-12,12050.0,12500.0,11950.0,12100.0,28223.0,342635150.0,75141000000.0,6210000,KOSDAQ,tradable_ohlcv
2011-10-13,12100.0,12550.0,12100.0,12100.0,29472.0,362608200.0,75141000000.0,6210000,KOSDAQ,tradable_ohlcv
2011-10-14,12350.0,12350.0,11600.0,12000.0,32188.0,382100050.0,74520000000.0,6210000,KOSDAQ,tradable_ohlcv
2011-10-17,12100.0,13800.0,11900.0,13800.0,128801.0,1714790100.0,85698000000.0,6210000,KOSDAQ,tradable_ohlcv
2011-10-18,14200.0,15700.0,14200.0,15200.0,224181.0,3358669250.0,94392000000.0,6210000,KOSDAQ,tradable_ohlcv
2011-10-19,15500.0,16050.0,14950.0,15550.0,87382.0,1355200200.0,96565500000.0,6210000,KOSDAQ,tradable_ohlcv
2011-10-20,15800.0,15800.0,14200.0,14400.0,130995.0,1956018650.0,89424000000.0,6210000,KOSDAQ,tradable_ohlcv
2011-10-21,14700.0,16150.0,14500.0,15300.0,80887.0,1242443750.0,95013000000.0,6210000,KOSDAQ,tradable_ohlcv
2011-10-24,15350.0,15950.0,15300.0,15950.0,59630.0,933497100.0,99049500000.0,6210000,KOSDAQ,tradable_ohlcv
2011-10-25,16750.0,18100.0,15950.0,17500.0,101345.0,1721284400.0,108675000000.0,6210000,KOSDAQ,tradable_ohlcv
2011-10-26,17050.0,17850.0,16350.0,17500.0,56525.0,965236150.0,108675000000.0,6210000,KOSDAQ,tradable_ohlcv
2011-10-27,17600.0,18450.0,16900.0,17400.0,55494.0,975164450.0,108054000000.0,6210000,KOSDAQ,tradable_ohlcv
2011-10-28,17600.0,17700.0,14800.0,15500.0,114926.0,1845856800.0,96255000000.0,6210000,KOSDAQ,tradable_ohlcv
2011-10-31,15600.0,16300.0,14550.0,15500.0,47652.0,731935300.0,96255000000.0,6210000,KOSDAQ,tradable_ohlcv
2011-11-01,15500.0,16150.0,15100.0,16000.0,32406.0,506607550.0,99360000000.0,6210000,KOSDAQ,tradable_ohlcv
2011-11-02,15200.0,16800.0,15200.0,16000.0,34135.0,546979150.0,99360000000.0,6210000,KOSDAQ,tradable_ohlcv
2011-11-03,16000.0,16350.0,15700.0,16000.0,24991.0,401591700.0,99360000000.0,6210000,KOSDAQ,tradable_ohlcv
2011-11-04,16150.0,16300.0,15800.0,16250.0,22990.0,369521150.0,100912500000.0,6210000,KOSDAQ,tradable_ohlcv
2011-11-07,16250.0,16550.0,15750.0,15800.0,27516.0,440370550.0,98118000000.0,6210000,KOSDAQ,tradable_ohlcv
2011-11-08,16150.0,16200.0,15800.0,15850.0,32295.0,515661850.0,98428500000.0,6210000,KOSDAQ,tradable_ohlcv
2011-11-09,16100.0,16100.0,15550.0,16000.0,14886.0,234615650.0,99360000000.0,6210000,KOSDAQ,tradable_ohlcv
2011-11-10,15600.0,16100.0,14150.0,15200.0,51541.0,777844450.0,94392000000.0,6210000,KOSDAQ,tradable_ohlcv
2011-11-11,15250.0,15400.0,13850.0,14350.0,53967.0,780318050.0,89113500000.0,6210000,KOSDAQ,tradable_ohlcv
2011-11-14,14100.0,14850.0,13800.0,13950.0,43985.0,622570850.0,86629500000.0,6210000,KOSDAQ,tradable_ohlcv
2011-11-15,13750.0,15950.0,13750.0,15450.0,51252.0,771651200.0,95944500000.0,6210000,KOSDAQ,tradable_ohlcv
2011-11-16,15650.0,16000.0,14300.0,14600.0,25771.0,387721450.0,90666000000.0,6210000,KOSDAQ,tradable_ohlcv
2011-11-17,14200.0,14700.0,14000.0,14600.0,14857.0,212417550.0,90666000000.0,6210000,KOSDAQ,tradable_ohlcv
2011-11-18,14450.0,15000.0,14050.0,14450.0,10387.0,149322450.0,89734500000.0,6210000,KOSDAQ,tradable_ohlcv
2011-11-21,14200.0,14500.0,13700.0,13950.0,14211.0,198518750.0,86629500000.0,6210000,KOSDAQ,tradable_ohlcv
2011-11-22,13750.0,14200.0,13100.0,14200.0,20269.0,276308300.0,88182000000.0,6210000,KOSDAQ,tradable_ohlcv
2011-11-23,14200.0,14600.0,13400.0,13900.0,6067.0,84277400.0,86319000000.0,6210000,KOSDAQ,tradable_ohlcv
2011-11-24,13850.0,13850.0,13100.0,13350.0,16213.0,216501900.0,82903500000.0,6210000,KOSDAQ,tradable_ohlcv
2011-11-25,13400.0,13450.0,12000.0,12000.0,53507.0,665354100.0,74520000000.0,6210000,KOSDAQ,tradable_ohlcv
2011-11-28,12000.0,12800.0,12000.0,12800.0,25189.0,314611200.0,79488000000.0,6210000,KOSDAQ,tradable_ohlcv
2011-11-29,12900.0,14250.0,12900.0,14000.0,22312.0,306101050.0,86940000000.0,6210000,KOSDAQ,tradable_ohlcv
2011-11-30,14000.0,14500.0,13300.0,13900.0,9729.0,134288150.0,86319000000.0,6210000,KOSDAQ,tradable_ohlcv
2011-12-01,14300.0,14450.0,13700.0,14200.0,8566.0,121156750.0,88182000000.0,6210000,KOSDAQ,tradable_ohlcv
2011-12-02,14500.0,14500.0,13500.0,14150.0,4758.0,66892900.0,87871500000.0,6210000,KOSDAQ,tradable_ohlcv
2011-12-05,13900.0,14150.0,13500.0,13700.0,8554.0,117854200.0,85077000000.0,6210000,KOSDAQ,tradable_ohlcv
2011-12-06,14300.0,14300.0,13000.0,13500.0,10680.0,142025850.0,83835000000.0,6210000,KOSDAQ,tradable_ohlcv
2011-12-07,13450.0,13750.0,12750.0,13450.0,26107.0,343851300.0,83524500000.0,6210000,KOSDAQ,tradable_ohlcv
2011-12-08,13300.0,13900.0,13000.0,13700.0,8253.0,109855000.0,85077000000.0,6210000,KOSDAQ,tradable_ohlcv
2011-12-09,13350.0,13750.0,12900.0,13750.0,15181.0,201335000.0,85387500000.0,6210000,KOSDAQ,tradable_ohlcv
2011-12-12,13200.0,13850.0,13100.0,13400.0,18679.0,247465750.0,83214000000.0,6210000,KOSDAQ,tradable_ohlcv
2011-12-13,13800.0,13800.0,13000.0,13400.0,11033.0,146072200.0,83214000000.0,6210000,KOSDAQ,tradable_ohlcv
2011-12-14,13200.0,13400.0,12500.0,12800.0,23319.0,299398450.0,79488000000.0,6210000,KOSDAQ,tradable_ohlcv
2011-12-15,12400.0,12800.0,11900.0,12400.0,33544.0,408169700.0,77004000000.0,6210000,KOSDAQ,tradable_ohlcv
2011-12-16,12550.0,12800.0,12050.0,12250.0,9652.0,119261300.0,76072500000.0,6210000,KOSDAQ,tradable_ohlcv
2011-12-19,12400.0,13750.0,11950.0,12900.0,45977.0,593329700.0,80109000000.0,6210000,KOSDAQ,tradable_ohlcv
2011-12-20,12900.0,14200.0,12700.0,13350.0,30581.0,411164900.0,82903500000.0,6210000,KOSDAQ,tradable_ohlcv
2011-12-21,13250.0,14000.0,13000.0,13750.0,15092.0,204740150.0,85387500000.0,6210000,KOSDAQ,tradable_ohlcv
2011-12-22,13750.0,13750.0,13000.0,13250.0,16049.0,211818300.0,82282500000.0,6210000,KOSDAQ,tradable_ohlcv
2011-12-23,13350.0,13600.0,13200.0,13300.0,14993.0,199513850.0,82593000000.0,6210000,KOSDAQ,tradable_ohlcv
2011-12-26,13050.0,13500.0,12850.0,12850.0,11414.0,148517800.0,79798500000.0,6210000,KOSDAQ,tradable_ohlcv
2011-12-27,13000.0,13300.0,12000.0,12300.0,32912.0,402103550.0,76383000000.0,6210000,KOSDAQ,tradable_ohlcv
2011-12-28,12850.0,12850.0,11400.0,11500.0,18557.0,217553700.0,71415000000.0,6210000,KOSDAQ,tradable_ohlcv
2011-12-29,11300.0,12150.0,11300.0,11800.0,10280.0,122673350.0,73278000000.0,6210000,KOSDAQ,tradable_ohlcv
