d,o,h,l,c,v,a,mc,s,m,rs
2007-01-02,20900.0,21000.0,19800.0,20800.0,8611.0,176308300.0,114400000000.0,5500000,KOSPI,tradable_ohlcv
2007-01-03,22200.0,22200.0,20000.0,20400.0,5210.0,105284500.0,112200000000.0,5500000,KOSPI,tradable_ohlcv
2007-01-04,19950.0,20300.0,19800.0,20000.0,4360.0,87243000.0,110000000000.0,5500000,KOSPI,tradable_ohlcv
2007-01-05,19800.0,20000.0,19000.0,19150.0,3910.0,75756000.0,105325000000.0,5500000,KOSPI,tradable_ohlcv
2007-01-08,19150.0,19200.0,18500.0,18600.0,1090.0,20330000.0,102300000000.0,5500000,KOSPI,tradable_ohlcv
2007-01-09,18300.0,19500.0,18250.0,19450.0,4660.0,86520500.0,106975000000.0,5500000,KOSPI,tradable_ohlcv
2007-01-10,19450.0,19450.0,18300.0,18800.0,1870.0,34940000.0,103400000000.0,5500000,KOSPI,tradable_ohlcv
2007-01-11,18800.0,19600.0,18500.0,19600.0,920.0,17567500.0,107800000000.0,5500000,KOSPI,tradable_ohlcv
2007-01-12,20350.0,20350.0,19300.0,19850.0,250.0,4951000.0,109175000000.0,5500000,KOSPI,tradable_ohlcv
2007-01-15,19400.0,19500.0,18650.0,19400.0,1500.0,29038500.0,106700000000.0,5500000,KOSPI,tradable_ohlcv
2007-01-16,19400.0,19400.0,18800.0,19250.0,1900.0,35894000.0,105875000000.0,5500000,KOSPI,tradable_ohlcv
2007-01-17,19250.0,19300.0,18900.0,19200.0,1680.0,32154500.0,105600000000.0,5500000,KOSPI,tradable_ohlcv
2007-01-18,19100.0,19200.0,18800.0,19200.0,1700.0,32485500.0,105600000000.0,5500000,KOSPI,tradable_ohlcv
2007-01-19,19400.0,19400.0,19000.0,19000.0,2160.0,41056000.0,104500000000.0,5500000,KOSPI,tradable_ohlcv
2007-01-22,19000.0,19000.0,18250.0,18950.0,1940.0,36586000.0,104225000000.0,5500000,KOSPI,tradable_ohlcv
2007-01-23,18950.0,19150.0,18950.0,19100.0,1920.0,36483500.0,105050000000.0,5500000,KOSPI,tradable_ohlcv
2007-01-24,20900.0,20900.0,19300.0,19700.0,3550.0,70968500.0,108350000000.0,5500000,KOSPI,tradable_ohlcv
2007-01-25,19700.0,20300.0,19300.0,19650.0,11090.0,216339500.0,108075000000.0,5500000,KOSPI,tradable_ohlcv
2007-01-26,19400.0,19650.0,19350.0,19600.0,1680.0,32563500.0,107800000000.0,5500000,KOSPI,tradable_ohlcv
2007-01-29,19950.0,20000.0,19350.0,19750.0,830.0,16238500.0,108625000000.0,5500000,KOSPI,tradable_ohlcv
2007-01-30,19400.0,19850.0,19200.0,19200.0,810.0,15736000.0,105600000000.0,5500000,KOSPI,tradable_ohlcv
2007-01-31,19000.0,19350.0,18950.0,19200.0,2770.0,52804000.0,105600000000.0,5500000,KOSPI,tradable_ohlcv
2007-02-01,19150.0,19200.0,19000.0,19200.0,960.0,18258500.0,105600000000.0,5500000,KOSPI,tradable_ohlcv
2007-02-02,19100.0,19600.0,19000.0,19500.0,2730.0,52398500.0,107250000000.0,5500000,KOSPI,tradable_ohlcv
2007-02-05,19100.0,19600.0,19050.0,19100.0,2160.0,41651500.0,105050000000.0,5500000,KOSPI,tradable_ohlcv
2007-02-06,19000.0,19500.0,19000.0,19500.0,3240.0,62831500.0,107250000000.0,5500000,KOSPI,tradable_ohlcv
2007-02-07,19500.0,19500.0,19250.0,19350.0,1200.0,23192000.0,106425000000.0,5500000,KOSPI,tradable_ohlcv
2007-02-08,19050.0,19850.0,19050.0,19850.0,1970.0,38430500.0,109175000000.0,5500000,KOSPI,tradable_ohlcv
2007-02-09,19950.0,20850.0,19950.0,20850.0,6600.0,135484000.0,114675000000.0,5500000,KOSPI,tradable_ohlcv
2007-02-12,20700.0,22900.0,20700.0,22000.0,12090.0,263334500.0,121000000000.0,5500000,KOSPI,tradable_ohlcv
2007-02-13,22050.0,23400.0,22050.0,23000.0,16290.0,374374500.0,126500000000.0,5500000,KOSPI,tradable_ohlcv
2007-02-14,23700.0,24100.0,22500.0,23000.0,68300.0,1627338000.0,126500000000.0,5500000,KOSPI,tradable_ohlcv
2007-02-15,23900.0,23900.0,22100.0,22750.0,9232.0,209774000.0,125125000000.0,5500000,KOSPI,tradable_ohlcv
2007-02-16,23000.0,23000.0,22000.0,22300.0,4320.0,96605500.0,122650000000.0,5500000,KOSPI,tradable_ohlcv
2007-02-20,22900.0,22900.0,22250.0,22550.0,5530.0,123934000.0,124025000000.0,5500000,KOSPI,tradable_ohlcv
2007-02-21,22650.0,23800.0,22650.0,23700.0,55080.0,1254893500.0,130350000000.0,5500000,KOSPI,tradable_ohlcv
2007-02-22,24000.0,24450.0,23400.0,23800.0,26070.0,622992500.0,130900000000.0,5500000,KOSPI,tradable_ohlcv
2007-02-23,24400.0,24400.0,23700.0,24050.0,22590.0,543995000.0,132275000000.0,5500000,KOSPI,tradable_ohlcv
2007-02-26,24100.0,24600.0,23500.0,23800.0,45820.0,1090626000.0,130900000000.0,5500000,KOSPI,tradable_ohlcv
2007-02-27,23800.0,23800.0,23300.0,23500.0,1640.0,38599000.0,129250000000.0,5500000,KOSPI,tradable_ohlcv
2007-02-28,22100.0,23500.0,21850.0,23050.0,3550.0,79402500.0,126775000000.0,5500000,KOSPI,tradable_ohlcv
2007-03-02,23200.0,23200.0,22800.0,23000.0,3530.0,80946500.0,126500000000.0,5500000,KOSPI,tradable_ohlcv
2007-03-05,22450.0,23500.0,22450.0,23500.0,5110.0,115969000.0,129250000000.0,5500000,KOSPI,tradable_ohlcv
2007-03-06,23650.0,23800.0,23250.0,23800.0,1410.0,33194000.0,130900000000.0,5500000,KOSPI,tradable_ohlcv
2007-03-07,23400.0,23500.0,23250.0,23250.0,1560.0,36452500.0,127875000000.0,5500000,KOSPI,tradable_ohlcv
2007-03-08,23750.0,24500.0,23650.0,24000.0,5610.0,134252500.0,132000000000.0,5500000,KOSPI,tradable_ohlcv
2007-03-09,25000.0,27000.0,24050.0,26800.0,9190.0,235138000.0,147400000000.0,5500000,KOSPI,tradable_ohlcv
2007-03-12,28100.0,29700.0,26000.0,26700.0,6832.0,182593400.0,146850000000.0,5500000,KOSPI,tradable_ohlcv
2007-03-13,26900.0,26900.0,25800.0,25800.0,3273.0,85532900.0,141900000000.0,5500000,KOSPI,tradable_ohlcv
2007-03-14,25750.0,25750.0,24100.0,24550.0,7230.0,177344900.0,135025000000.0,5500000,KOSPI,tradable_ohlcv
2007-03-15,24200.0,24550.0,23450.0,23450.0,6920.0,165512500.0,128975000000.0,5500000,KOSPI,tradable_ohlcv
2007-03-16,24800.0,24800.0,23600.0,24050.0,3822.0,92639100.0,132275000000.0,5500000,KOSPI,tradable_ohlcv
2007-03-19,24600.0,24600.0,23250.0,23500.0,6810.0,160668000.0,129250000000.0,5500000,KOSPI,tradable_ohlcv
2007-03-20,23600.0,23800.0,23300.0,23800.0,3070.0,72297500.0,130900000000.0,5500000,KOSPI,tradable_ohlcv
2007-03-21,23950.0,23950.0,23100.0,23100.0,5091.0,118441600.0,127050000000.0,5500000,KOSPI,tradable_ohlcv
2007-03-22,23100.0,23400.0,22600.0,23400.0,4530.0,104480500.0,128700000000.0,5500000,KOSPI,tradable_ohlcv
2007-03-23,23350.0,23350.0,22200.0,22200.0,6571.0,148116200.0,122100000000.0,5500000,KOSPI,tradable_ohlcv
2007-03-26,21800.0,22600.0,21800.0,22600.0,4570.0,102546500.0,124300000000.0,5500000,KOSPI,tradable_ohlcv
2007-03-27,22350.0,23300.0,22350.0,22550.0,1280.0,28887000.0,124025000000.0,5500000,KOSPI,tradable_ohlcv
2007-03-28,22400.0,22400.0,21900.0,22000.0,1950.0,43079000.0,121000000000.0,5500000,KOSPI,tradable_ohlcv
2007-03-29,21600.0,22050.0,21600.0,22000.0,1210.0,26606000.0,121000000000.0,5500000,KOSPI,tradable_ohlcv
2007-03-30,22000.0,22250.0,22000.0,22250.0,1711.0,37791250.0,122375000000.0,5500000,KOSPI,tradable_ohlcv
2007-04-02,22500.0,22550.0,21900.0,22550.0,5791.0,129726550.0,124025000000.0,5500000,KOSPI,tradable_ohlcv
2007-04-03,22550.0,22600.0,22450.0,22550.0,9330.0,210132000.0,124025000000.0,5500000,KOSPI,tradable_ohlcv
2007-04-04,22550.0,22550.0,22500.0,22550.0,5690.0,128115000.0,124025000000.0,5500000,KOSPI,tradable_ohlcv
2007-04-05,22550.0,22600.0,22000.0,22000.0,3670.0,81904500.0,121000000000.0,5500000,KOSPI,tradable_ohlcv
2007-04-06,21650.0,21650.0,21200.0,21350.0,10423.0,223060050.0,117425000000.0,5500000,KOSPI,tradable_ohlcv
2007-04-09,21350.0,21350.0,19850.0,20550.0,19781.0,404309550.0,113025000000.0,5500000,KOSPI,tradable_ohlcv
2007-04-10,20500.0,20650.0,20100.0,20650.0,39719.0,807411850.0,113575000000.0,5500000,KOSPI,tradable_ohlcv
2007-04-11,20200.0,20650.0,20200.0,20400.0,6870.0,139918000.0,112200000000.0,5500000,KOSPI,tradable_ohlcv
2007-04-12,20150.0,20800.0,20050.0,20800.0,7417.0,151672600.0,114400000000.0,5500000,KOSPI,tradable_ohlcv
2007-04-13,20800.0,21000.0,20400.0,20500.0,5900.0,121822000.0,112750000000.0,5500000,KOSPI,tradable_ohlcv
2007-04-16,20300.0,20450.0,20200.0,20400.0,3980.0,81009000.0,112200000000.0,5500000,KOSPI,tradable_ohlcv
2007-04-17,20500.0,20500.0,20000.0,20250.0,5810.0,117345000.0,111375000000.0,5500000,KOSPI,tradable_ohlcv
2007-04-18,20200.0,20250.0,20000.0,20250.0,4190.0,84591000.0,111375000000.0,5500000,KOSPI,tradable_ohlcv
2007-04-19,20250.0,20250.0,19900.0,20250.0,3460.0,69566000.0,111375000000.0,5500000,KOSPI,tradable_ohlcv
2007-04-20,20050.0,20300.0,19800.0,20250.0,13570.0,273754500.0,111375000000.0,5500000,KOSPI,tradable_ohlcv
2007-04-23,20300.0,21150.0,20300.0,20900.0,14500.0,301862000.0,114950000000.0,5500000,KOSPI,tradable_ohlcv
2007-04-24,21000.0,21200.0,20350.0,20400.0,6050.0,125483500.0,112200000000.0,5500000,KOSPI,tradable_ohlcv
2007-04-25,20500.0,20600.0,20150.0,20200.0,6420.0,130118000.0,111100000000.0,5500000,KOSPI,tradable_ohlcv
2007-04-26,20200.0,20400.0,20200.0,20350.0,1680.0,34118000.0,111925000000.0,5500000,KOSPI,tradable_ohlcv
2007-04-27,20500.0,20500.0,19900.0,19900.0,4700.0,94306500.0,109450000000.0,5500000,KOSPI,tradable_ohlcv
2007-04-30,19900.0,19900.0,19300.0,19600.0,2950.0,57603500.0,107800000000.0,5500000,KOSPI,tradable_ohlcv
2007-05-02,19300.0,20300.0,19300.0,20250.0,5950.0,117641500.0,111375000000.0,5500000,KOSPI,tradable_ohlcv
2007-05-03,20250.0,20900.0,20150.0,20850.0,6770.0,138673000.0,114675000000.0,5500000,KOSPI,tradable_ohlcv
2007-05-04,21700.0,21700.0,20600.0,21300.0,3710.0,78693500.0,117150000000.0,5500000,KOSPI,tradable_ohlcv
2007-05-07,21300.0,21300.0,20400.0,20850.0,5460.0,113185500.0,114675000000.0,5500000,KOSPI,tradable_ohlcv
2007-05-08,20850.0,20850.0,19900.0,20250.0,8270.0,166903000.0,111375000000.0,5500000,KOSPI,tradable_ohlcv
2007-05-09,20250.0,20700.0,20050.0,20050.0,6900.0,139769500.0,110275000000.0,5500000,KOSPI,tradable_ohlcv
2007-05-10,20050.0,20450.0,20000.0,20250.0,4780.0,96837000.0,111375000000.0,5500000,KOSPI,tradable_ohlcv
2007-05-11,20000.0,20300.0,20000.0,20100.0,1300.0,26195500.0,110550000000.0,5500000,KOSPI,tradable_ohlcv
2007-05-14,19900.0,20350.0,19600.0,20250.0,4680.0,94328500.0,111375000000.0,5500000,KOSPI,tradable_ohlcv
2007-05-15,20250.0,21700.0,20000.0,20750.0,10500.0,219229500.0,114125000000.0,5500000,KOSPI,tradable_ohlcv
2007-05-16,20950.0,20950.0,20450.0,20650.0,1770.0,36646500.0,113575000000.0,5500000,KOSPI,tradable_ohlcv
2007-05-17,20400.0,20900.0,20400.0,20700.0,3830.0,78832000.0,113850000000.0,5500000,KOSPI,tradable_ohlcv
2007-05-18,20700.0,20750.0,20000.0,20750.0,4351.0,88911250.0,114125000000.0,5500000,KOSPI,tradable_ohlcv
2007-05-21,20250.0,20750.0,20250.0,20750.0,3240.0,66383500.0,114125000000.0,5500000,KOSPI,tradable_ohlcv
2007-05-22,20500.0,20950.0,20300.0,20950.0,12600.0,259314000.0,115225000000.0,5500000,KOSPI,tradable_ohlcv
2007-05-23,21100.0,24050.0,21100.0,24050.0,62743.0,1464305650.0,132275000000.0,5500000,KOSPI,tradable_ohlcv
2007-05-25,23950.0,25450.0,23350.0,24450.0,111527.0,2727597150.0,134475000000.0,5500000,KOSPI,tradable_ohlcv
2007-05-28,24200.0,24200.0,23600.0,23700.0,19233.0,456648600.0,130350000000.0,5500000,KOSPI,tradable_ohlcv
2007-05-29,24100.0,24100.0,23400.0,24100.0,18774.0,444962900.0,132550000000.0,5500000,KOSPI,tradable_ohlcv
2007-05-30,24050.0,24450.0,23500.0,24400.0,10914.0,261539100.0,134200000000.0,5500000,KOSPI,tradable_ohlcv
2007-05-31,24400.0,24400.0,23200.0,23900.0,9828.0,233098200.0,131450000000.0,5500000,KOSPI,tradable_ohlcv
2007-06-01,23900.0,23900.0,23400.0,23600.0,8970.0,211840500.0,129800000000.0,5500000,KOSPI,tradable_ohlcv
2007-06-04,23600.0,23600.0,23050.0,23300.0,11090.0,258570000.0,128150000000.0,5500000,KOSPI,tradable_ohlcv
2007-06-05,23300.0,23500.0,22600.0,22950.0,3080.0,70692000.0,126225000000.0,5500000,KOSPI,tradable_ohlcv
2007-06-07,22550.0,23750.0,22500.0,23750.0,4550.0,103973000.0,130625000000.0,5500000,KOSPI,tradable_ohlcv
2007-06-08,23750.0,24100.0,23350.0,23400.0,5340.0,126405000.0,128700000000.0,5500000,KOSPI,tradable_ohlcv
2007-06-11,23400.0,23600.0,23000.0,23400.0,5220.0,121957500.0,128700000000.0,5500000,KOSPI,tradable_ohlcv
2007-06-12,23950.0,23950.0,23000.0,23500.0,7110.0,166343500.0,129250000000.0,5500000,KOSPI,tradable_ohlcv
2007-06-13,23250.0,23750.0,23100.0,23400.0,3900.0,90741000.0,128700000000.0,5500000,KOSPI,tradable_ohlcv
2007-06-14,23200.0,23650.0,23100.0,23300.0,6167.0,143735600.0,128150000000.0,5500000,KOSPI,tradable_ohlcv
2007-06-15,23500.0,23500.0,22600.0,22900.0,9320.0,212944500.0,125950000000.0,5500000,KOSPI,tradable_ohlcv
2007-06-18,23000.0,23000.0,22450.0,22500.0,14620.0,329627000.0,123750000000.0,5500000,KOSPI,tradable_ohlcv
2007-06-19,22500.0,22600.0,22150.0,22500.0,9110.0,204742500.0,123750000000.0,5500000,KOSPI,tradable_ohlcv
2007-06-20,22800.0,22950.0,22150.0,22350.0,16750.0,378072000.0,122925000000.0,5500000,KOSPI,tradable_ohlcv
2007-06-21,22300.0,22500.0,22000.0,22500.0,4650.0,103211000.0,123750000000.0,5500000,KOSPI,tradable_ohlcv
2007-06-22,22400.0,22400.0,21600.0,22000.0,15610.0,343928500.0,121000000000.0,5500000,KOSPI,tradable_ohlcv
2007-06-25,21650.0,21650.0,21150.0,21400.0,2460.0,52802500.0,117700000000.0,5500000,KOSPI,tradable_ohlcv
2007-06-26,21400.0,21500.0,20850.0,20900.0,5827.0,122812800.0,114950000000.0,5500000,KOSPI,tradable_ohlcv
2007-06-27,20900.0,20900.0,20450.0,20500.0,2410.0,49869000.0,112750000000.0,5500000,KOSPI,tradable_ohlcv
2007-06-28,20300.0,21000.0,20300.0,20950.0,2110.0,43608500.0,115225000000.0,5500000,KOSPI,tradable_ohlcv
2007-06-29,20950.0,21100.0,20600.0,21000.0,2910.0,61211000.0,115500000000.0,5500000,KOSPI,tradable_ohlcv
2007-07-02,20900.0,22000.0,20900.0,21750.0,25430.0,549826000.0,119625000000.0,5500000,KOSPI,tradable_ohlcv
2007-07-03,21800.0,22300.0,21500.0,22100.0,21770.0,478018500.0,121550000000.0,5500000,KOSPI,tradable_ohlcv
2007-07-04,22350.0,22400.0,21700.0,22200.0,13450.0,297277000.0,122100000000.0,5500000,KOSPI,tradable_ohlcv
2007-07-05,22000.0,22750.0,22000.0,22700.0,16190.0,363394500.0,124850000000.0,5500000,KOSPI,tradable_ohlcv
2007-07-06,22450.0,23200.0,22450.0,23050.0,13572.0,309118700.0,126775000000.0,5500000,KOSPI,tradable_ohlcv
2007-07-09,23050.0,24000.0,23050.0,23600.0,31850.0,753341000.0,129800000000.0,5500000,KOSPI,tradable_ohlcv
2007-07-10,23700.0,23700.0,23200.0,23500.0,10710.0,251781500.0,129250000000.0,5500000,KOSPI,tradable_ohlcv
2007-07-11,23400.0,23400.0,22750.0,23100.0,4440.0,102781000.0,127050000000.0,5500000,KOSPI,tradable_ohlcv
2007-07-12,23100.0,23350.0,22800.0,23350.0,3580.0,82267500.0,128425000000.0,5500000,KOSPI,tradable_ohlcv
2007-07-13,23500.0,23800.0,23000.0,23500.0,7130.0,166400500.0,129250000000.0,5500000,KOSPI,tradable_ohlcv
2007-07-16,23100.0,23400.0,22800.0,22950.0,5220.0,120418500.0,126225000000.0,5500000,KOSPI,tradable_ohlcv
2007-07-18,23000.0,24000.0,23000.0,24000.0,11020.0,259220500.0,132000000000.0,5500000,KOSPI,tradable_ohlcv
2007-07-19,23850.0,24450.0,23850.0,24300.0,9580.0,231558500.0,133650000000.0,5500000,KOSPI,tradable_ohlcv
2007-07-20,24350.0,24400.0,23700.0,24400.0,4820.0,116499500.0,134200000000.0,5500000,KOSPI,tradable_ohlcv
2007-07-23,23450.0,25350.0,23450.0,25250.0,17244.0,429383000.0,138875000000.0,5500000,KOSPI,tradable_ohlcv
2007-07-24,25600.0,25600.0,24600.0,25500.0,6550.0,165816500.0,140250000000.0,5500000,KOSPI,tradable_ohlcv
2007-07-25,25500.0,26100.0,24200.0,25400.0,5050.0,128534000.0,139700000000.0,5500000,KOSPI,tradable_ohlcv
2007-07-26,25200.0,25350.0,24500.0,24500.0,3023.0,74774000.0,134750000000.0,5500000,KOSPI,tradable_ohlcv
2007-07-27,24700.0,24700.0,23050.0,24600.0,6820.0,162978000.0,135300000000.0,5500000,KOSPI,tradable_ohlcv
2007-07-30,23400.0,24000.0,23400.0,24000.0,1760.0,41660500.0,132000000000.0,5500000,KOSPI,tradable_ohlcv
2007-07-31,24000.0,25000.0,23850.0,24650.0,4480.0,109458500.0,135575000000.0,5500000,KOSPI,tradable_ohlcv
2007-08-01,24650.0,24650.0,23900.0,23900.0,4080.0,98193000.0,131450000000.0,5500000,KOSPI,tradable_ohlcv
2007-08-02,23900.0,24400.0,23900.0,24050.0,3130.0,75526500.0,132275000000.0,5500000,KOSPI,tradable_ohlcv
2007-08-03,24450.0,24450.0,24100.0,24250.0,1270.0,30800500.0,133375000000.0,5500000,KOSPI,tradable_ohlcv
2007-08-06,23800.0,24200.0,23800.0,23900.0,820.0,19624000.0,131450000000.0,5500000,KOSPI,tradable_ohlcv
2007-08-07,23500.0,23600.0,23050.0,23400.0,1950.0,45652500.0,128700000000.0,5500000,KOSPI,tradable_ohlcv
2007-08-08,23400.0,23450.0,23150.0,23400.0,802.0,18706300.0,128700000000.0,5500000,KOSPI,tradable_ohlcv
2007-08-09,23400.0,23400.0,23250.0,23400.0,1100.0,25650000.0,128700000000.0,5500000,KOSPI,tradable_ohlcv
2007-08-10,23900.0,23900.0,21900.0,22000.0,3200.0,72092000.0,121000000000.0,5500000,KOSPI,tradable_ohlcv
2007-08-13,22000.0,22550.0,21900.0,22350.0,620.0,13745000.0,122925000000.0,5500000,KOSPI,tradable_ohlcv
2007-08-14,22650.0,22700.0,21600.0,21600.0,2260.0,49054000.0,118800000000.0,5500000,KOSPI,tradable_ohlcv
2007-08-16,19950.0,22000.0,18500.0,22000.0,5760.0,118746000.0,121000000000.0,5500000,KOSPI,tradable_ohlcv
2007-08-17,22300.0,22300.0,20000.0,20900.0,1280.0,27130500.0,114950000000.0,5500000,KOSPI,tradable_ohlcv
2007-08-20,21350.0,21600.0,20150.0,21300.0,1530.0,32654000.0,117150000000.0,5500000,KOSPI,tradable_ohlcv
2007-08-21,21000.0,21300.0,21000.0,21100.0,1190.0,25112000.0,116050000000.0,5500000,KOSPI,tradable_ohlcv
2007-08-22,21000.0,21550.0,20500.0,21450.0,3490.0,73560500.0,117975000000.0,5500000,KOSPI,tradable_ohlcv
2007-08-23,21800.0,22000.0,21450.0,21700.0,2130.0,46678500.0,119350000000.0,5500000,KOSPI,tradable_ohlcv
2007-08-24,22150.0,22350.0,21700.0,21900.0,1600.0,35289500.0,120450000000.0,5500000,KOSPI,tradable_ohlcv
2007-08-27,21600.0,22000.0,21600.0,21900.0,1330.0,28846500.0,120450000000.0,5500000,KOSPI,tradable_ohlcv
2007-08-28,22400.0,22500.0,21800.0,21900.0,3130.0,68673000.0,120450000000.0,5500000,KOSPI,tradable_ohlcv
2007-08-29,21000.0,21800.0,21000.0,21350.0,2260.0,48531000.0,117425000000.0,5500000,KOSPI,tradable_ohlcv
2007-08-30,21800.0,21800.0,21150.0,21500.0,820.0,17519500.0,118250000000.0,5500000,KOSPI,tradable_ohlcv
2007-08-31,21150.0,21500.0,21150.0,21350.0,4060.0,86605500.0,117425000000.0,5500000,KOSPI,tradable_ohlcv
2007-09-03,21800.0,21800.0,21350.0,21350.0,340.0,7303000.0,117425000000.0,5500000,KOSPI,tradable_ohlcv
2007-09-04,21150.0,22000.0,21100.0,22000.0,4220.0,90557000.0,121000000000.0,5500000,KOSPI,tradable_ohlcv
2007-09-05,22000.0,22000.0,21350.0,21550.0,4010.0,86234500.0,118525000000.0,5500000,KOSPI,tradable_ohlcv
2007-09-06,22000.0,22300.0,21800.0,21850.0,2770.0,61100000.0,120175000000.0,5500000,KOSPI,tradable_ohlcv
2007-09-07,22300.0,22300.0,21500.0,22300.0,2180.0,47970500.0,122650000000.0,5500000,KOSPI,tradable_ohlcv
2007-09-10,21450.0,21900.0,21450.0,21900.0,600.0,13057500.0,120450000000.0,5500000,KOSPI,tradable_ohlcv
2007-09-11,21500.0,21500.0,21250.0,21250.0,1030.0,21955000.0,116875000000.0,5500000,KOSPI,tradable_ohlcv
2007-09-12,21000.0,21150.0,20450.0,20800.0,3770.0,78315000.0,114400000000.0,5500000,KOSPI,tradable_ohlcv
2007-09-13,20800.0,20950.0,20500.0,20950.0,1200.0,24885000.0,115225000000.0,5500000,KOSPI,tradable_ohlcv
2007-09-14,20950.0,21000.0,20700.0,20900.0,2360.0,49181000.0,114950000000.0,5500000,KOSPI,tradable_ohlcv
2007-09-17,21000.0,21000.0,20800.0,20800.0,1700.0,35432000.0,114400000000.0,5500000,KOSPI,tradable_ohlcv
2007-09-18,20650.0,21000.0,20250.0,21000.0,6310.0,131077000.0,115500000000.0,5500000,KOSPI,tradable_ohlcv
2007-09-19,21000.0,21500.0,21000.0,21000.0,2816.0,59329500.0,115500000000.0,5500000,KOSPI,tradable_ohlcv
2007-09-20,21000.0,21000.0,20750.0,21000.0,1070.0,22390000.0,115500000000.0,5500000,KOSPI,tradable_ohlcv
2007-09-21,21600.0,21650.0,20800.0,21100.0,3760.0,80162500.0,116050000000.0,5500000,KOSPI,tradable_ohlcv
2007-09-27,21000.0,21300.0,21000.0,21200.0,1470.0,30982000.0,116600000000.0,5500000,KOSPI,tradable_ohlcv
2007-09-28,21450.0,23000.0,21450.0,21500.0,2500.0,54434500.0,118250000000.0,5500000,KOSPI,tradable_ohlcv
2007-10-01,21500.0,21800.0,21000.0,21200.0,2220.0,47064000.0,116600000000.0,5500000,KOSPI,tradable_ohlcv
2007-10-02,21200.0,21450.0,21050.0,21100.0,2900.0,61384500.0,116050000000.0,5500000,KOSPI,tradable_ohlcv
2007-10-04,21300.0,21750.0,21300.0,21700.0,3380.0,72835000.0,119350000000.0,5500000,KOSPI,tradable_ohlcv
2007-10-05,22000.0,22000.0,21700.0,21800.0,3510.0,76366000.0,119900000000.0,5500000,KOSPI,tradable_ohlcv
2007-10-08,22000.0,22600.0,21650.0,22600.0,3320.0,74026000.0,124300000000.0,5500000,KOSPI,tradable_ohlcv
2007-10-09,23000.0,23000.0,20500.0,21700.0,2550.0,57445000.0,119350000000.0,5500000,KOSPI,tradable_ohlcv
2007-10-10,22150.0,22150.0,21500.0,21950.0,530.0,11615000.0,120725000000.0,5500000,KOSPI,tradable_ohlcv
2007-10-11,21250.0,22000.0,21000.0,22000.0,3870.0,83464500.0,121000000000.0,5500000,KOSPI,tradable_ohlcv
2007-10-12,22450.0,22450.0,21300.0,21500.0,2830.0,61556000.0,118250000000.0,5500000,KOSPI,tradable_ohlcv
2007-10-15,21750.0,21750.0,21000.0,21300.0,1800.0,38490500.0,117150000000.0,5500000,KOSPI,tradable_ohlcv
2007-10-16,20800.0,21300.0,20200.0,20800.0,343260.0,7139832500.0,114400000000.0,5500000,KOSPI,tradable_ohlcv
2007-10-17,21350.0,21600.0,21300.0,21400.0,10540.0,225555500.0,117700000000.0,5500000,KOSPI,tradable_ohlcv
2007-10-18,21400.0,21700.0,21400.0,21400.0,10970.0,234830500.0,117700000000.0,5500000,KOSPI,tradable_ohlcv
2007-10-19,21450.0,21900.0,21400.0,21650.0,1050.0,22623000.0,119075000000.0,5500000,KOSPI,tradable_ohlcv
2007-10-22,21300.0,21650.0,21000.0,21550.0,7760.0,167177000.0,118525000000.0,5500000,KOSPI,tradable_ohlcv
2007-10-23,21250.0,21450.0,21100.0,21300.0,520.0,11020000.0,117150000000.0,5500000,KOSPI,tradable_ohlcv
2007-10-24,21650.0,24100.0,20850.0,20850.0,19410.0,433268500.0,114675000000.0,5500000,KOSPI,tradable_ohlcv
2007-10-25,20850.0,21450.0,20000.0,20000.0,13618.0,277452500.0,110000000000.0,5500000,KOSPI,tradable_ohlcv
2007-10-26,19550.0,19550.0,18100.0,18900.0,12671.0,238249400.0,103950000000.0,5500000,KOSPI,tradable_ohlcv
2007-10-29,18900.0,18900.0,17900.0,18100.0,18968.0,344992800.0,99550000000.0,5500000,KOSPI,tradable_ohlcv
2007-10-30,18000.0,18900.0,18000.0,18600.0,6908.0,127131300.0,102300000000.0,5500000,KOSPI,tradable_ohlcv
2007-10-31,18600.0,18800.0,18350.0,18650.0,4210.0,78201500.0,102575000000.0,5500000,KOSPI,tradable_ohlcv
2007-11-01,18650.0,18800.0,18250.0,18250.0,5460.0,100409000.0,100375000000.0,5500000,KOSPI,tradable_ohlcv
2007-11-02,17700.0,18600.0,17700.0,18400.0,10712.0,197575800.0,101200000000.0,5500000,KOSPI,tradable_ohlcv
2007-11-05,18600.0,18650.0,18350.0,18650.0,4620.0,85362000.0,102575000000.0,5500000,KOSPI,tradable_ohlcv
2007-11-06,19050.0,19100.0,18600.0,19100.0,4680.0,88388500.0,105050000000.0,5500000,KOSPI,tradable_ohlcv
2007-11-07,19200.0,19200.0,18750.0,18900.0,26690.0,504838500.0,103950000000.0,5500000,KOSPI,tradable_ohlcv
2007-11-08,18500.0,18800.0,18500.0,18550.0,16210.0,301369000.0,102025000000.0,5500000,KOSPI,tradable_ohlcv
2007-11-09,18550.0,18550.0,18050.0,18200.0,4690.0,85121000.0,100100000000.0,5500000,KOSPI,tradable_ohlcv
2007-11-12,18000.0,18600.0,18000.0,18500.0,2550.0,46254000.0,101750000000.0,5500000,KOSPI,tradable_ohlcv
2007-11-13,18500.0,19050.0,18000.0,18200.0,920.0,16725000.0,100100000000.0,5500000,KOSPI,tradable_ohlcv
2007-11-14,18200.0,18200.0,17850.0,18000.0,127840.0,2301209500.0,99000000000.0,5500000,KOSPI,tradable_ohlcv
2007-11-15,18000.0,18050.0,17850.0,18000.0,35690.0,642308000.0,99000000000.0,5500000,KOSPI,tradable_ohlcv
2007-11-16,18000.0,18000.0,17250.0,17900.0,9880.0,171802500.0,98450000000.0,5500000,KOSPI,tradable_ohlcv
2007-11-19,17800.0,17800.0,17600.0,17700.0,640.0,11337500.0,97350000000.0,5500000,KOSPI,tradable_ohlcv
2007-11-20,17350.0,17900.0,17000.0,17350.0,2570.0,44638000.0,95425000000.0,5500000,KOSPI,tradable_ohlcv
2007-11-21,17350.0,17500.0,17300.0,17400.0,160.0,2777500.0,95700000000.0,5500000,KOSPI,tradable_ohlcv
2007-11-22,17350.0,17350.0,17350.0,17350.0,100.0,1735000.0,95425000000.0,5500000,KOSPI,tradable_ohlcv
2007-11-23,17400.0,17450.0,16800.0,17300.0,940.0,16106000.0,95150000000.0,5500000,KOSPI,tradable_ohlcv
2007-11-26,17300.0,17300.0,17000.0,17300.0,300.0,5135500.0,95150000000.0,5500000,KOSPI,tradable_ohlcv
2007-11-27,17000.0,17300.0,17000.0,17300.0,670.0,11493000.0,95150000000.0,5500000,KOSPI,tradable_ohlcv
2007-11-28,17300.0,17300.0,17100.0,17200.0,210.0,3629000.0,94600000000.0,5500000,KOSPI,tradable_ohlcv
2007-11-29,16950.0,17200.0,16950.0,17200.0,140.0,2385000.0,94600000000.0,5500000,KOSPI,tradable_ohlcv
2007-11-30,16800.0,17400.0,16800.0,17400.0,350.0,5983500.0,95700000000.0,5500000,KOSPI,tradable_ohlcv
2007-12-03,17200.0,17600.0,17050.0,17600.0,480.0,8246500.0,96800000000.0,5500000,KOSPI,tradable_ohlcv
2007-12-04,17500.0,17600.0,16600.0,17600.0,860.0,14946500.0,96800000000.0,5500000,KOSPI,tradable_ohlcv
2007-12-05,17600.0,17850.0,17600.0,17850.0,70.0,1237000.0,98175000000.0,5500000,KOSPI,tradable_ohlcv
2007-12-06,17850.0,17850.0,17450.0,17800.0,210.0,3710000.0,97900000000.0,5500000,KOSPI,tradable_ohlcv
2007-12-07,17800.0,18000.0,17350.0,17700.0,1060.0,18671000.0,97350000000.0,5500000,KOSPI,tradable_ohlcv
2007-12-10,17700.0,18300.0,17700.0,18000.0,290.0,5234500.0,99000000000.0,5500000,KOSPI,tradable_ohlcv
2007-12-11,18500.0,18500.0,17900.0,18050.0,1160.0,20955500.0,99275000000.0,5500000,KOSPI,tradable_ohlcv
2007-12-12,17650.0,18050.0,17650.0,18050.0,330.0,5926000.0,99275000000.0,5500000,KOSPI,tradable_ohlcv
2007-12-13,17350.0,17600.0,17350.0,17600.0,1520.0,26729000.0,96800000000.0,5500000,KOSPI,tradable_ohlcv
2007-12-14,17800.0,18000.0,17800.0,18000.0,950.0,17052000.0,99000000000.0,5500000,KOSPI,tradable_ohlcv
2007-12-17,18000.0,18000.0,17050.0,18000.0,311.0,5469000.0,99000000000.0,5500000,KOSPI,tradable_ohlcv
2007-12-18,17450.0,17750.0,17450.0,17450.0,8040.0,140714500.0,95975000000.0,5500000,KOSPI,tradable_ohlcv
2007-12-20,17900.0,17900.0,17350.0,17850.0,290.0,5138000.0,98175000000.0,5500000,KOSPI,tradable_ohlcv
2007-12-21,17850.0,17850.0,17300.0,17850.0,80.0,1417500.0,98175000000.0,5500000,KOSPI,tradable_ohlcv
2007-12-24,17350.0,17750.0,17350.0,17750.0,160.0,2799000.0,97625000000.0,5500000,KOSPI,tradable_ohlcv
2007-12-26,17400.0,17800.0,17300.0,17800.0,1880.0,33065500.0,97900000000.0,5500000,KOSPI,tradable_ohlcv
2007-12-27,17500.0,17800.0,17300.0,17300.0,470.0,8178500.0,95150000000.0,5500000,KOSPI,tradable_ohlcv
2007-12-28,17500.0,17500.0,17200.0,17500.0,90.0,1559000.0,96250000000.0,5500000,KOSPI,tradable_ohlcv
