d,o,h,l,c,v,a,mc,s,m,rs
2017-01-02,4845.0,4880.0,4780.0,4840.0,129780.0,626390105.0,105872207320.0,21874423,KOSDAQ,tradable_ohlcv
2017-01-03,4780.0,5060.0,4780.0,4980.0,500388.0,2483541635.0,108934626540.0,21874423,KOSDAQ,tradable_ohlcv
2017-01-04,5020.0,5040.0,4955.0,4990.0,218846.0,1091381380.0,109153370770.0,21874423,KOSDAQ,tradable_ohlcv
2017-01-05,5010.0,5020.0,4950.0,4985.0,198077.0,987009245.0,109043998655.0,21874423,KOSDAQ,tradable_ohlcv
2017-01-06,4990.0,4995.0,4860.0,4865.0,182419.0,894173280.0,106419067895.0,21874423,KOSDAQ,tradable_ohlcv
2017-01-09,4880.0,4995.0,4865.0,4980.0,228383.0,1127850255.0,108934626540.0,21874423,KOSDAQ,tradable_ohlcv
2017-01-10,5010.0,5460.0,5010.0,5080.0,1565899.0,8208552180.0,111122068840.0,21874423,KOSDAQ,tradable_ohlcv
2017-01-11,5130.0,5160.0,4950.0,4950.0,333172.0,1671649955.0,108278393850.0,21874423,KOSDAQ,tradable_ohlcv
2017-01-12,4940.0,4985.0,4810.0,4835.0,270125.0,1312133890.0,105762835205.0,21874423,KOSDAQ,tradable_ohlcv
2017-01-13,4820.0,4935.0,4750.0,4835.0,252942.0,1222299690.0,105762835205.0,21874423,KOSDAQ,tradable_ohlcv
2017-01-16,4840.0,4890.0,4660.0,4660.0,218274.0,1038203285.0,101934811180.0,21874423,KOSDAQ,tradable_ohlcv
2017-01-17,4660.0,4735.0,4610.0,4735.0,180560.0,841015710.0,103575392905.0,21874423,KOSDAQ,tradable_ohlcv
2017-01-18,4670.0,4735.0,4600.0,4645.0,129252.0,603275115.0,101606694835.0,21874423,KOSDAQ,tradable_ohlcv
2017-01-19,4645.0,4690.0,4540.0,4540.0,178562.0,821131060.0,99309880420.0,21874423,KOSDAQ,tradable_ohlcv
2017-01-20,4550.0,4630.0,4485.0,4485.0,150895.0,685706140.0,98106787155.0,21874423,KOSDAQ,tradable_ohlcv
2017-01-23,4465.0,4515.0,4340.0,4340.0,246029.0,1082824885.0,94934995820.0,21874423,KOSDAQ,tradable_ohlcv
2017-01-24,4340.0,4485.0,4310.0,4415.0,123012.0,540892405.0,96575577545.0,21874423,KOSDAQ,tradable_ohlcv
2017-01-25,4405.0,4485.0,4385.0,4415.0,79465.0,352248990.0,96575577545.0,21874423,KOSDAQ,tradable_ohlcv
2017-01-26,4410.0,4485.0,4410.0,4485.0,73226.0,325869760.0,98106787155.0,21874423,KOSDAQ,tradable_ohlcv
2017-01-31,4470.0,4515.0,4405.0,4465.0,70981.0,315222760.0,97669298695.0,21874423,KOSDAQ,tradable_ohlcv
2017-02-01,4435.0,4560.0,4435.0,4500.0,90526.0,407213015.0,98434903500.0,21874423,KOSDAQ,tradable_ohlcv
2017-02-02,4450.0,4450.0,4205.0,4275.0,258086.0,1111796325.0,93513158325.0,21874423,KOSDAQ,tradable_ohlcv
2017-02-03,4275.0,4340.0,4260.0,4285.0,115117.0,493312350.0,93731902555.0,21874423,KOSDAQ,tradable_ohlcv
2017-02-06,4290.0,4350.0,4230.0,4330.0,108917.0,468654880.0,94716251590.0,21874423,KOSDAQ,tradable_ohlcv
2017-02-07,4345.0,4385.0,4255.0,4255.0,127653.0,551533290.0,93075669865.0,21874423,KOSDAQ,tradable_ohlcv
2017-02-08,4260.0,4295.0,4215.0,4270.0,75621.0,321940075.0,93403786210.0,21874423,KOSDAQ,tradable_ohlcv
2017-02-09,4260.0,4340.0,4255.0,4330.0,70536.0,303806245.0,94716251590.0,21874423,KOSDAQ,tradable_ohlcv
2017-02-10,4360.0,4360.0,4300.0,4350.0,65883.0,285314345.0,95153740050.0,21874423,KOSDAQ,tradable_ohlcv
2017-02-13,4350.0,4350.0,4270.0,4290.0,93158.0,399797345.0,93841274670.0,21874423,KOSDAQ,tradable_ohlcv
2017-02-14,4280.0,4325.0,4270.0,4300.0,67259.0,288030625.0,94060018900.0,21874423,KOSDAQ,tradable_ohlcv
2017-02-15,4315.0,4380.0,4300.0,4350.0,103156.0,448562170.0,95153740050.0,21874423,KOSDAQ,tradable_ohlcv
2017-02-16,4345.0,4385.0,4315.0,4360.0,121478.0,528130840.0,95372484280.0,21874423,KOSDAQ,tradable_ohlcv
2017-02-17,4335.0,4375.0,4320.0,4350.0,69881.0,303358875.0,95153740050.0,21874423,KOSDAQ,tradable_ohlcv
2017-02-20,4340.0,4385.0,4320.0,4360.0,74908.0,325710100.0,95372484280.0,21874423,KOSDAQ,tradable_ohlcv
2017-02-21,4360.0,4475.0,4345.0,4470.0,182550.0,801799500.0,97778670810.0,21874423,KOSDAQ,tradable_ohlcv
2017-02-22,4505.0,4630.0,4385.0,4385.0,476729.0,2143562680.0,95919344855.0,21874423,KOSDAQ,tradable_ohlcv
2017-02-23,4375.0,4420.0,4325.0,4330.0,111546.0,485875800.0,94716251590.0,21874423,KOSDAQ,tradable_ohlcv
2017-02-24,4330.0,4390.0,4330.0,4330.0,118811.0,516530115.0,94716251590.0,21874423,KOSDAQ,tradable_ohlcv
2017-02-27,4340.0,4375.0,4270.0,4285.0,116046.0,499279830.0,93731902555.0,21874423,KOSDAQ,tradable_ohlcv
2017-02-28,4290.0,4295.0,4120.0,4160.0,211499.0,887198540.0,90997599680.0,21874423,KOSDAQ,tradable_ohlcv
2017-03-02,4195.0,4200.0,4130.0,4130.0,69699.0,289774745.0,90341366990.0,21874423,KOSDAQ,tradable_ohlcv
2017-03-03,4135.0,4170.0,4000.0,4050.0,194519.0,787372720.0,88591413150.0,21874423,KOSDAQ,tradable_ohlcv
2017-03-06,3950.0,4065.0,3950.0,4040.0,116884.0,469032840.0,88372668920.0,21874423,KOSDAQ,tradable_ohlcv
2017-03-07,4040.0,4080.0,4030.0,4035.0,49368.0,199644150.0,88263296805.0,21874423,KOSDAQ,tradable_ohlcv
2017-03-08,4035.0,4070.0,4020.0,4035.0,52498.0,211987595.0,88263296805.0,21874423,KOSDAQ,tradable_ohlcv
2017-03-09,4020.0,4090.0,3955.0,3980.0,136252.0,547758475.0,87060203540.0,21874423,KOSDAQ,tradable_ohlcv
2017-03-10,3985.0,4115.0,3950.0,4115.0,160914.0,645797280.0,90013250645.0,21874423,KOSDAQ,tradable_ohlcv
2017-03-13,4115.0,4185.0,4090.0,4135.0,70133.0,290434645.0,90450739105.0,21874423,KOSDAQ,tradable_ohlcv
2017-03-14,4135.0,4170.0,4055.0,4110.0,115534.0,473388120.0,89903878530.0,21874423,KOSDAQ,tradable_ohlcv
2017-03-15,4110.0,4140.0,4030.0,4060.0,94416.0,383923225.0,88810157380.0,21874423,KOSDAQ,tradable_ohlcv
2017-03-16,4060.0,4245.0,4060.0,4205.0,193241.0,798753815.0,91981948715.0,21874423,KOSDAQ,tradable_ohlcv
2017-03-17,4205.0,4220.0,4140.0,4210.0,84394.0,352275445.0,92091320830.0,21874423,KOSDAQ,tradable_ohlcv
2017-03-20,4185.0,4200.0,4140.0,4140.0,64161.0,266673255.0,90560111220.0,21874423,KOSDAQ,tradable_ohlcv
2017-03-21,4150.0,4200.0,4130.0,4135.0,59871.0,248859520.0,90450739105.0,21874423,KOSDAQ,tradable_ohlcv
2017-03-22,4135.0,4390.0,4115.0,4120.0,443279.0,1885350485.0,90122622760.0,21874423,KOSDAQ,tradable_ohlcv
2017-03-23,4135.0,4135.0,4030.0,4060.0,155480.0,631556150.0,88810157380.0,21874423,KOSDAQ,tradable_ohlcv
2017-03-24,4040.0,4060.0,4015.0,4035.0,77431.0,312178435.0,88263296805.0,21874423,KOSDAQ,tradable_ohlcv
2017-03-27,4035.0,4085.0,4000.0,4000.0,91928.0,370205365.0,87497692000.0,21874423,KOSDAQ,tradable_ohlcv
2017-03-28,4095.0,4095.0,4030.0,4065.0,80151.0,325862935.0,88919529495.0,21874423,KOSDAQ,tradable_ohlcv
2017-03-29,4085.0,4220.0,4045.0,4150.0,155655.0,642490770.0,90778855450.0,21874423,KOSDAQ,tradable_ohlcv
2017-03-30,4150.0,4195.0,4095.0,4155.0,89336.0,370631365.0,90888227565.0,21874423,KOSDAQ,tradable_ohlcv
2017-03-31,4155.0,4245.0,4140.0,4220.0,153492.0,645661625.0,92310065060.0,21874423,KOSDAQ,tradable_ohlcv
2017-04-03,4255.0,4290.0,4215.0,4260.0,166911.0,710747650.0,93185041980.0,21874423,KOSDAQ,tradable_ohlcv
2017-04-04,4275.0,4275.0,4130.0,4180.0,158743.0,663574875.0,91435088140.0,21874423,KOSDAQ,tradable_ohlcv
2017-04-05,4215.0,4230.0,4160.0,4215.0,87686.0,367642655.0,92200692945.0,21874423,KOSDAQ,tradable_ohlcv
2017-04-06,4215.0,4230.0,4125.0,4165.0,81549.0,338863300.0,91106971795.0,21874423,KOSDAQ,tradable_ohlcv
2017-04-07,4530.0,4900.0,4310.0,4375.0,10955937.0,51101275740.0,95700600625.0,21874423,KOSDAQ,tradable_ohlcv
2017-04-10,4290.0,4295.0,4155.0,4175.0,933736.0,3928293745.0,91325716025.0,21874423,KOSDAQ,tradable_ohlcv
2017-04-11,4155.0,4260.0,4110.0,4140.0,524128.0,2187171605.0,90560111220.0,21874423,KOSDAQ,tradable_ohlcv
2017-04-12,4120.0,4255.0,4120.0,4235.0,319820.0,1342640440.0,92638181405.0,21874423,KOSDAQ,tradable_ohlcv
2017-04-13,4200.0,4335.0,4195.0,4260.0,373163.0,1590069125.0,93185041980.0,21874423,KOSDAQ,tradable_ohlcv
2017-04-14,4265.0,4295.0,4140.0,4175.0,354593.0,1496298840.0,91325716025.0,21874423,KOSDAQ,tradable_ohlcv
2017-04-17,4200.0,4275.0,4175.0,4255.0,189381.0,799459125.0,93075669865.0,21874423,KOSDAQ,tradable_ohlcv
2017-04-18,4285.0,4290.0,4190.0,4250.0,242023.0,1021713845.0,92966297750.0,21874423,KOSDAQ,tradable_ohlcv
2017-04-19,4245.0,4270.0,4190.0,4200.0,219680.0,925102560.0,91872576600.0,21874423,KOSDAQ,tradable_ohlcv
2017-04-20,4200.0,4240.0,4175.0,4175.0,222030.0,930317565.0,91325716025.0,21874423,KOSDAQ,tradable_ohlcv
2017-04-21,4205.0,4205.0,4160.0,4165.0,136897.0,572402665.0,91106971795.0,21874423,KOSDAQ,tradable_ohlcv
2017-04-24,4190.0,4190.0,4060.0,4060.0,228692.0,933846095.0,88810157380.0,21874423,KOSDAQ,tradable_ohlcv
2017-04-25,4060.0,4095.0,4060.0,4080.0,116404.0,473949730.0,89247645840.0,21874423,KOSDAQ,tradable_ohlcv
2017-04-26,4120.0,4160.0,4080.0,4110.0,122283.0,502541465.0,89903878530.0,21874423,KOSDAQ,tradable_ohlcv
2017-04-27,4115.0,4125.0,4030.0,4035.0,141099.0,574549860.0,88263296805.0,21874423,KOSDAQ,tradable_ohlcv
2017-04-28,4040.0,4115.0,4025.0,4060.0,148852.0,603286485.0,88810157380.0,21874423,KOSDAQ,tradable_ohlcv
2017-05-02,4065.0,4075.0,4020.0,4025.0,85291.0,344339150.0,88044552575.0,21874423,KOSDAQ,tradable_ohlcv
2017-05-04,4025.0,4075.0,4025.0,4055.0,70902.0,287128060.0,88700785265.0,21874423,KOSDAQ,tradable_ohlcv
2017-05-08,4065.0,4145.0,4050.0,4135.0,210644.0,867342130.0,90450739105.0,21874423,KOSDAQ,tradable_ohlcv
2017-05-10,4160.0,4210.0,4050.0,4110.0,258613.0,1061389565.0,89903878530.0,21874423,KOSDAQ,tradable_ohlcv
2017-05-11,4130.0,4160.0,4110.0,4155.0,144843.0,599598395.0,90888227565.0,21874423,KOSDAQ,tradable_ohlcv
2017-05-12,4145.0,4185.0,4100.0,4115.0,142473.0,589963815.0,90013250645.0,21874423,KOSDAQ,tradable_ohlcv
2017-05-15,4115.0,4145.0,4100.0,4120.0,57870.0,238592890.0,90122622760.0,21874423,KOSDAQ,tradable_ohlcv
2017-05-16,4120.0,4160.0,4055.0,4085.0,135615.0,552915600.0,89357017955.0,21874423,KOSDAQ,tradable_ohlcv
2017-05-17,4080.0,4110.0,4045.0,4060.0,104229.0,423348660.0,88810157380.0,21874423,KOSDAQ,tradable_ohlcv
2017-05-18,3990.0,4030.0,3955.0,3990.0,219334.0,874437350.0,87278947770.0,21874423,KOSDAQ,tradable_ohlcv
2017-05-19,3990.0,4045.0,3985.0,4035.0,64960.0,260911205.0,88263296805.0,21874423,KOSDAQ,tradable_ohlcv
2017-05-22,4025.0,4055.0,3995.0,4010.0,92975.0,372669890.0,87716436230.0,21874423,KOSDAQ,tradable_ohlcv
2017-05-23,4015.0,4020.0,3980.0,4005.0,93264.0,372814250.0,87607064115.0,21874423,KOSDAQ,tradable_ohlcv
2017-05-24,4005.0,4045.0,3990.0,4015.0,71695.0,287633975.0,87825808345.0,21874423,KOSDAQ,tradable_ohlcv
2017-05-25,4030.0,4080.0,3990.0,4080.0,163112.0,659025175.0,89247645840.0,21874423,KOSDAQ,tradable_ohlcv
2017-05-26,4125.0,4160.0,4065.0,4070.0,232050.0,954168855.0,89028901610.0,21874423,KOSDAQ,tradable_ohlcv
2017-05-29,4070.0,4095.0,4000.0,4000.0,99473.0,400934090.0,87497692000.0,21874423,KOSDAQ,tradable_ohlcv
2017-05-30,4030.0,4350.0,4005.0,4100.0,928373.0,3867953805.0,89685134300.0,21874423,KOSDAQ,tradable_ohlcv
2017-05-31,4070.0,4185.0,4065.0,4170.0,244507.0,1010496290.0,91216343910.0,21874423,KOSDAQ,tradable_ohlcv
2017-06-01,4170.0,4185.0,4120.0,4140.0,133819.0,554922545.0,90560111220.0,21874423,KOSDAQ,tradable_ohlcv
2017-06-02,4150.0,4265.0,4150.0,4220.0,335690.0,1409138330.0,92310065060.0,21874423,KOSDAQ,tradable_ohlcv
2017-06-05,4240.0,4280.0,4200.0,4270.0,285011.0,1209237265.0,93403786210.0,21874423,KOSDAQ,tradable_ohlcv
2017-06-07,4240.0,4305.0,4165.0,4170.0,247352.0,1043032120.0,91216343910.0,21874423,KOSDAQ,tradable_ohlcv
2017-06-08,4175.0,4260.0,4175.0,4245.0,211974.0,894926030.0,92856925635.0,21874423,KOSDAQ,tradable_ohlcv
2017-06-09,4245.0,4260.0,4185.0,4245.0,180107.0,761293580.0,92856925635.0,21874423,KOSDAQ,tradable_ohlcv
2017-06-12,4245.0,4250.0,4140.0,4160.0,142796.0,596057470.0,90997599680.0,21874423,KOSDAQ,tradable_ohlcv
2017-06-13,4160.0,4240.0,4140.0,4215.0,101163.0,423633330.0,92200692945.0,21874423,KOSDAQ,tradable_ohlcv
2017-06-14,4245.0,4265.0,4185.0,4200.0,147536.0,623017830.0,91872576600.0,21874423,KOSDAQ,tradable_ohlcv
2017-06-15,4200.0,4245.0,4120.0,4155.0,104386.0,433088795.0,90888227565.0,21874423,KOSDAQ,tradable_ohlcv
2017-06-16,4160.0,4260.0,4100.0,4140.0,125459.0,521642825.0,90560111220.0,21874423,KOSDAQ,tradable_ohlcv
2017-06-19,4140.0,4165.0,4085.0,4090.0,118629.0,488027710.0,89466390070.0,21874423,KOSDAQ,tradable_ohlcv
2017-06-20,4100.0,4115.0,4020.0,4045.0,145678.0,589762690.0,88482041035.0,21874423,KOSDAQ,tradable_ohlcv
2017-06-21,4010.0,4065.0,3990.0,4015.0,114334.0,458793535.0,87825808345.0,21874423,KOSDAQ,tradable_ohlcv
2017-06-22,4020.0,4095.0,4020.0,4030.0,81862.0,330680815.0,88153924690.0,21874423,KOSDAQ,tradable_ohlcv
2017-06-23,4040.0,4100.0,4040.0,4090.0,80639.0,328461445.0,89466390070.0,21874423,KOSDAQ,tradable_ohlcv
2017-06-26,4115.0,4120.0,4050.0,4075.0,83464.0,340128560.0,89138273725.0,21874423,KOSDAQ,tradable_ohlcv
2017-06-27,4055.0,4095.0,4045.0,4065.0,68264.0,277745280.0,88919529495.0,21874423,KOSDAQ,tradable_ohlcv
2017-06-28,4085.0,4085.0,4000.0,4000.0,116105.0,468537405.0,87497692000.0,21874423,KOSDAQ,tradable_ohlcv
2017-06-29,4030.0,4050.0,4005.0,4020.0,71722.0,288536710.0,87935180460.0,21874423,KOSDAQ,tradable_ohlcv
2017-06-30,4000.0,4035.0,3980.0,4010.0,118148.0,471437785.0,87716436230.0,21874423,KOSDAQ,tradable_ohlcv
2017-07-03,3985.0,4020.0,3980.0,3980.0,75298.0,300488235.0,87060203540.0,21874423,KOSDAQ,tradable_ohlcv
2017-07-04,3950.0,4015.0,3950.0,3960.0,110338.0,437842880.0,86622715080.0,21874423,KOSDAQ,tradable_ohlcv
2017-07-05,3930.0,3985.0,3930.0,3955.0,60195.0,238514525.0,86513342965.0,21874423,KOSDAQ,tradable_ohlcv
2017-07-06,3985.0,4000.0,3945.0,3960.0,44228.0,175226105.0,86622715080.0,21874423,KOSDAQ,tradable_ohlcv
2017-07-07,3955.0,3975.0,3920.0,3920.0,72753.0,286576890.0,85747738160.0,21874423,KOSDAQ,tradable_ohlcv
2017-07-10,3915.0,3935.0,3715.0,3755.0,285993.0,1080932355.0,82138458365.0,21874423,KOSDAQ,tradable_ohlcv
2017-07-11,3745.0,3790.0,3715.0,3750.0,107924.0,403702215.0,82029086250.0,21874423,KOSDAQ,tradable_ohlcv
2017-07-12,3720.0,3750.0,3690.0,3720.0,115155.0,426635200.0,81372853560.0,21874423,KOSDAQ,tradable_ohlcv
2017-07-13,3720.0,3750.0,3640.0,3680.0,108372.0,397052845.0,80497876640.0,21874423,KOSDAQ,tradable_ohlcv
2017-07-14,3680.0,3725.0,3655.0,3660.0,57624.0,212037865.0,80060388180.0,21874423,KOSDAQ,tradable_ohlcv
2017-07-17,3625.0,3700.0,3605.0,3640.0,72571.0,263344905.0,79622899720.0,21874423,KOSDAQ,tradable_ohlcv
2017-07-18,3620.0,3660.0,3620.0,3625.0,54405.0,197684595.0,79294783375.0,21874423,KOSDAQ,tradable_ohlcv
2017-07-19,3630.0,3755.0,3605.0,3755.0,107952.0,399111005.0,82138458365.0,21874423,KOSDAQ,tradable_ohlcv
2017-07-20,3770.0,3770.0,3715.0,3735.0,47742.0,178330980.0,81700969905.0,21874423,KOSDAQ,tradable_ohlcv
2017-07-21,3720.0,3780.0,3720.0,3760.0,40036.0,150153760.0,82247830480.0,21874423,KOSDAQ,tradable_ohlcv
2017-07-24,3755.0,3755.0,3670.0,3675.0,95727.0,354340995.0,80388504525.0,21874423,KOSDAQ,tradable_ohlcv
2017-07-25,3700.0,3700.0,3660.0,3665.0,37152.0,136625185.0,80169760295.0,21874423,KOSDAQ,tradable_ohlcv
2017-07-26,3655.0,3685.0,3630.0,3640.0,41854.0,152901185.0,79622899720.0,21874423,KOSDAQ,tradable_ohlcv
2017-07-27,3640.0,3655.0,3595.0,3645.0,67805.0,245260695.0,79732271835.0,21874423,KOSDAQ,tradable_ohlcv
2017-07-28,3645.0,3665.0,3500.0,3545.0,159666.0,564210865.0,77544829535.0,21874423,KOSDAQ,tradable_ohlcv
2017-07-31,3545.0,3555.0,3395.0,3395.0,132067.0,455115485.0,74263666085.0,21874423,KOSDAQ,tradable_ohlcv
2017-08-01,3390.0,3475.0,3390.0,3450.0,70302.0,241365695.0,75466759350.0,21874423,KOSDAQ,tradable_ohlcv
2017-08-02,3435.0,3480.0,3435.0,3465.0,26989.0,93292025.0,75794875695.0,21874423,KOSDAQ,tradable_ohlcv
2017-08-03,3465.0,3475.0,3300.0,3390.0,102215.0,345202475.0,74154293970.0,21874423,KOSDAQ,tradable_ohlcv
2017-08-04,3390.0,3420.0,3305.0,3390.0,83645.0,280869855.0,74154293970.0,21874423,KOSDAQ,tradable_ohlcv
2017-08-07,3360.0,3495.0,3360.0,3470.0,89001.0,307482430.0,75904247810.0,21874423,KOSDAQ,tradable_ohlcv
2017-08-08,3415.0,3480.0,3415.0,3460.0,34412.0,118883720.0,75685503580.0,21874423,KOSDAQ,tradable_ohlcv
2017-08-09,3460.0,3460.0,3405.0,3410.0,61626.0,210761405.0,74591782430.0,21874423,KOSDAQ,tradable_ohlcv
2017-08-10,3400.0,4060.0,3400.0,3680.0,4158576.0,15843068715.0,80497876640.0,21874423,KOSDAQ,tradable_ohlcv
2017-08-11,3675.0,3675.0,3425.0,3450.0,499451.0,1772089745.0,75466759350.0,21874423,KOSDAQ,tradable_ohlcv
2017-08-14,3415.0,3500.0,3270.0,3270.0,505903.0,1694192390.0,71529363210.0,21874423,KOSDAQ,tradable_ohlcv
2017-08-16,3270.0,3325.0,3205.0,3210.0,247284.0,804767775.0,70216897830.0,21874423,KOSDAQ,tradable_ohlcv
2017-08-17,3220.0,3320.0,3205.0,3285.0,125553.0,410900360.0,71857479555.0,21874423,KOSDAQ,tradable_ohlcv
2017-08-18,3285.0,3315.0,3165.0,3285.0,84989.0,276967220.0,71857479555.0,21874423,KOSDAQ,tradable_ohlcv
2017-08-21,3285.0,3315.0,3230.0,3295.0,68799.0,225577805.0,72076223785.0,21874423,KOSDAQ,tradable_ohlcv
2017-08-22,3310.0,3485.0,3285.0,3365.0,332858.0,1126738935.0,73607433395.0,21874423,KOSDAQ,tradable_ohlcv
2017-08-23,3395.0,3400.0,3300.0,3300.0,76183.0,253792265.0,72185595900.0,21874423,KOSDAQ,tradable_ohlcv
2017-08-24,3350.0,3355.0,3265.0,3330.0,66081.0,219131210.0,72841828590.0,21874423,KOSDAQ,tradable_ohlcv
2017-08-25,3330.0,3480.0,3320.0,3400.0,169705.0,579095420.0,74373038200.0,21874423,KOSDAQ,tradable_ohlcv
2017-08-28,3410.0,3535.0,3400.0,3460.0,103577.0,359174210.0,75685503580.0,21874423,KOSDAQ,tradable_ohlcv
2017-08-29,3460.0,3590.0,3410.0,3450.0,89595.0,310103120.0,75466759350.0,21874423,KOSDAQ,tradable_ohlcv
2017-08-30,3490.0,3510.0,3440.0,3450.0,83491.0,289273245.0,75466759350.0,21874423,KOSDAQ,tradable_ohlcv
2017-08-31,3450.0,3500.0,3415.0,3420.0,61210.0,210254010.0,74810526660.0,21874423,KOSDAQ,tradable_ohlcv
2017-09-01,3420.0,3530.0,3420.0,3490.0,101104.0,352925790.0,76341736270.0,21874423,KOSDAQ,tradable_ohlcv
2017-09-04,3340.0,3435.0,3335.0,3415.0,95385.0,324158025.0,74701154545.0,21874423,KOSDAQ,tradable_ohlcv
2017-09-05,3420.0,3460.0,3355.0,3385.0,72960.0,247115310.0,74044921855.0,21874423,KOSDAQ,tradable_ohlcv
2017-09-06,3375.0,3415.0,3345.0,3350.0,73168.0,246445075.0,73279317050.0,21874423,KOSDAQ,tradable_ohlcv
2017-09-07,3390.0,3450.0,3355.0,3425.0,86306.0,295353895.0,74919898775.0,21874423,KOSDAQ,tradable_ohlcv
2017-09-08,3425.0,3460.0,3330.0,3350.0,98769.0,332099865.0,73279317050.0,21874423,KOSDAQ,tradable_ohlcv
2017-09-11,3370.0,3400.0,3330.0,3365.0,51654.0,173514565.0,73607433395.0,21874423,KOSDAQ,tradable_ohlcv
2017-09-12,3365.0,3375.0,3330.0,3340.0,67197.0,225190335.0,73060572820.0,21874423,KOSDAQ,tradable_ohlcv
2017-09-13,3350.0,3385.0,3300.0,3325.0,80068.0,265956360.0,72732456475.0,21874423,KOSDAQ,tradable_ohlcv
2017-09-14,3325.0,3415.0,3325.0,3395.0,62241.0,209925360.0,74263666085.0,21874423,KOSDAQ,tradable_ohlcv
2017-09-15,3395.0,3440.0,3380.0,3420.0,84859.0,289565250.0,74810526660.0,21874423,KOSDAQ,tradable_ohlcv
2017-09-18,3435.0,3460.0,3395.0,3410.0,70987.0,242679855.0,74591782430.0,21874423,KOSDAQ,tradable_ohlcv
2017-09-19,3395.0,3450.0,3370.0,3425.0,52733.0,178976395.0,74919898775.0,21874423,KOSDAQ,tradable_ohlcv
2017-09-20,3440.0,3780.0,3415.0,3530.0,998226.0,3590507750.0,77216713190.0,21874423,KOSDAQ,tradable_ohlcv
2017-09-21,3475.0,3670.0,3475.0,3480.0,176320.0,621459025.0,76122992040.0,21874423,KOSDAQ,tradable_ohlcv
2017-09-22,3455.0,3530.0,3235.0,3340.0,166911.0,562319040.0,73060572820.0,21874423,KOSDAQ,tradable_ohlcv
2017-09-25,3350.0,3350.0,3140.0,3150.0,178871.0,573203865.0,68904432450.0,21874423,KOSDAQ,tradable_ohlcv
2017-09-26,3075.0,3170.0,3070.0,3100.0,102204.0,316879720.0,67810711300.0,21874423,KOSDAQ,tradable_ohlcv
2017-09-27,3100.0,3185.0,3095.0,3160.0,47082.0,147430600.0,69123176680.0,21874423,KOSDAQ,tradable_ohlcv
2017-09-28,3170.0,3185.0,3100.0,3140.0,51908.0,162672235.0,68685688220.0,21874423,KOSDAQ,tradable_ohlcv
2017-09-29,3125.0,3190.0,3125.0,3170.0,36737.0,116367695.0,69341920910.0,21874423,KOSDAQ,tradable_ohlcv
2017-10-10,3180.0,3285.0,3150.0,3165.0,96034.0,307705100.0,69232548795.0,21874423,KOSDAQ,tradable_ohlcv
2017-10-11,3165.0,3265.0,3165.0,3255.0,65391.0,211012155.0,71201246865.0,21874423,KOSDAQ,tradable_ohlcv
2017-10-12,3285.0,3290.0,3215.0,3260.0,55676.0,181847910.0,71310618980.0,21874423,KOSDAQ,tradable_ohlcv
2017-10-13,3260.0,3310.0,3170.0,3225.0,109368.0,352622500.0,70545014175.0,21874423,KOSDAQ,tradable_ohlcv
2017-10-16,3235.0,3235.0,3150.0,3150.0,79156.0,251016780.0,68904432450.0,21874423,KOSDAQ,tradable_ohlcv
2017-10-17,3150.0,3195.0,3140.0,3140.0,68335.0,215658815.0,68685688220.0,21874423,KOSDAQ,tradable_ohlcv
2017-10-18,3170.0,3235.0,3110.0,3150.0,86325.0,272498585.0,68904432450.0,21874423,KOSDAQ,tradable_ohlcv
2017-10-19,3160.0,3170.0,3140.0,3150.0,58410.0,184046430.0,68904432450.0,21874423,KOSDAQ,tradable_ohlcv
2017-10-20,3150.0,3180.0,3125.0,3170.0,64789.0,204332395.0,69341920910.0,21874423,KOSDAQ,tradable_ohlcv
2017-10-23,3175.0,3235.0,3170.0,3175.0,80910.0,259008475.0,69451293025.0,21874423,KOSDAQ,tradable_ohlcv
2017-10-24,3150.0,3275.0,3150.0,3260.0,157705.0,508855980.0,71310618980.0,21874423,KOSDAQ,tradable_ohlcv
2017-10-25,3285.0,3345.0,3210.0,3315.0,114120.0,377058810.0,72513712245.0,21874423,KOSDAQ,tradable_ohlcv
2017-10-26,3315.0,3385.0,3290.0,3310.0,64728.0,215907495.0,72404340130.0,21874423,KOSDAQ,tradable_ohlcv
2017-10-27,3310.0,3350.0,3290.0,3315.0,90752.0,301013565.0,72513712245.0,21874423,KOSDAQ,tradable_ohlcv
2017-10-30,3290.0,3420.0,3290.0,3415.0,134968.0,453427660.0,74701154545.0,21874423,KOSDAQ,tradable_ohlcv
2017-10-31,3400.0,3515.0,3365.0,3440.0,142902.0,492921135.0,75248015120.0,21874423,KOSDAQ,tradable_ohlcv
2017-11-01,3445.0,3465.0,3350.0,3450.0,78283.0,267192795.0,75466759350.0,21874423,KOSDAQ,tradable_ohlcv
2017-11-02,3450.0,3915.0,3335.0,3355.0,2241384.0,8164538470.0,73388689165.0,21874423,KOSDAQ,tradable_ohlcv
2017-11-03,3390.0,3420.0,3325.0,3365.0,225294.0,759439595.0,73607433395.0,21874423,KOSDAQ,tradable_ohlcv
2017-11-06,3350.0,3425.0,3340.0,3420.0,139835.0,473226860.0,74810526660.0,21874423,KOSDAQ,tradable_ohlcv
2017-11-07,3440.0,3440.0,3365.0,3395.0,105064.0,356278085.0,74263666085.0,21874423,KOSDAQ,tradable_ohlcv
2017-11-08,3370.0,3465.0,3355.0,3465.0,141365.0,482340070.0,75794875695.0,21874423,KOSDAQ,tradable_ohlcv
2017-11-09,3430.0,3700.0,3425.0,3620.0,825955.0,2968458715.0,79185411260.0,21874423,KOSDAQ,tradable_ohlcv
2017-11-10,3600.0,3650.0,3560.0,3585.0,168614.0,605400080.0,78419806455.0,21874423,KOSDAQ,tradable_ohlcv
2017-11-13,3580.0,3650.0,3565.0,3570.0,190409.0,686669805.0,78091690110.0,21874423,KOSDAQ,tradable_ohlcv
2017-11-14,3585.0,3750.0,3575.0,3705.0,374342.0,1367251480.0,81044737215.0,21874423,KOSDAQ,tradable_ohlcv
2017-11-15,3750.0,3870.0,3655.0,3750.0,764429.0,2887693830.0,82029086250.0,21874423,KOSDAQ,tradable_ohlcv
2017-11-16,3740.0,3790.0,3640.0,3720.0,233353.0,867143240.0,81372853560.0,21874423,KOSDAQ,tradable_ohlcv
2017-11-17,3775.0,3775.0,3655.0,3695.0,117791.0,436567685.0,80825992985.0,21874423,KOSDAQ,tradable_ohlcv
2017-11-20,3680.0,3910.0,3665.0,3910.0,413092.0,1581333185.0,85528993930.0,21874423,KOSDAQ,tradable_ohlcv
2017-11-21,3960.0,3960.0,3835.0,3900.0,255372.0,988627360.0,85310249700.0,21874423,KOSDAQ,tradable_ohlcv
2017-11-22,3900.0,3900.0,3610.0,3625.0,389887.0,1446239295.0,79294783375.0,21874423,KOSDAQ,tradable_ohlcv
2017-11-23,3590.0,3730.0,3540.0,3715.0,196897.0,722637290.0,81263481445.0,21874423,KOSDAQ,tradable_ohlcv
2017-11-24,3740.0,3765.0,3635.0,3635.0,163477.0,601920545.0,79513527605.0,21874423,KOSDAQ,tradable_ohlcv
2017-11-27,3620.0,3650.0,3545.0,3560.0,159823.0,573372055.0,77872945880.0,21874423,KOSDAQ,tradable_ohlcv
2017-11-28,3580.0,4080.0,3570.0,3695.0,3657020.0,14113136905.0,80825992985.0,21874423,KOSDAQ,tradable_ohlcv
2017-11-29,3695.0,3755.0,3620.0,3715.0,325527.0,1200461140.0,81263481445.0,21874423,KOSDAQ,tradable_ohlcv
2017-11-30,3695.0,3835.0,3650.0,3680.0,276818.0,1031360315.0,80497876640.0,21874423,KOSDAQ,tradable_ohlcv
2017-12-01,3700.0,4000.0,3680.0,3800.0,1001326.0,3856586730.0,83122807400.0,21874423,KOSDAQ,tradable_ohlcv
2017-12-04,3775.0,3990.0,3775.0,3960.0,637084.0,2495247685.0,86622715080.0,21874423,KOSDAQ,tradable_ohlcv
2017-12-05,3915.0,3940.0,3795.0,3800.0,442257.0,1704282565.0,83122807400.0,21874423,KOSDAQ,tradable_ohlcv
2017-12-06,3800.0,3870.0,3740.0,3805.0,248898.0,944241650.0,83232179515.0,21874423,KOSDAQ,tradable_ohlcv
2017-12-07,3785.0,3820.0,3620.0,3640.0,290681.0,1070537125.0,79622899720.0,21874423,KOSDAQ,tradable_ohlcv
2017-12-08,3655.0,3690.0,3555.0,3555.0,138231.0,502054570.0,77763573765.0,21874423,KOSDAQ,tradable_ohlcv
2017-12-11,3575.0,3645.0,3550.0,3630.0,70202.0,252718860.0,79404155490.0,21874423,KOSDAQ,tradable_ohlcv
2017-12-12,3650.0,3760.0,3635.0,3650.0,142490.0,526073380.0,79841643950.0,21874423,KOSDAQ,tradable_ohlcv
2017-12-13,3700.0,3720.0,3635.0,3665.0,72400.0,265175480.0,80169760295.0,21874423,KOSDAQ,tradable_ohlcv
2017-12-14,3655.0,3695.0,3590.0,3600.0,84659.0,308329040.0,78747922800.0,21874423,KOSDAQ,tradable_ohlcv
2017-12-15,3610.0,3660.0,3575.0,3600.0,55794.0,200857210.0,78747922800.0,21874423,KOSDAQ,tradable_ohlcv
2017-12-18,3600.0,3645.0,3480.0,3490.0,129633.0,461737495.0,76341736270.0,21874423,KOSDAQ,tradable_ohlcv
2017-12-19,3500.0,3505.0,3370.0,3430.0,260385.0,887673620.0,75029270890.0,21874423,KOSDAQ,tradable_ohlcv
2017-12-20,3435.0,3460.0,3300.0,3300.0,87088.0,293233325.0,72185595900.0,21874423,KOSDAQ,tradable_ohlcv
2017-12-21,3305.0,3405.0,3245.0,3320.0,146232.0,484271425.0,72623084360.0,21874423,KOSDAQ,tradable_ohlcv
2017-12-22,3320.0,3380.0,3280.0,3330.0,90727.0,302543545.0,72841828590.0,21874423,KOSDAQ,tradable_ohlcv
2017-12-26,3340.0,3480.0,3335.0,3400.0,167186.0,570866815.0,74373038200.0,21874423,KOSDAQ,tradable_ohlcv
2017-12-27,3380.0,3500.0,3380.0,3500.0,120199.0,415381285.0,76560480500.0,21874423,KOSDAQ,tradable_ohlcv
2017-12-28,3500.0,3555.0,3470.0,3500.0,112342.0,393765895.0,76560480500.0,21874423,KOSDAQ,tradable_ohlcv
