d,o,h,l,c,v,a,mc,s,m,rs
2018-01-02,8930.0,8990.0,8840.0,8930.0,77529.0,691105270.0,168517744240.0,18870968,KOSPI,tradable_ohlcv
2018-01-03,8930.0,8930.0,8810.0,8860.0,49806.0,442178280.0,167196776480.0,18870968,KOSPI,tradable_ohlcv
2018-01-04,8860.0,8880.0,8760.0,8830.0,44836.0,395473520.0,166630647440.0,18870968,KOSPI,tradable_ohlcv
2018-01-05,8780.0,8980.0,8780.0,8930.0,52173.0,464310460.0,168517744240.0,18870968,KOSPI,tradable_ohlcv
2018-01-08,8870.0,9230.0,8870.0,9200.0,118661.0,1084846570.0,173612905600.0,18870968,KOSPI,tradable_ohlcv
2018-01-09,9250.0,9270.0,9110.0,9200.0,102388.0,943566370.0,173612905600.0,18870968,KOSPI,tradable_ohlcv
2018-01-10,9150.0,9200.0,9010.0,9100.0,41872.0,381301610.0,171725808800.0,18870968,KOSPI,tradable_ohlcv
2018-01-11,9190.0,9190.0,9040.0,9110.0,51823.0,471011800.0,171914518480.0,18870968,KOSPI,tradable_ohlcv
2018-01-12,9120.0,9510.0,9120.0,9500.0,506932.0,4775214010.0,179274196000.0,18870968,KOSPI,tradable_ohlcv
2018-01-15,9510.0,9620.0,9490.0,9540.0,165750.0,1586704380.0,180029034720.0,18870968,KOSPI,tradable_ohlcv
2018-01-16,9450.0,9580.0,9370.0,9510.0,54883.0,518305760.0,179462905680.0,18870968,KOSPI,tradable_ohlcv
2018-01-17,9480.0,9640.0,9460.0,9540.0,98769.0,945646750.0,180029034720.0,18870968,KOSPI,tradable_ohlcv
2018-01-18,9550.0,9870.0,9550.0,9770.0,188736.0,1846873870.0,184369357360.0,18870968,KOSPI,tradable_ohlcv
2018-01-19,9790.0,9800.0,9660.0,9750.0,34040.0,331597990.0,183991938000.0,18870968,KOSPI,tradable_ohlcv
2018-01-22,9750.0,9750.0,9520.0,9630.0,57320.0,551537950.0,181727421840.0,18870968,KOSPI,tradable_ohlcv
2018-01-23,9640.0,9880.0,9580.0,9830.0,304432.0,2972037050.0,185501615440.0,18870968,KOSPI,tradable_ohlcv
2018-01-24,9900.0,9950.0,9850.0,9880.0,98401.0,974147510.0,186445163840.0,18870968,KOSPI,tradable_ohlcv
2018-01-25,9880.0,9950.0,9760.0,9890.0,92511.0,916391900.0,186633873520.0,18870968,KOSPI,tradable_ohlcv
2018-01-26,9940.0,9940.0,9770.0,9900.0,47711.0,471047180.0,186822583200.0,18870968,KOSPI,tradable_ohlcv
2018-01-29,9950.0,10200.0,9910.0,9990.0,195713.0,1967776600.0,188520970320.0,18870968,KOSPI,tradable_ohlcv
2018-01-30,9980.0,10050.0,9870.0,9950.0,98191.0,975309750.0,187766131600.0,18870968,KOSPI,tradable_ohlcv
2018-01-31,9890.0,9890.0,9660.0,9720.0,87907.0,858645560.0,183425808960.0,18870968,KOSPI,tradable_ohlcv
2018-02-01,9750.0,9910.0,9700.0,9790.0,55396.0,541473030.0,184746776720.0,18870968,KOSPI,tradable_ohlcv
2018-02-02,9790.0,9830.0,9500.0,9520.0,67256.0,645085030.0,179651615360.0,18870968,KOSPI,tradable_ohlcv
2018-02-05,9400.0,9450.0,9330.0,9380.0,30358.0,284426380.0,177009679840.0,18870968,KOSPI,tradable_ohlcv
2018-02-06,9040.0,9250.0,9000.0,9100.0,79111.0,718700340.0,171725808800.0,18870968,KOSPI,tradable_ohlcv
2018-02-07,9190.0,9250.0,9010.0,9090.0,36370.0,331428640.0,171537099120.0,18870968,KOSPI,tradable_ohlcv
2018-02-08,9150.0,9260.0,9090.0,9140.0,38818.0,355743240.0,172480647520.0,18870968,KOSPI,tradable_ohlcv
2018-02-09,9000.0,9150.0,8880.0,8980.0,67470.0,604995440.0,169461292640.0,18870968,KOSPI,tradable_ohlcv
2018-02-12,9000.0,9150.0,8940.0,9080.0,52173.0,473775870.0,171348389440.0,18870968,KOSPI,tradable_ohlcv
2018-02-13,9110.0,9140.0,8970.0,8970.0,19235.0,173587560.0,169272582960.0,18870968,KOSPI,tradable_ohlcv
2018-02-14,9040.0,9040.0,8870.0,9000.0,48445.0,433556530.0,169838712000.0,18870968,KOSPI,tradable_ohlcv
2018-02-19,9020.0,9090.0,8950.0,9050.0,58068.0,523526410.0,170782260400.0,18870968,KOSPI,tradable_ohlcv
2018-02-20,9050.0,9050.0,8910.0,8940.0,41730.0,373663430.0,168706453920.0,18870968,KOSPI,tradable_ohlcv
2018-02-21,8970.0,8980.0,8880.0,8930.0,17164.0,153257400.0,168517744240.0,18870968,KOSPI,tradable_ohlcv
2018-02-22,8970.0,8970.0,8850.0,8860.0,34543.0,306815760.0,167196776480.0,18870968,KOSPI,tradable_ohlcv
2018-02-23,8850.0,9000.0,8850.0,8980.0,15614.0,139568550.0,169461292640.0,18870968,KOSPI,tradable_ohlcv
2018-02-26,8980.0,9020.0,8950.0,9000.0,16962.0,152182740.0,169838712000.0,18870968,KOSPI,tradable_ohlcv
2018-02-27,9030.0,9070.0,8950.0,9020.0,36027.0,323956310.0,170216131360.0,18870968,KOSPI,tradable_ohlcv
2018-02-28,9000.0,9030.0,8890.0,8970.0,61384.0,549709950.0,169272582960.0,18870968,KOSPI,tradable_ohlcv
2018-03-02,8910.0,8980.0,8830.0,8970.0,19148.0,170037110.0,169272582960.0,18870968,KOSPI,tradable_ohlcv
2018-03-05,8970.0,8970.0,8800.0,8840.0,22880.0,202385630.0,166819357120.0,18870968,KOSPI,tradable_ohlcv
2018-03-06,8840.0,9050.0,8840.0,8940.0,16186.0,144681000.0,168706453920.0,18870968,KOSPI,tradable_ohlcv
2018-03-07,8960.0,8960.0,8850.0,8870.0,18421.0,163544520.0,167385486160.0,18870968,KOSPI,tradable_ohlcv
2018-03-08,8900.0,9020.0,8800.0,8980.0,45337.0,401083430.0,169461292640.0,18870968,KOSPI,tradable_ohlcv
2018-03-09,9040.0,9210.0,9040.0,9150.0,54677.0,500327160.0,172669357200.0,18870968,KOSPI,tradable_ohlcv
2018-03-12,9150.0,9280.0,9150.0,9210.0,18973.0,175300700.0,173801615280.0,18870968,KOSPI,tradable_ohlcv
2018-03-13,9270.0,9270.0,9040.0,9070.0,22774.0,206552100.0,171159679760.0,18870968,KOSPI,tradable_ohlcv
2018-03-14,9120.0,9130.0,9010.0,9040.0,26203.0,237186550.0,170593550720.0,18870968,KOSPI,tradable_ohlcv
2018-03-15,9150.0,9150.0,8900.0,9030.0,60493.0,541180770.0,170404841040.0,18870968,KOSPI,tradable_ohlcv
2018-03-16,9060.0,9180.0,8980.0,9130.0,34113.0,308855120.0,172291937840.0,18870968,KOSPI,tradable_ohlcv
2018-03-19,9130.0,9130.0,8990.0,9040.0,12427.0,112243700.0,170593550720.0,18870968,KOSPI,tradable_ohlcv
2018-03-20,9000.0,9040.0,8940.0,9030.0,33846.0,303542230.0,170404841040.0,18870968,KOSPI,tradable_ohlcv
2018-03-21,9050.0,9120.0,8950.0,9000.0,39073.0,350821020.0,169838712000.0,18870968,KOSPI,tradable_ohlcv
2018-03-22,9000.0,9200.0,9000.0,9100.0,24858.0,227004580.0,171725808800.0,18870968,KOSPI,tradable_ohlcv
2018-03-23,8980.0,9050.0,8800.0,8900.0,84157.0,747899590.0,167951615200.0,18870968,KOSPI,tradable_ohlcv
2018-03-26,8980.0,8980.0,8860.0,8980.0,8339.0,74383480.0,169461292640.0,18870968,KOSPI,tradable_ohlcv
2018-03-27,9010.0,9060.0,8910.0,9010.0,79639.0,714766350.0,170027421680.0,18870968,KOSPI,tradable_ohlcv
2018-03-28,8990.0,8990.0,8820.0,8850.0,30680.0,271472720.0,167008066800.0,18870968,KOSPI,tradable_ohlcv
2018-03-29,8880.0,8890.0,8790.0,8890.0,50089.0,441521140.0,167762905520.0,18870968,KOSPI,tradable_ohlcv
2018-03-30,8910.0,8970.0,8840.0,8950.0,58597.0,520606010.0,168895163600.0,18870968,KOSPI,tradable_ohlcv
2018-04-02,8950.0,9090.0,8810.0,8860.0,29103.0,261053220.0,167196776480.0,18870968,KOSPI,tradable_ohlcv
2018-04-03,8830.0,8900.0,8700.0,8780.0,70743.0,620112530.0,165687099040.0,18870968,KOSPI,tradable_ohlcv
2018-04-04,8790.0,8800.0,8680.0,8760.0,47635.0,415463570.0,165309679680.0,18870968,KOSPI,tradable_ohlcv
2018-04-05,8830.0,8830.0,8690.0,8740.0,66342.0,578773160.0,164932260320.0,18870968,KOSPI,tradable_ohlcv
2018-04-06,8740.0,8810.0,8700.0,8780.0,14876.0,130280620.0,165687099040.0,18870968,KOSPI,tradable_ohlcv
2018-04-09,8750.0,8880.0,8740.0,8860.0,36245.0,318849950.0,167196776480.0,18870968,KOSPI,tradable_ohlcv
2018-04-10,8810.0,8870.0,8720.0,8860.0,26061.0,229250110.0,167196776480.0,18870968,KOSPI,tradable_ohlcv
2018-04-11,8870.0,8880.0,8790.0,8830.0,26295.0,232282370.0,166630647440.0,18870968,KOSPI,tradable_ohlcv
2018-04-12,8850.0,8850.0,8740.0,8820.0,77922.0,685025680.0,166441937760.0,18870968,KOSPI,tradable_ohlcv
2018-04-13,8830.0,8970.0,8800.0,8960.0,88598.0,790560260.0,169083873280.0,18870968,KOSPI,tradable_ohlcv
2018-04-16,8960.0,8970.0,8850.0,8900.0,67248.0,598133850.0,167951615200.0,18870968,KOSPI,tradable_ohlcv
2018-04-17,8950.0,8950.0,8880.0,8900.0,26922.0,239553780.0,167951615200.0,18870968,KOSPI,tradable_ohlcv
2018-04-18,8910.0,9060.0,8840.0,9010.0,81562.0,733856060.0,170027421680.0,18870968,KOSPI,tradable_ohlcv
2018-04-19,9020.0,9050.0,8960.0,9020.0,82456.0,742314270.0,170216131360.0,18870968,KOSPI,tradable_ohlcv
2018-04-20,9020.0,9040.0,8970.0,9000.0,35601.0,320110810.0,169838712000.0,18870968,KOSPI,tradable_ohlcv
2018-04-23,9030.0,9060.0,9000.0,9050.0,20033.0,180732860.0,170782260400.0,18870968,KOSPI,tradable_ohlcv
2018-04-24,9050.0,9130.0,9030.0,9090.0,208016.0,1884581220.0,171537099120.0,18870968,KOSPI,tradable_ohlcv
2018-04-25,9050.0,9070.0,9020.0,9050.0,26381.0,238566950.0,170782260400.0,18870968,KOSPI,tradable_ohlcv
2018-04-26,9100.0,9260.0,9100.0,9250.0,117702.0,1085487360.0,174556454000.0,18870968,KOSPI,tradable_ohlcv
2018-04-27,9300.0,9430.0,9250.0,9410.0,139256.0,1305837500.0,177575808880.0,18870968,KOSPI,tradable_ohlcv
2018-04-30,9500.0,9550.0,9350.0,9520.0,71000.0,670796930.0,179651615360.0,18870968,KOSPI,tradable_ohlcv
2018-05-02,9500.0,9500.0,9400.0,9430.0,58386.0,550403730.0,177953228240.0,18870968,KOSPI,tradable_ohlcv
2018-05-03,9380.0,9470.0,9360.0,9430.0,18941.0,178630130.0,177953228240.0,18870968,KOSPI,tradable_ohlcv
2018-05-04,9410.0,9580.0,9400.0,9540.0,58538.0,557497100.0,180029034720.0,18870968,KOSPI,tradable_ohlcv
2018-05-08,9540.0,9590.0,9250.0,9280.0,58758.0,551854730.0,175122583040.0,18870968,KOSPI,tradable_ohlcv
2018-05-09,9250.0,9300.0,9170.0,9220.0,43098.0,397277570.0,173990324960.0,18870968,KOSPI,tradable_ohlcv
2018-05-10,9260.0,9330.0,9240.0,9290.0,40434.0,375781610.0,175311292720.0,18870968,KOSPI,tradable_ohlcv
2018-05-11,9380.0,9550.0,9350.0,9500.0,157599.0,1492699590.0,179274196000.0,18870968,KOSPI,tradable_ohlcv
2018-05-14,9550.0,9650.0,9490.0,9650.0,114283.0,1093479750.0,182104841200.0,18870968,KOSPI,tradable_ohlcv
2018-05-15,9650.0,9650.0,9490.0,9540.0,33167.0,316451460.0,180029034720.0,18870968,KOSPI,tradable_ohlcv
2018-05-16,9460.0,9620.0,9420.0,9570.0,56964.0,542984380.0,180595163760.0,18870968,KOSPI,tradable_ohlcv
2018-05-17,9620.0,9630.0,9440.0,9480.0,55365.0,525939850.0,178896776640.0,18870968,KOSPI,tradable_ohlcv
2018-05-18,9480.0,9590.0,9440.0,9590.0,46034.0,437089660.0,180972583120.0,18870968,KOSPI,tradable_ohlcv
2018-05-21,9650.0,9650.0,9460.0,9550.0,32921.0,314706760.0,180217744400.0,18870968,KOSPI,tradable_ohlcv
2018-05-23,9590.0,9620.0,9520.0,9590.0,37451.0,358191330.0,180972583120.0,18870968,KOSPI,tradable_ohlcv
2018-05-24,9630.0,9770.0,9550.0,9650.0,57639.0,556803240.0,182104841200.0,18870968,KOSPI,tradable_ohlcv
2018-05-25,9540.0,9640.0,9520.0,9630.0,43642.0,418854900.0,181727421840.0,18870968,KOSPI,tradable_ohlcv
2018-05-28,9700.0,9800.0,9610.0,9780.0,148310.0,1446572600.0,184558067040.0,18870968,KOSPI,tradable_ohlcv
2018-05-29,9800.0,9820.0,9750.0,9750.0,33785.0,329971770.0,183991938000.0,18870968,KOSPI,tradable_ohlcv
2018-05-30,9770.0,9770.0,9460.0,9500.0,64453.0,614457480.0,179274196000.0,18870968,KOSPI,tradable_ohlcv
2018-05-31,9540.0,9580.0,9460.0,9510.0,14856.0,141128090.0,179462905680.0,18870968,KOSPI,tradable_ohlcv
2018-06-01,9540.0,9540.0,9410.0,9500.0,28288.0,267562200.0,179274196000.0,18870968,KOSPI,tradable_ohlcv
2018-06-04,9500.0,9520.0,9430.0,9490.0,22777.0,215687280.0,179085486320.0,18870968,KOSPI,tradable_ohlcv
2018-06-05,9520.0,9530.0,9440.0,9530.0,28309.0,268559040.0,179840325040.0,18870968,KOSPI,tradable_ohlcv
2018-06-07,9570.0,9750.0,9570.0,9700.0,89977.0,870260240.0,183048389600.0,18870968,KOSPI,tradable_ohlcv
2018-06-08,9680.0,9700.0,9540.0,9620.0,16267.0,156115500.0,181538712160.0,18870968,KOSPI,tradable_ohlcv
2018-06-11,9620.0,9740.0,9600.0,9720.0,38918.0,377741430.0,183425808960.0,18870968,KOSPI,tradable_ohlcv
2018-06-12,9720.0,9770.0,9650.0,9720.0,38469.0,374085070.0,183425808960.0,18870968,KOSPI,tradable_ohlcv
2018-06-14,9730.0,9730.0,9440.0,9510.0,56785.0,541992400.0,179462905680.0,18870968,KOSPI,tradable_ohlcv
2018-06-15,9510.0,9510.0,9340.0,9390.0,48758.0,457626280.0,177198389520.0,18870968,KOSPI,tradable_ohlcv
2018-06-18,9440.0,9440.0,9120.0,9180.0,57778.0,532161930.0,173235486240.0,18870968,KOSPI,tradable_ohlcv
2018-06-19,9330.0,9330.0,8950.0,8960.0,65093.0,589441130.0,169083873280.0,18870968,KOSPI,tradable_ohlcv
2018-06-20,9170.0,9170.0,8920.0,9000.0,80834.0,725974020.0,169838712000.0,18870968,KOSPI,tradable_ohlcv
2018-06-21,9100.0,9100.0,8900.0,8930.0,37133.0,332378670.0,168517744240.0,18870968,KOSPI,tradable_ohlcv
2018-06-22,8930.0,8930.0,8760.0,8930.0,92254.0,814103810.0,168517744240.0,18870968,KOSPI,tradable_ohlcv
2018-06-25,8920.0,9040.0,8860.0,9040.0,19968.0,178708640.0,170593550720.0,18870968,KOSPI,tradable_ohlcv
2018-06-26,9020.0,9020.0,8880.0,8970.0,59030.0,528104260.0,169272582960.0,18870968,KOSPI,tradable_ohlcv
2018-06-27,8990.0,9000.0,8910.0,8920.0,21939.0,196518020.0,168329034560.0,18870968,KOSPI,tradable_ohlcv
2018-06-28,9000.0,9000.0,8890.0,8920.0,39737.0,354326040.0,168329034560.0,18870968,KOSPI,tradable_ohlcv
2018-06-29,8980.0,8980.0,8870.0,8960.0,30416.0,271286360.0,169083873280.0,18870968,KOSPI,tradable_ohlcv
2018-07-02,8960.0,8980.0,8840.0,8840.0,37349.0,331931610.0,166819357120.0,18870968,KOSPI,tradable_ohlcv
2018-07-03,8850.0,8880.0,8770.0,8840.0,52305.0,460369380.0,166819357120.0,18870968,KOSPI,tradable_ohlcv
2018-07-04,8780.0,8870.0,8780.0,8830.0,24742.0,218443470.0,166630647440.0,18870968,KOSPI,tradable_ohlcv
2018-07-05,8790.0,8890.0,8790.0,8850.0,24860.0,219513670.0,167008066800.0,18870968,KOSPI,tradable_ohlcv
2018-07-06,8840.0,8930.0,8820.0,8920.0,31924.0,283075240.0,168329034560.0,18870968,KOSPI,tradable_ohlcv
2018-07-09,8920.0,8930.0,8840.0,8920.0,18227.0,162006260.0,168329034560.0,18870968,KOSPI,tradable_ohlcv
2018-07-10,8920.0,9090.0,8920.0,9040.0,51433.0,464834300.0,170593550720.0,18870968,KOSPI,tradable_ohlcv
2018-07-11,9080.0,9080.0,8900.0,8940.0,24876.0,222381440.0,168706453920.0,18870968,KOSPI,tradable_ohlcv
2018-07-12,8980.0,8980.0,8830.0,8920.0,51290.0,456276490.0,168329034560.0,18870968,KOSPI,tradable_ohlcv
2018-07-13,8980.0,9050.0,8950.0,9030.0,26327.0,237041950.0,170404841040.0,18870968,KOSPI,tradable_ohlcv
2018-07-16,9100.0,9100.0,8950.0,8990.0,14702.0,132424170.0,169650002320.0,18870968,KOSPI,tradable_ohlcv
2018-07-17,9000.0,9010.0,8940.0,8950.0,18617.0,167017680.0,168895163600.0,18870968,KOSPI,tradable_ohlcv
2018-07-18,9000.0,9020.0,8950.0,8950.0,14557.0,130677310.0,168895163600.0,18870968,KOSPI,tradable_ohlcv
2018-07-19,8990.0,9000.0,8830.0,8930.0,37668.0,335742250.0,168517744240.0,18870968,KOSPI,tradable_ohlcv
2018-07-20,8930.0,8930.0,8830.0,8930.0,28632.0,253692720.0,168517744240.0,18870968,KOSPI,tradable_ohlcv
2018-07-23,8930.0,8930.0,8820.0,8840.0,37922.0,335938950.0,166819357120.0,18870968,KOSPI,tradable_ohlcv
2018-07-24,8880.0,8880.0,8770.0,8860.0,33871.0,298561740.0,167196776480.0,18870968,KOSPI,tradable_ohlcv
2018-07-25,8860.0,8910.0,8840.0,8890.0,21308.0,189438340.0,167762905520.0,18870968,KOSPI,tradable_ohlcv
2018-07-26,8910.0,9060.0,8910.0,8930.0,25947.0,232510940.0,168517744240.0,18870968,KOSPI,tradable_ohlcv
2018-07-27,9030.0,9030.0,8850.0,8910.0,93590.0,830444040.0,168140324880.0,18870968,KOSPI,tradable_ohlcv
2018-07-30,8960.0,8960.0,8860.0,8950.0,12416.0,110560420.0,168895163600.0,18870968,KOSPI,tradable_ohlcv
2018-07-31,8950.0,8980.0,8900.0,8980.0,24113.0,215668730.0,169461292640.0,18870968,KOSPI,tradable_ohlcv
2018-08-01,8980.0,9070.0,8980.0,9040.0,27078.0,244866480.0,170593550720.0,18870968,KOSPI,tradable_ohlcv
2018-08-02,9050.0,9050.0,8930.0,8950.0,31665.0,284338120.0,168895163600.0,18870968,KOSPI,tradable_ohlcv
2018-08-03,8990.0,8990.0,8850.0,8910.0,56070.0,498692210.0,168140324880.0,18870968,KOSPI,tradable_ohlcv
2018-08-06,8900.0,8960.0,8900.0,8920.0,7482.0,66859960.0,168329034560.0,18870968,KOSPI,tradable_ohlcv
2018-08-07,8930.0,8960.0,8880.0,8930.0,10739.0,95651910.0,168517744240.0,18870968,KOSPI,tradable_ohlcv
2018-08-08,8950.0,9020.0,8930.0,8930.0,17383.0,155733860.0,168517744240.0,18870968,KOSPI,tradable_ohlcv
2018-08-09,8950.0,8950.0,8840.0,8890.0,48844.0,433151000.0,167762905520.0,18870968,KOSPI,tradable_ohlcv
2018-08-10,8890.0,8890.0,8750.0,8780.0,148297.0,1304741410.0,165687099040.0,18870968,KOSPI,tradable_ohlcv
2018-08-13,8830.0,8840.0,8530.0,8600.0,100246.0,865378710.0,162290324800.0,18870968,KOSPI,tradable_ohlcv
2018-08-14,8600.0,8750.0,8580.0,8750.0,41002.0,355294810.0,165120970000.0,18870968,KOSPI,tradable_ohlcv
2018-08-16,8680.0,8770.0,8610.0,8770.0,21931.0,191227670.0,165498389360.0,18870968,KOSPI,tradable_ohlcv
2018-08-17,8790.0,8840.0,8770.0,8810.0,15455.0,136222620.0,166253228080.0,18870968,KOSPI,tradable_ohlcv
2018-08-20,8830.0,8870.0,8790.0,8830.0,24511.0,216258030.0,166630647440.0,18870968,KOSPI,tradable_ohlcv
2018-08-21,8830.0,8950.0,8830.0,8950.0,50267.0,447699500.0,168895163600.0,18870968,KOSPI,tradable_ohlcv
2018-08-22,8950.0,9020.0,8950.0,8980.0,28967.0,260451330.0,169461292640.0,18870968,KOSPI,tradable_ohlcv
2018-08-23,8960.0,9010.0,8870.0,8920.0,50175.0,447318980.0,168329034560.0,18870968,KOSPI,tradable_ohlcv
2018-08-24,8920.0,8970.0,8890.0,8970.0,12813.0,114415990.0,169272582960.0,18870968,KOSPI,tradable_ohlcv
2018-08-27,8980.0,9090.0,8960.0,9090.0,48574.0,438831400.0,171537099120.0,18870968,KOSPI,tradable_ohlcv
2018-08-28,9080.0,9160.0,9010.0,9040.0,26648.0,241985840.0,170593550720.0,18870968,KOSPI,tradable_ohlcv
2018-08-29,9080.0,9080.0,8990.0,9050.0,37944.0,343059850.0,170782260400.0,18870968,KOSPI,tradable_ohlcv
2018-08-30,9060.0,9080.0,8990.0,9060.0,31243.0,281851930.0,170970970080.0,18870968,KOSPI,tradable_ohlcv
2018-08-31,9050.0,9090.0,9000.0,9020.0,23605.0,213509500.0,170216131360.0,18870968,KOSPI,tradable_ohlcv
2018-09-03,9020.0,9110.0,9010.0,9030.0,53900.0,488019730.0,170404841040.0,18870968,KOSPI,tradable_ohlcv
2018-09-04,9080.0,9080.0,8990.0,9080.0,20535.0,185540020.0,171348389440.0,18870968,KOSPI,tradable_ohlcv
2018-09-05,9050.0,9080.0,9030.0,9050.0,18213.0,164688020.0,170782260400.0,18870968,KOSPI,tradable_ohlcv
2018-09-06,9050.0,9070.0,9000.0,9040.0,23568.0,212740860.0,170593550720.0,18870968,KOSPI,tradable_ohlcv
2018-09-07,9060.0,9060.0,8980.0,9000.0,30636.0,275574830.0,169838712000.0,18870968,KOSPI,tradable_ohlcv
2018-09-10,9020.0,9040.0,8980.0,9030.0,17793.0,160298680.0,170404841040.0,18870968,KOSPI,tradable_ohlcv
2018-09-11,9050.0,9060.0,8970.0,9030.0,61765.0,555939250.0,170404841040.0,18870968,KOSPI,tradable_ohlcv
2018-09-12,9020.0,9030.0,8820.0,8890.0,107352.0,953944920.0,167762905520.0,18870968,KOSPI,tradable_ohlcv
2018-09-13,8930.0,8930.0,8840.0,8900.0,76001.0,674227240.0,167951615200.0,18870968,KOSPI,tradable_ohlcv
2018-09-14,8940.0,9030.0,8900.0,8970.0,186301.0,1665096340.0,169272582960.0,18870968,KOSPI,tradable_ohlcv
2018-09-17,8970.0,8970.0,8840.0,8860.0,53652.0,476299220.0,167196776480.0,18870968,KOSPI,tradable_ohlcv
2018-09-18,8860.0,8900.0,8820.0,8860.0,70439.0,622955460.0,167196776480.0,18870968,KOSPI,tradable_ohlcv
2018-09-19,8890.0,8900.0,8800.0,8890.0,93545.0,827070930.0,167762905520.0,18870968,KOSPI,tradable_ohlcv
2018-09-20,8910.0,8910.0,8820.0,8880.0,79575.0,705636000.0,167574195840.0,18870968,KOSPI,tradable_ohlcv
2018-09-21,8910.0,8940.0,8880.0,8930.0,68952.0,613253870.0,168517744240.0,18870968,KOSPI,tradable_ohlcv
2018-09-27,8930.0,9050.0,8900.0,9040.0,74365.0,670079660.0,170593550720.0,18870968,KOSPI,tradable_ohlcv
2018-09-28,9020.0,9100.0,9020.0,9080.0,72677.0,659058440.0,171348389440.0,18870968,KOSPI,tradable_ohlcv
2018-10-01,9130.0,9160.0,9080.0,9160.0,125360.0,1142443870.0,172858066880.0,18870968,KOSPI,tradable_ohlcv
2018-10-02,9160.0,9170.0,9050.0,9100.0,76733.0,698613730.0,171725808800.0,18870968,KOSPI,tradable_ohlcv
2018-10-04,9110.0,9120.0,8970.0,8990.0,70781.0,639372140.0,169650002320.0,18870968,KOSPI,tradable_ohlcv
2018-10-05,8990.0,9040.0,8950.0,8990.0,52464.0,471622330.0,169650002320.0,18870968,KOSPI,tradable_ohlcv
2018-10-08,9030.0,9050.0,8960.0,9040.0,34849.0,314086770.0,170593550720.0,18870968,KOSPI,tradable_ohlcv
2018-10-10,9040.0,9040.0,8810.0,8900.0,104536.0,928839930.0,167951615200.0,18870968,KOSPI,tradable_ohlcv
2018-10-11,8700.0,9000.0,8620.0,8650.0,194794.0,1696607400.0,163233873200.0,18870968,KOSPI,tradable_ohlcv
2018-10-12,8470.0,8780.0,8470.0,8730.0,61902.0,535520240.0,164743550640.0,18870968,KOSPI,tradable_ohlcv
2018-10-15,8790.0,8790.0,8630.0,8640.0,64347.0,557732630.0,163045163520.0,18870968,KOSPI,tradable_ohlcv
2018-10-16,8710.0,8720.0,8620.0,8640.0,25801.0,222914730.0,163045163520.0,18870968,KOSPI,tradable_ohlcv
2018-10-17,8700.0,8810.0,8670.0,8690.0,42370.0,369653920.0,163988711920.0,18870968,KOSPI,tradable_ohlcv
2018-10-18,8710.0,8780.0,8660.0,8730.0,61924.0,539201330.0,164743550640.0,18870968,KOSPI,tradable_ohlcv
2018-10-19,8710.0,8720.0,8590.0,8720.0,44006.0,380170040.0,164554840960.0,18870968,KOSPI,tradable_ohlcv
2018-10-22,8720.0,8890.0,8680.0,8850.0,31205.0,274227400.0,167008066800.0,18870968,KOSPI,tradable_ohlcv
2018-10-23,8850.0,8850.0,8640.0,8700.0,90324.0,784261770.0,164177421600.0,18870968,KOSPI,tradable_ohlcv
2018-10-24,8730.0,8750.0,8630.0,8680.0,115311.0,999150270.0,163800002240.0,18870968,KOSPI,tradable_ohlcv
2018-10-25,8570.0,8640.0,8430.0,8560.0,155917.0,1327576190.0,161535486080.0,18870968,KOSPI,tradable_ohlcv
2018-10-26,8580.0,8650.0,8440.0,8590.0,111330.0,948985290.0,162101615120.0,18870968,KOSPI,tradable_ohlcv
2018-10-29,8510.0,8590.0,8360.0,8360.0,119102.0,1007924320.0,157761292480.0,18870968,KOSPI,tradable_ohlcv
2018-10-30,8340.0,8530.0,8340.0,8490.0,56651.0,477447320.0,160214518320.0,18870968,KOSPI,tradable_ohlcv
2018-10-31,8600.0,8690.0,8430.0,8670.0,72709.0,624309980.0,163611292560.0,18870968,KOSPI,tradable_ohlcv
2018-11-01,8690.0,8850.0,8690.0,8780.0,74375.0,653538900.0,165687099040.0,18870968,KOSPI,tradable_ohlcv
2018-11-02,8820.0,9020.0,8820.0,9000.0,142992.0,1283338340.0,169838712000.0,18870968,KOSPI,tradable_ohlcv
2018-11-05,8990.0,8990.0,8830.0,8890.0,41139.0,364815930.0,167762905520.0,18870968,KOSPI,tradable_ohlcv
2018-11-06,8930.0,8990.0,8900.0,8950.0,27410.0,245266490.0,168895163600.0,18870968,KOSPI,tradable_ohlcv
2018-11-07,9000.0,9100.0,8970.0,9000.0,78508.0,710702200.0,169838712000.0,18870968,KOSPI,tradable_ohlcv
2018-11-08,9090.0,9100.0,9010.0,9080.0,52367.0,474887760.0,171348389440.0,18870968,KOSPI,tradable_ohlcv
2018-11-09,9050.0,9080.0,8970.0,9010.0,25120.0,226238810.0,170027421680.0,18870968,KOSPI,tradable_ohlcv
2018-11-12,8990.0,9040.0,8910.0,9010.0,42830.0,385272110.0,170027421680.0,18870968,KOSPI,tradable_ohlcv
2018-11-13,8940.0,8990.0,8910.0,8980.0,24058.0,215354740.0,169461292640.0,18870968,KOSPI,tradable_ohlcv
2018-11-14,9000.0,9040.0,8970.0,9030.0,22741.0,204970790.0,170404841040.0,18870968,KOSPI,tradable_ohlcv
2018-11-15,8990.0,9050.0,8990.0,9050.0,39439.0,356187810.0,170782260400.0,18870968,KOSPI,tradable_ohlcv
2018-11-16,9060.0,9140.0,9040.0,9140.0,53224.0,484191870.0,172480647520.0,18870968,KOSPI,tradable_ohlcv
2018-11-19,9130.0,9190.0,9130.0,9190.0,52388.0,480514360.0,173424195920.0,18870968,KOSPI,tradable_ohlcv
2018-11-20,9160.0,9210.0,9120.0,9210.0,56411.0,517658920.0,173801615280.0,18870968,KOSPI,tradable_ohlcv
2018-11-21,9180.0,9240.0,9110.0,9230.0,38597.0,355152140.0,174179034640.0,18870968,KOSPI,tradable_ohlcv
2018-11-22,9200.0,9290.0,9200.0,9220.0,33621.0,310692690.0,173990324960.0,18870968,KOSPI,tradable_ohlcv
2018-11-23,9280.0,9280.0,9170.0,9210.0,22628.0,208245870.0,173801615280.0,18870968,KOSPI,tradable_ohlcv
2018-11-26,9170.0,9250.0,9160.0,9230.0,38485.0,353898480.0,174179034640.0,18870968,KOSPI,tradable_ohlcv
2018-11-27,9250.0,9270.0,9230.0,9260.0,39888.0,369137630.0,174745163680.0,18870968,KOSPI,tradable_ohlcv
2018-11-28,9250.0,9300.0,9250.0,9290.0,39176.0,363710910.0,175311292720.0,18870968,KOSPI,tradable_ohlcv
2018-11-29,9310.0,9410.0,9310.0,9400.0,61820.0,580383960.0,177387099200.0,18870968,KOSPI,tradable_ohlcv
2018-11-30,9390.0,9440.0,9340.0,9400.0,43062.0,404715190.0,177387099200.0,18870968,KOSPI,tradable_ohlcv
2018-12-03,9440.0,9490.0,9410.0,9490.0,66372.0,628221820.0,179085486320.0,18870968,KOSPI,tradable_ohlcv
2018-12-04,9490.0,9490.0,9400.0,9450.0,41200.0,389736500.0,178330647600.0,18870968,KOSPI,tradable_ohlcv
2018-12-05,9360.0,9450.0,9350.0,9440.0,135324.0,1272627580.0,178141937920.0,18870968,KOSPI,tradable_ohlcv
2018-12-06,9380.0,9440.0,9290.0,9360.0,55343.0,516758120.0,176632260480.0,18870968,KOSPI,tradable_ohlcv
2018-12-07,9420.0,9420.0,9240.0,9330.0,26764.0,248647990.0,176066131440.0,18870968,KOSPI,tradable_ohlcv
2018-12-10,9300.0,9300.0,9150.0,9170.0,44260.0,407085190.0,173046776560.0,18870968,KOSPI,tradable_ohlcv
2018-12-11,9230.0,9250.0,9130.0,9220.0,29772.0,273437370.0,173990324960.0,18870968,KOSPI,tradable_ohlcv
2018-12-12,9260.0,9260.0,9130.0,9240.0,23090.0,212276770.0,174367744320.0,18870968,KOSPI,tradable_ohlcv
2018-12-13,9280.0,9310.0,9200.0,9280.0,29750.0,275564160.0,175122583040.0,18870968,KOSPI,tradable_ohlcv
2018-12-14,9270.0,9510.0,9250.0,9510.0,185861.0,1737671770.0,179462905680.0,18870968,KOSPI,tradable_ohlcv
2018-12-17,9380.0,9430.0,9200.0,9230.0,110014.0,1020102990.0,174179034640.0,18870968,KOSPI,tradable_ohlcv
2018-12-18,9200.0,9250.0,9170.0,9220.0,42394.0,390636930.0,173990324960.0,18870968,KOSPI,tradable_ohlcv
2018-12-19,9190.0,9310.0,9170.0,9270.0,60037.0,554282080.0,174933873360.0,18870968,KOSPI,tradable_ohlcv
2018-12-20,9200.0,9280.0,9200.0,9240.0,51136.0,472514550.0,174367744320.0,18870968,KOSPI,tradable_ohlcv
2018-12-21,9240.0,9290.0,9220.0,9270.0,52461.0,485522650.0,174933873360.0,18870968,KOSPI,tradable_ohlcv
2018-12-24,9220.0,9310.0,9210.0,9290.0,76505.0,708905090.0,175311292720.0,18870968,KOSPI,tradable_ohlcv
2018-12-26,9240.0,9280.0,9170.0,9190.0,101843.0,936506260.0,173424195920.0,18870968,KOSPI,tradable_ohlcv
2018-12-27,8800.0,8890.0,8700.0,8800.0,110793.0,973711070.0,166064518400.0,18870968,KOSPI,tradable_ohlcv
2018-12-28,8830.0,8840.0,8710.0,8810.0,69476.0,609757910.0,166253228080.0,18870968,KOSPI,tradable_ohlcv
