d,o,h,l,c,v,a,mc,s,m,rs
2021-01-04,4370.0,4370.0,4255.0,4300.0,134875.0,578791920.0,92601295500.0,21535185,KOSDAQ,tradable_ohlcv
2021-01-05,4265.0,4395.0,4200.0,4380.0,255183.0,1094139495.0,94324110300.0,21535185,KOSDAQ,tradable_ohlcv
2021-01-06,4380.0,4380.0,4285.0,4310.0,113735.0,491828740.0,92816647350.0,21535185,KOSDAQ,tradable_ohlcv
2021-01-07,4340.0,4465.0,4290.0,4465.0,398487.0,1765743565.0,96154601025.0,21535185,KOSDAQ,tradable_ohlcv
2021-01-08,4575.0,4575.0,4355.0,4405.0,409539.0,1816836590.0,94862489925.0,21535185,KOSDAQ,tradable_ohlcv
2021-01-11,4405.0,4550.0,4240.0,4435.0,820683.0,3642366635.0,95508545475.0,21535185,KOSDAQ,tradable_ohlcv
2021-01-12,4435.0,4450.0,4260.0,4345.0,192173.0,837045375.0,93570378825.0,21535185,KOSDAQ,tradable_ohlcv
2021-01-13,4345.0,4440.0,4300.0,4330.0,89141.0,388279015.0,93247351050.0,21535185,KOSDAQ,tradable_ohlcv
2021-01-14,4270.0,4385.0,4270.0,4340.0,76087.0,328645935.0,93462702900.0,21535185,KOSDAQ,tradable_ohlcv
2021-01-15,4560.0,4690.0,4450.0,4450.0,1195661.0,5458117110.0,95831573250.0,21535185,KOSDAQ,tradable_ohlcv
2021-01-18,4395.0,4490.0,4315.0,4315.0,198946.0,866893900.0,92924323275.0,21535185,KOSDAQ,tradable_ohlcv
2021-01-19,4350.0,4365.0,4265.0,4355.0,128051.0,553552945.0,93785730675.0,21535185,KOSDAQ,tradable_ohlcv
2021-01-20,4375.0,4390.0,4295.0,4355.0,101899.0,442162645.0,93785730675.0,21535185,KOSDAQ,tradable_ohlcv
2021-01-21,4355.0,4480.0,4330.0,4455.0,156023.0,686784350.0,95939249175.0,21535185,KOSDAQ,tradable_ohlcv
2021-01-22,4450.0,4465.0,4310.0,4330.0,156864.0,685741670.0,93247351050.0,21535185,KOSDAQ,tradable_ohlcv
2021-01-25,4395.0,4395.0,4240.0,4365.0,141081.0,606879795.0,94001082525.0,21535185,KOSDAQ,tradable_ohlcv
2021-01-26,4365.0,4365.0,4275.0,4330.0,107560.0,463595275.0,93247351050.0,21535185,KOSDAQ,tradable_ohlcv
2021-01-27,4350.0,4375.0,4265.0,4305.0,108316.0,466528590.0,92708971425.0,21535185,KOSDAQ,tradable_ohlcv
2021-01-28,4250.0,4275.0,4135.0,4150.0,121385.0,508590365.0,89371017750.0,21535185,KOSDAQ,tradable_ohlcv
2021-01-29,4185.0,4190.0,3975.0,3990.0,139999.0,568099190.0,85925388150.0,21535185,KOSDAQ,tradable_ohlcv
2021-02-01,3990.0,4075.0,3930.0,4035.0,52436.0,209537040.0,86894471475.0,21535185,KOSDAQ,tradable_ohlcv
2021-02-02,4035.0,4165.0,4035.0,4100.0,49408.0,203054030.0,88294258500.0,21535185,KOSDAQ,tradable_ohlcv
2021-02-03,4100.0,4135.0,4060.0,4090.0,58378.0,238800115.0,88078906650.0,21535185,KOSDAQ,tradable_ohlcv
2021-02-04,4090.0,4125.0,4040.0,4085.0,72752.0,297062850.0,87971230725.0,21535185,KOSDAQ,tradable_ohlcv
2021-02-05,4085.0,4155.0,4025.0,4050.0,72442.0,294582295.0,87217499250.0,21535185,KOSDAQ,tradable_ohlcv
2021-02-08,4050.0,4095.0,4020.0,4085.0,46387.0,188295215.0,87971230725.0,21535185,KOSDAQ,tradable_ohlcv
2021-02-09,4100.0,4125.0,4070.0,4100.0,48565.0,198711570.0,88294258500.0,21535185,KOSDAQ,tradable_ohlcv
2021-02-10,4135.0,4135.0,4065.0,4105.0,50338.0,206487250.0,88401934425.0,21535185,KOSDAQ,tradable_ohlcv
2021-02-15,4130.0,4155.0,4095.0,4110.0,58637.0,242819055.0,88509610350.0,21535185,KOSDAQ,tradable_ohlcv
2021-02-16,4260.0,4755.0,4255.0,4415.0,3436103.0,15584618955.0,95077841775.0,21535185,KOSDAQ,tradable_ohlcv
2021-02-17,4340.0,4390.0,4280.0,4300.0,280920.0,1211250545.0,92601295500.0,21535185,KOSDAQ,tradable_ohlcv
2021-02-18,4310.0,4330.0,4200.0,4210.0,259623.0,1105467310.0,90663128850.0,21535185,KOSDAQ,tradable_ohlcv
2021-02-19,4170.0,4365.0,4160.0,4270.0,168550.0,716892710.0,91955239950.0,21535185,KOSDAQ,tradable_ohlcv
2021-02-22,4270.0,4300.0,4200.0,4200.0,98790.0,417545730.0,90447777000.0,21535185,KOSDAQ,tradable_ohlcv
2021-02-23,4190.0,4190.0,4105.0,4150.0,112837.0,465894430.0,89371017750.0,21535185,KOSDAQ,tradable_ohlcv
2021-02-24,4105.0,4170.0,4005.0,4025.0,129888.0,529019725.0,86679119625.0,21535185,KOSDAQ,tradable_ohlcv
2021-02-25,4045.0,4145.0,4035.0,4080.0,68796.0,279875190.0,87863554800.0,21535185,KOSDAQ,tradable_ohlcv
2021-02-26,3975.0,4010.0,3845.0,3860.0,181065.0,708363300.0,83125814100.0,21535185,KOSDAQ,tradable_ohlcv
2021-03-02,3915.0,3915.0,3820.0,3865.0,81795.0,317366845.0,83233490025.0,21535185,KOSDAQ,tradable_ohlcv
2021-03-03,3860.0,3935.0,3860.0,3920.0,37458.0,145606955.0,84417925200.0,21535185,KOSDAQ,tradable_ohlcv
2021-03-04,3835.0,3945.0,3835.0,3860.0,88644.0,344316420.0,83125814100.0,21535185,KOSDAQ,tradable_ohlcv
2021-03-05,3815.0,3890.0,3800.0,3840.0,69235.0,265418300.0,82695110400.0,21535185,KOSDAQ,tradable_ohlcv
2021-03-08,3880.0,3915.0,3840.0,3895.0,64084.0,248093825.0,83879545575.0,21535185,KOSDAQ,tradable_ohlcv
2021-03-09,3895.0,3925.0,3780.0,3840.0,41894.0,160460640.0,82695110400.0,21535185,KOSDAQ,tradable_ohlcv
2021-03-10,3855.0,3945.0,3825.0,3840.0,43174.0,167165190.0,82695110400.0,21535185,KOSDAQ,tradable_ohlcv
2021-03-11,3840.0,3925.0,3780.0,3860.0,59795.0,230111915.0,83125814100.0,21535185,KOSDAQ,tradable_ohlcv
2021-03-12,3900.0,3990.0,3845.0,3940.0,69115.0,270897715.0,84848628900.0,21535185,KOSDAQ,tradable_ohlcv
2021-03-15,3995.0,3995.0,3915.0,3960.0,67346.0,266230620.0,85279332600.0,21535185,KOSDAQ,tradable_ohlcv
2021-03-16,3980.0,4030.0,3925.0,3970.0,78339.0,311812640.0,85494684450.0,21535185,KOSDAQ,tradable_ohlcv
2021-03-17,3980.0,4090.0,3970.0,4045.0,58289.0,234940860.0,87109823325.0,21535185,KOSDAQ,tradable_ohlcv
2021-03-18,4020.0,4085.0,4000.0,4020.0,37446.0,151108700.0,86571443700.0,21535185,KOSDAQ,tradable_ohlcv
2021-03-19,3980.0,4070.0,3980.0,4010.0,20200.0,80950830.0,86356091850.0,21535185,KOSDAQ,tradable_ohlcv
2021-03-22,4075.0,4075.0,3965.0,4015.0,37465.0,149404805.0,86463767775.0,21535185,KOSDAQ,tradable_ohlcv
2021-03-23,3990.0,4030.0,3900.0,3910.0,95281.0,375130450.0,84202573350.0,21535185,KOSDAQ,tradable_ohlcv
2021-03-24,3940.0,3950.0,3860.0,3875.0,46171.0,180244865.0,83448841875.0,21535185,KOSDAQ,tradable_ohlcv
2021-03-25,3875.0,3945.0,3860.0,3910.0,24199.0,94515875.0,84202573350.0,21535185,KOSDAQ,tradable_ohlcv
2021-03-26,3910.0,3950.0,3875.0,3895.0,34304.0,134115420.0,83879545575.0,21535185,KOSDAQ,tradable_ohlcv
2021-03-29,3980.0,3980.0,3800.0,3910.0,73030.0,283714955.0,84202573350.0,21535185,KOSDAQ,tradable_ohlcv
2021-03-30,3940.0,3940.0,3890.0,3925.0,26085.0,102234125.0,84525601125.0,21535185,KOSDAQ,tradable_ohlcv
2021-03-31,3915.0,3950.0,3860.0,3890.0,59655.0,231676465.0,83771869650.0,21535185,KOSDAQ,tradable_ohlcv
2021-04-01,3880.0,3940.0,3875.0,3905.0,43714.0,170188830.0,84094897425.0,21535185,KOSDAQ,tradable_ohlcv
2021-04-02,3925.0,3925.0,3880.0,3900.0,41199.0,160302015.0,83987221500.0,21535185,KOSDAQ,tradable_ohlcv
2021-04-05,3910.0,3915.0,3865.0,3915.0,64902.0,252225425.0,84310249275.0,21535185,KOSDAQ,tradable_ohlcv
2021-04-06,3925.0,3925.0,3845.0,3900.0,65092.0,252336960.0,83987221500.0,21535185,KOSDAQ,tradable_ohlcv
2021-04-07,3865.0,3930.0,3860.0,3900.0,67707.0,263906690.0,83987221500.0,21535185,KOSDAQ,tradable_ohlcv
2021-04-08,3925.0,4000.0,3875.0,4000.0,167728.0,662173375.0,86140740000.0,21535185,KOSDAQ,tradable_ohlcv
2021-04-09,3945.0,3965.0,3895.0,3900.0,113539.0,445482925.0,83987221500.0,21535185,KOSDAQ,tradable_ohlcv
2021-04-12,3935.0,3975.0,3905.0,3970.0,90639.0,356803115.0,85494684450.0,21535185,KOSDAQ,tradable_ohlcv
2021-04-13,3970.0,4010.0,3940.0,3970.0,121480.0,481783135.0,85494684450.0,21535185,KOSDAQ,tradable_ohlcv
2021-04-14,4015.0,4055.0,3965.0,4045.0,155513.0,624468080.0,87109823325.0,21535185,KOSDAQ,tradable_ohlcv
2021-04-15,4045.0,4060.0,4020.0,4050.0,93106.0,375513180.0,87217499250.0,21535185,KOSDAQ,tradable_ohlcv
2021-04-16,4050.0,4150.0,4030.0,4150.0,216470.0,888469165.0,89371017750.0,21535185,KOSDAQ,tradable_ohlcv
2021-04-19,4220.0,4240.0,4115.0,4150.0,340762.0,1418842220.0,89371017750.0,21535185,KOSDAQ,tradable_ohlcv
2021-04-20,4115.0,4185.0,4080.0,4155.0,118059.0,487175055.0,89478693675.0,21535185,KOSDAQ,tradable_ohlcv
2021-04-21,4155.0,4155.0,4050.0,4055.0,84923.0,347134795.0,87325175175.0,21535185,KOSDAQ,tradable_ohlcv
2021-04-22,4055.0,4090.0,4035.0,4065.0,69175.0,280465415.0,87540527025.0,21535185,KOSDAQ,tradable_ohlcv
2021-04-23,4020.0,4100.0,4010.0,4100.0,62206.0,252484160.0,88294258500.0,21535185,KOSDAQ,tradable_ohlcv
2021-04-26,4100.0,4135.0,4045.0,4130.0,69368.0,284300910.0,88940314050.0,21535185,KOSDAQ,tradable_ohlcv
2021-04-27,4125.0,4175.0,4070.0,4135.0,96804.0,399119605.0,89047989975.0,21535185,KOSDAQ,tradable_ohlcv
2021-04-28,4135.0,4180.0,4045.0,4065.0,128302.0,526885555.0,87540527025.0,21535185,KOSDAQ,tradable_ohlcv
2021-04-29,4065.0,4065.0,3940.0,4045.0,101188.0,407107355.0,87109823325.0,21535185,KOSDAQ,tradable_ohlcv
2021-04-30,4030.0,4430.0,4030.0,4100.0,1391590.0,5884814210.0,88294258500.0,21535185,KOSDAQ,tradable_ohlcv
2021-05-03,4100.0,4125.0,4025.0,4080.0,145542.0,591567355.0,87863554800.0,21535185,KOSDAQ,tradable_ohlcv
2021-05-04,4100.0,4130.0,4030.0,4130.0,143821.0,586062885.0,88940314050.0,21535185,KOSDAQ,tradable_ohlcv
2021-05-06,4130.0,4165.0,4085.0,4140.0,176497.0,729283750.0,89155665900.0,21535185,KOSDAQ,tradable_ohlcv
2021-05-07,4160.0,4235.0,4120.0,4235.0,351068.0,1472638090.0,91201508475.0,21535185,KOSDAQ,tradable_ohlcv
2021-05-10,4280.0,4280.0,4190.0,4225.0,232729.0,981953195.0,90986156625.0,21535185,KOSDAQ,tradable_ohlcv
2021-05-11,4195.0,4195.0,4130.0,4185.0,174064.0,723899910.0,90124749225.0,21535185,KOSDAQ,tradable_ohlcv
2021-05-12,4185.0,4200.0,4100.0,4185.0,138921.0,577390740.0,90124749225.0,21535185,KOSDAQ,tradable_ohlcv
2021-05-13,4115.0,4175.0,4075.0,4140.0,102523.0,423262680.0,89155665900.0,21535185,KOSDAQ,tradable_ohlcv
2021-05-14,4140.0,4230.0,4100.0,4230.0,448417.0,1881644595.0,91093832550.0,21535185,KOSDAQ,tradable_ohlcv
2021-05-17,4150.0,4180.0,4100.0,4140.0,155908.0,643527975.0,89155665900.0,21535185,KOSDAQ,tradable_ohlcv
2021-05-18,4125.0,4180.0,4095.0,4095.0,141520.0,583527370.0,88186582575.0,21535185,KOSDAQ,tradable_ohlcv
2021-05-20,4090.0,4115.0,4060.0,4100.0,55470.0,226898070.0,88294258500.0,21535185,KOSDAQ,tradable_ohlcv
2021-05-21,4070.0,4140.0,4050.0,4085.0,97260.0,395749300.0,87971230725.0,21535185,KOSDAQ,tradable_ohlcv
2021-05-24,4040.0,4090.0,3985.0,4000.0,87109.0,348855315.0,86140740000.0,21535185,KOSDAQ,tradable_ohlcv
2021-05-25,3980.0,4095.0,3980.0,4040.0,31268.0,126646305.0,87002147400.0,21535185,KOSDAQ,tradable_ohlcv
2021-05-26,4040.0,4075.0,4005.0,4045.0,26342.0,106292295.0,87109823325.0,21535185,KOSDAQ,tradable_ohlcv
2021-05-27,4080.0,4085.0,4030.0,4055.0,13759.0,55698320.0,87325175175.0,21535185,KOSDAQ,tradable_ohlcv
2021-05-28,4075.0,4075.0,4010.0,4060.0,49839.0,201601310.0,87432851100.0,21535185,KOSDAQ,tradable_ohlcv
2021-05-31,4070.0,4070.0,4010.0,4045.0,38628.0,155990940.0,87109823325.0,21535185,KOSDAQ,tradable_ohlcv
2021-06-01,4015.0,4060.0,4010.0,4045.0,45468.0,183360235.0,87109823325.0,21535185,KOSDAQ,tradable_ohlcv
2021-06-02,4045.0,4050.0,4015.0,4035.0,82268.0,331300505.0,86894471475.0,21535185,KOSDAQ,tradable_ohlcv
2021-06-03,4035.0,4105.0,4025.0,4080.0,132611.0,539739235.0,87863554800.0,21535185,KOSDAQ,tradable_ohlcv
2021-06-04,4100.0,4110.0,4050.0,4095.0,67771.0,276700820.0,88186582575.0,21535185,KOSDAQ,tradable_ohlcv
2021-06-07,4095.0,4125.0,4050.0,4125.0,79928.0,326536315.0,88832638125.0,21535185,KOSDAQ,tradable_ohlcv
2021-06-08,4100.0,4125.0,4070.0,4085.0,44223.0,180908395.0,87971230725.0,21535185,KOSDAQ,tradable_ohlcv
2021-06-09,4095.0,4110.0,4060.0,4070.0,57620.0,235042720.0,87648202950.0,21535185,KOSDAQ,tradable_ohlcv
2021-06-10,4050.0,4100.0,4050.0,4095.0,54844.0,223983595.0,88186582575.0,21535185,KOSDAQ,tradable_ohlcv
2021-06-11,4095.0,4125.0,4080.0,4100.0,51065.0,209131580.0,88294258500.0,21535185,KOSDAQ,tradable_ohlcv
2021-06-14,4100.0,4200.0,4075.0,4190.0,169329.0,703963865.0,90232425150.0,21535185,KOSDAQ,tradable_ohlcv
2021-06-15,4190.0,4205.0,4145.0,4200.0,102329.0,426978680.0,90447777000.0,21535185,KOSDAQ,tradable_ohlcv
2021-06-16,4200.0,4235.0,4155.0,4220.0,108442.0,454876950.0,90878480700.0,21535185,KOSDAQ,tradable_ohlcv
2021-06-17,4220.0,4270.0,4190.0,4240.0,117146.0,496540840.0,91309184400.0,21535185,KOSDAQ,tradable_ohlcv
2021-06-18,4230.0,4255.0,4190.0,4225.0,63682.0,268421865.0,90986156625.0,21535185,KOSDAQ,tradable_ohlcv
2021-06-21,4180.0,4245.0,4145.0,4220.0,78838.0,329343420.0,90878480700.0,21535185,KOSDAQ,tradable_ohlcv
2021-06-22,4205.0,4255.0,4180.0,4210.0,71354.0,300672005.0,90663128850.0,21535185,KOSDAQ,tradable_ohlcv
2021-06-23,4210.0,4345.0,4200.0,4230.0,218492.0,933685355.0,91093832550.0,21535185,KOSDAQ,tradable_ohlcv
2021-06-24,4230.0,4260.0,4135.0,4155.0,136051.0,567409025.0,89478693675.0,21535185,KOSDAQ,tradable_ohlcv
2021-06-25,4155.0,4200.0,4125.0,4140.0,98495.0,409060155.0,89155665900.0,21535185,KOSDAQ,tradable_ohlcv
2021-06-28,4175.0,4175.0,4115.0,4155.0,65690.0,272474265.0,89478693675.0,21535185,KOSDAQ,tradable_ohlcv
2021-06-29,4200.0,4310.0,4165.0,4240.0,274845.0,1170904810.0,91309184400.0,21535185,KOSDAQ,tradable_ohlcv
2021-06-30,4250.0,4350.0,4250.0,4290.0,233218.0,1003266905.0,92385943650.0,21535185,KOSDAQ,tradable_ohlcv
2021-07-01,4290.0,4995.0,4290.0,4430.0,10735115.0,50189006590.0,95400869550.0,21535185,KOSDAQ,tradable_ohlcv
2021-07-02,4390.0,4435.0,4340.0,4405.0,659134.0,2889446165.0,94862489925.0,21535185,KOSDAQ,tradable_ohlcv
2021-07-05,4425.0,4490.0,4355.0,4470.0,735401.0,3262143710.0,96262276950.0,21535185,KOSDAQ,tradable_ohlcv
2021-07-06,4455.0,4530.0,4415.0,4420.0,405281.0,1812318370.0,95185517700.0,21535185,KOSDAQ,tradable_ohlcv
2021-07-07,4405.0,4455.0,4385.0,4440.0,277167.0,1224545300.0,95616221400.0,21535185,KOSDAQ,tradable_ohlcv
2021-07-08,4455.0,4465.0,4335.0,4435.0,284793.0,1248696645.0,95508545475.0,21535185,KOSDAQ,tradable_ohlcv
2021-07-09,4380.0,4415.0,4335.0,4340.0,201560.0,878185620.0,93462702900.0,21535185,KOSDAQ,tradable_ohlcv
2021-07-12,4340.0,4465.0,4330.0,4425.0,331209.0,1467235645.0,95293193625.0,21535185,KOSDAQ,tradable_ohlcv
2021-07-13,4440.0,4510.0,4420.0,4470.0,321873.0,1437386285.0,96262276950.0,21535185,KOSDAQ,tradable_ohlcv
2021-07-14,4450.0,4580.0,4440.0,4580.0,455782.0,2061525480.0,98631147300.0,21535185,KOSDAQ,tradable_ohlcv
2021-07-15,4590.0,4640.0,4500.0,4640.0,353356.0,1606224015.0,99923258400.0,21535185,KOSDAQ,tradable_ohlcv
2021-07-16,4610.0,4610.0,4510.0,4560.0,202657.0,922961315.0,98200443600.0,21535185,KOSDAQ,tradable_ohlcv
2021-07-19,4550.0,4555.0,4430.0,4495.0,182636.0,819525105.0,96800656575.0,21535185,KOSDAQ,tradable_ohlcv
2021-07-20,4405.0,4465.0,4360.0,4455.0,150110.0,660859395.0,95939249175.0,21535185,KOSDAQ,tradable_ohlcv
2021-07-21,4520.0,4560.0,4415.0,4485.0,158702.0,709126120.0,96585304725.0,21535185,KOSDAQ,tradable_ohlcv
2021-07-22,4490.0,4525.0,4410.0,4485.0,178665.0,799297465.0,96585304725.0,21535185,KOSDAQ,tradable_ohlcv
2021-07-23,4510.0,4555.0,4435.0,4490.0,195437.0,875359935.0,96692980650.0,21535185,KOSDAQ,tradable_ohlcv
2021-07-26,4545.0,4605.0,4500.0,4515.0,376440.0,1709719850.0,97231360275.0,21535185,KOSDAQ,tradable_ohlcv
2021-07-27,4525.0,4560.0,4525.0,4550.0,164398.0,747005705.0,97985091750.0,21535185,KOSDAQ,tradable_ohlcv
2021-07-28,4535.0,4570.0,4355.0,4410.0,326905.0,1454865235.0,94970165850.0,21535185,KOSDAQ,tradable_ohlcv
2021-07-29,4430.0,4510.0,4365.0,4415.0,131385.0,583799880.0,95077841775.0,21535185,KOSDAQ,tradable_ohlcv
2021-07-30,4415.0,4455.0,4345.0,4345.0,69886.0,305583780.0,93570378825.0,21535185,KOSDAQ,tradable_ohlcv
2021-08-02,4350.0,4395.0,4295.0,4320.0,114336.0,494853325.0,93031999200.0,21535185,KOSDAQ,tradable_ohlcv
2021-08-03,4375.0,4375.0,4235.0,4250.0,135341.0,577111275.0,91524536250.0,21535185,KOSDAQ,tradable_ohlcv
2021-08-04,4290.0,4290.0,4230.0,4290.0,70693.0,301055130.0,92385943650.0,21535185,KOSDAQ,tradable_ohlcv
2021-08-05,4260.0,4330.0,4260.0,4320.0,109588.0,470717605.0,93031999200.0,21535185,KOSDAQ,tradable_ohlcv
2021-08-06,4330.0,4335.0,4280.0,4335.0,73453.0,316450695.0,93355026975.0,21535185,KOSDAQ,tradable_ohlcv
2021-08-09,4330.0,4475.0,4330.0,4390.0,93991.0,412272695.0,94539462150.0,21535185,KOSDAQ,tradable_ohlcv
2021-08-10,4390.0,4430.0,4325.0,4345.0,89155.0,390054360.0,93570378825.0,21535185,KOSDAQ,tradable_ohlcv
2021-08-11,4305.0,4360.0,4175.0,4230.0,83543.0,357099990.0,91093832550.0,21535185,KOSDAQ,tradable_ohlcv
2021-08-12,4190.0,4230.0,4100.0,4125.0,161106.0,668487415.0,88832638125.0,21535185,KOSDAQ,tradable_ohlcv
2021-08-13,4115.0,4160.0,3965.0,4150.0,362684.0,1472779415.0,89371017750.0,21535185,KOSDAQ,tradable_ohlcv
2021-08-17,4140.0,4180.0,4030.0,4030.0,151021.0,617602275.0,86786795550.0,21535185,KOSDAQ,tradable_ohlcv
2021-08-18,3950.0,4095.0,3920.0,4090.0,137626.0,551235140.0,88078906650.0,21535185,KOSDAQ,tradable_ohlcv
2021-08-19,4075.0,4100.0,3910.0,3940.0,174064.0,694427220.0,84848628900.0,21535185,KOSDAQ,tradable_ohlcv
2021-08-20,3945.0,3980.0,3800.0,3845.0,162324.0,627348925.0,82802786325.0,21535185,KOSDAQ,tradable_ohlcv
2021-08-23,3850.0,3915.0,3780.0,3850.0,102337.0,395305370.0,82910462250.0,21535185,KOSDAQ,tradable_ohlcv
2021-08-24,3865.0,4000.0,3865.0,3980.0,80637.0,317451530.0,85710036300.0,21535185,KOSDAQ,tradable_ohlcv
2021-08-25,4000.0,4050.0,3940.0,4035.0,73229.0,293293750.0,86894471475.0,21535185,KOSDAQ,tradable_ohlcv
2021-08-26,4035.0,4075.0,3975.0,4035.0,97974.0,392826540.0,86894471475.0,21535185,KOSDAQ,tradable_ohlcv
2021-08-27,4035.0,4060.0,3975.0,4060.0,63838.0,257445835.0,87432851100.0,21535185,KOSDAQ,tradable_ohlcv
2021-08-30,4080.0,4110.0,4050.0,4050.0,68783.0,279722420.0,87217499250.0,21535185,KOSDAQ,tradable_ohlcv
2021-08-31,4055.0,4190.0,4040.0,4150.0,92457.0,378905935.0,89371017750.0,21535185,KOSDAQ,tradable_ohlcv
2021-09-01,4170.0,4170.0,4095.0,4145.0,40760.0,168312315.0,89263341825.0,21535185,KOSDAQ,tradable_ohlcv
2021-09-02,4200.0,4200.0,4115.0,4160.0,50301.0,209020180.0,89586369600.0,21535185,KOSDAQ,tradable_ohlcv
2021-09-03,4140.0,4200.0,4130.0,4145.0,31402.0,130208405.0,89263341825.0,21535185,KOSDAQ,tradable_ohlcv
2021-09-06,4180.0,4180.0,4070.0,4120.0,44256.0,182159880.0,88724962200.0,21535185,KOSDAQ,tradable_ohlcv
2021-09-07,4150.0,4150.0,4070.0,4100.0,55574.0,227114270.0,88294258500.0,21535185,KOSDAQ,tradable_ohlcv
2021-09-08,4095.0,4135.0,3995.0,4000.0,64352.0,260594720.0,86140740000.0,21535185,KOSDAQ,tradable_ohlcv
2021-09-09,4000.0,4030.0,3935.0,3935.0,64432.0,255726745.0,84740952975.0,21535185,KOSDAQ,tradable_ohlcv
2021-09-10,3935.0,4000.0,3915.0,3945.0,57392.0,227151010.0,84956304825.0,21535185,KOSDAQ,tradable_ohlcv
2021-09-13,3980.0,4040.0,3870.0,3890.0,59121.0,232334785.0,83771869650.0,21535185,KOSDAQ,tradable_ohlcv
2021-09-14,3890.0,3980.0,3890.0,3950.0,38963.0,153048985.0,85063980750.0,21535185,KOSDAQ,tradable_ohlcv
2021-09-15,3985.0,3985.0,3910.0,3935.0,50412.0,198370645.0,84740952975.0,21535185,KOSDAQ,tradable_ohlcv
2021-09-16,3955.0,3955.0,3880.0,3900.0,45589.0,177904280.0,83987221500.0,21535185,KOSDAQ,tradable_ohlcv
2021-09-17,3860.0,3930.0,3845.0,3905.0,38922.0,151111745.0,84094897425.0,21535185,KOSDAQ,tradable_ohlcv
2021-09-23,3850.0,3885.0,3825.0,3865.0,35922.0,138177265.0,83233490025.0,21535185,KOSDAQ,tradable_ohlcv
2021-09-24,3860.0,3960.0,3830.0,3900.0,42162.0,164053625.0,83987221500.0,21535185,KOSDAQ,tradable_ohlcv
2021-09-27,3900.0,3950.0,3865.0,3905.0,33754.0,131392135.0,84094897425.0,21535185,KOSDAQ,tradable_ohlcv
2021-09-28,3905.0,3945.0,3830.0,3865.0,27796.0,107439065.0,83233490025.0,21535185,KOSDAQ,tradable_ohlcv
2021-09-29,3755.0,3875.0,3700.0,3765.0,89482.0,338834740.0,81079971525.0,21535185,KOSDAQ,tradable_ohlcv
2021-09-30,3745.0,3840.0,3745.0,3810.0,58607.0,220964415.0,82049054850.0,21535185,KOSDAQ,tradable_ohlcv
2021-10-01,3755.0,3790.0,3610.0,3650.0,156632.0,574735975.0,78603425250.0,21535185,KOSDAQ,tradable_ohlcv
2021-10-05,3600.0,3600.0,3355.0,3355.0,166329.0,578404020.0,72250545675.0,21535185,KOSDAQ,tradable_ohlcv
2021-10-06,3380.0,3525.0,3160.0,3295.0,157957.0,528554095.0,70958434575.0,21535185,KOSDAQ,tradable_ohlcv
2021-10-07,3295.0,3480.0,3295.0,3460.0,39470.0,133882995.0,74511740100.0,21535185,KOSDAQ,tradable_ohlcv
2021-10-08,3550.0,3560.0,3450.0,3550.0,89256.0,313487730.0,76449906750.0,21535185,KOSDAQ,tradable_ohlcv
2021-10-12,3550.0,3585.0,3450.0,3525.0,37490.0,131890570.0,75911527125.0,21535185,KOSDAQ,tradable_ohlcv
2021-10-13,3480.0,3600.0,3475.0,3570.0,40096.0,141629350.0,76880610450.0,21535185,KOSDAQ,tradable_ohlcv
2021-10-14,3650.0,3650.0,3580.0,3605.0,15477.0,55704420.0,77634341925.0,21535185,KOSDAQ,tradable_ohlcv
2021-10-15,3685.0,3685.0,3570.0,3660.0,36795.0,133162775.0,78818777100.0,21535185,KOSDAQ,tradable_ohlcv
2021-10-18,3690.0,3690.0,3535.0,3620.0,64592.0,233674450.0,77957369700.0,21535185,KOSDAQ,tradable_ohlcv
2021-10-19,3625.0,3665.0,3570.0,3605.0,57877.0,209292410.0,77634341925.0,21535185,KOSDAQ,tradable_ohlcv
2021-10-20,3640.0,3640.0,3560.0,3605.0,39741.0,142762980.0,77634341925.0,21535185,KOSDAQ,tradable_ohlcv
2021-10-21,3585.0,3605.0,3495.0,3500.0,51051.0,180930095.0,75373147500.0,21535185,KOSDAQ,tradable_ohlcv
2021-10-22,3460.0,3595.0,3455.0,3530.0,45072.0,158420950.0,76019203050.0,21535185,KOSDAQ,tradable_ohlcv
2021-10-25,3530.0,3530.0,3435.0,3470.0,42508.0,147490410.0,74727091950.0,21535185,KOSDAQ,tradable_ohlcv
2021-10-26,3450.0,3530.0,3450.0,3500.0,22157.0,77527850.0,75373147500.0,21535185,KOSDAQ,tradable_ohlcv
2021-10-27,3500.0,3535.0,3465.0,3535.0,37443.0,130881625.0,76126878975.0,21535185,KOSDAQ,tradable_ohlcv
2021-10-28,3530.0,4555.0,3515.0,4205.0,13144144.0,56489060960.0,90555452925.0,21535185,KOSDAQ,tradable_ohlcv
2021-10-29,4200.0,4535.0,3900.0,4090.0,9951913.0,42814126820.0,88078906650.0,21535185,KOSDAQ,tradable_ohlcv
2021-11-01,4020.0,4020.0,3780.0,3840.0,842299.0,3262126535.0,82695110400.0,21535185,KOSDAQ,tradable_ohlcv
2021-11-02,3820.0,3845.0,3725.0,3820.0,719333.0,2743933600.0,82264406700.0,21535185,KOSDAQ,tradable_ohlcv
2021-11-03,3850.0,3950.0,3670.0,3690.0,835539.0,3154669020.0,79464832650.0,21535185,KOSDAQ,tradable_ohlcv
2021-11-04,3730.0,3780.0,3630.0,3650.0,374097.0,1383593810.0,78603425250.0,21535185,KOSDAQ,tradable_ohlcv
2021-11-05,3630.0,3680.0,3520.0,3615.0,230741.0,837308655.0,77849693775.0,21535185,KOSDAQ,tradable_ohlcv
2021-11-08,3615.0,3730.0,3580.0,3730.0,249660.0,915436925.0,80326240050.0,21535185,KOSDAQ,tradable_ohlcv
2021-11-09,3735.0,3790.0,3665.0,3680.0,212579.0,793197050.0,79249480800.0,21535185,KOSDAQ,tradable_ohlcv
2021-11-10,3690.0,3710.0,3550.0,3580.0,196532.0,706444740.0,77095962300.0,21535185,KOSDAQ,tradable_ohlcv
2021-11-11,3575.0,3605.0,3510.0,3515.0,163475.0,579534855.0,75696175275.0,21535185,KOSDAQ,tradable_ohlcv
2021-11-12,3530.0,3690.0,3480.0,3665.0,203797.0,735428600.0,78926453025.0,21535185,KOSDAQ,tradable_ohlcv
2021-11-15,3665.0,3735.0,3625.0,3715.0,108724.0,400633160.0,80003212275.0,21535185,KOSDAQ,tradable_ohlcv
2021-11-16,3710.0,3770.0,3600.0,3665.0,124906.0,460389715.0,78926453025.0,21535185,KOSDAQ,tradable_ohlcv
2021-11-17,3660.0,3660.0,3555.0,3580.0,93429.0,334428305.0,77095962300.0,21535185,KOSDAQ,tradable_ohlcv
2021-11-18,3575.0,3575.0,3480.0,3545.0,70139.0,246891205.0,76342230825.0,21535185,KOSDAQ,tradable_ohlcv
2021-11-19,3535.0,3585.0,3500.0,3555.0,62545.0,221172600.0,76557582675.0,21535185,KOSDAQ,tradable_ohlcv
2021-11-22,3555.0,3635.0,3535.0,3560.0,106721.0,381040620.0,76665258600.0,21535185,KOSDAQ,tradable_ohlcv
2021-11-23,3580.0,3640.0,3550.0,3560.0,68551.0,245632875.0,76665258600.0,21535185,KOSDAQ,tradable_ohlcv
2021-11-24,3570.0,3660.0,3520.0,3570.0,51447.0,183954485.0,76880610450.0,21535185,KOSDAQ,tradable_ohlcv
2021-11-25,3570.0,3575.0,3460.0,3470.0,95800.0,334722820.0,74727091950.0,21535185,KOSDAQ,tradable_ohlcv
2021-11-26,3485.0,3505.0,3365.0,3390.0,149568.0,510672935.0,73004277150.0,21535185,KOSDAQ,tradable_ohlcv
2021-11-29,3295.0,3350.0,3245.0,3320.0,95514.0,315147620.0,71496814200.0,21535185,KOSDAQ,tradable_ohlcv
2021-11-30,3320.0,3400.0,3100.0,3130.0,244898.0,784953005.0,67405129050.0,21535185,KOSDAQ,tradable_ohlcv
2021-12-01,3050.0,3230.0,3050.0,3220.0,75592.0,238263535.0,69343295700.0,21535185,KOSDAQ,tradable_ohlcv
2021-12-02,3210.0,3345.0,3160.0,3265.0,95166.0,307822315.0,70312379025.0,21535185,KOSDAQ,tradable_ohlcv
2021-12-03,3285.0,3350.0,3230.0,3295.0,30892.0,101036605.0,70958434575.0,21535185,KOSDAQ,tradable_ohlcv
2021-12-06,3290.0,3350.0,3210.0,3345.0,49216.0,162090785.0,72035193825.0,21535185,KOSDAQ,tradable_ohlcv
2021-12-07,3345.0,3380.0,3300.0,3370.0,46728.0,155803970.0,72573573450.0,21535185,KOSDAQ,tradable_ohlcv
2021-12-08,3375.0,3400.0,3315.0,3315.0,74224.0,249140425.0,71389138275.0,21535185,KOSDAQ,tradable_ohlcv
2021-12-09,3315.0,3375.0,3315.0,3350.0,39531.0,132120075.0,72142869750.0,21535185,KOSDAQ,tradable_ohlcv
2021-12-10,3350.0,3390.0,3325.0,3390.0,47728.0,160545255.0,73004277150.0,21535185,KOSDAQ,tradable_ohlcv
2021-12-13,3400.0,3400.0,3340.0,3350.0,44010.0,147563965.0,72142869750.0,21535185,KOSDAQ,tradable_ohlcv
2021-12-14,3345.0,3385.0,3265.0,3335.0,26331.0,87613110.0,71819841975.0,21535185,KOSDAQ,tradable_ohlcv
2021-12-15,3295.0,3370.0,3280.0,3340.0,28237.0,93725190.0,71927517900.0,21535185,KOSDAQ,tradable_ohlcv
2021-12-16,3360.0,3360.0,3250.0,3340.0,42539.0,139629850.0,71927517900.0,21535185,KOSDAQ,tradable_ohlcv
2021-12-17,3340.0,3340.0,3255.0,3290.0,37474.0,123322200.0,70850758650.0,21535185,KOSDAQ,tradable_ohlcv
2021-12-20,3295.0,3295.0,3180.0,3180.0,60879.0,195994825.0,68481888300.0,21535185,KOSDAQ,tradable_ohlcv
2021-12-21,3180.0,3265.0,3090.0,3195.0,43503.0,138004550.0,68804916075.0,21535185,KOSDAQ,tradable_ohlcv
2021-12-22,3240.0,3270.0,3185.0,3200.0,52496.0,168622010.0,68912592000.0,21535185,KOSDAQ,tradable_ohlcv
2021-12-23,3210.0,3300.0,3205.0,3255.0,62442.0,202638625.0,70097027175.0,21535185,KOSDAQ,tradable_ohlcv
2021-12-24,3225.0,3345.0,3225.0,3340.0,64332.0,211607670.0,71927517900.0,21535185,KOSDAQ,tradable_ohlcv
2021-12-27,3370.0,3375.0,3295.0,3325.0,31317.0,104247040.0,71604490125.0,21535185,KOSDAQ,tradable_ohlcv
2021-12-28,3280.0,3330.0,3280.0,3305.0,18599.0,61494890.0,71173786425.0,21535185,KOSDAQ,tradable_ohlcv
2021-12-29,3280.0,3395.0,3280.0,3350.0,61053.0,204493305.0,72142869750.0,21535185,KOSDAQ,tradable_ohlcv
2021-12-30,3350.0,3385.0,3320.0,3350.0,26297.0,87762760.0,72142869750.0,21535185,KOSDAQ,tradable_ohlcv
