d,o,h,l,c,v,a,mc,s,m
2011-01-03,2260.0,2345.0,2260.0,2300.0,22500.0,52167115.0,27600000000.0,12000000,KOSDAQ
2011-01-04,2315.0,2315.0,2275.0,2285.0,13564.0,31029940.0,27420000000.0,12000000,KOSDAQ
2011-01-05,2285.0,2320.0,2265.0,2275.0,24097.0,54793365.0,27300000000.0,12000000,KOSDAQ
2011-01-06,2270.0,2295.0,2235.0,2250.0,50163.0,112970315.0,27000000000.0,12000000,KOSDAQ
2011-01-07,2300.0,2300.0,2225.0,2245.0,18229.0,40748985.0,26940000000.0,12000000,KOSDAQ
2011-01-10,2225.0,2250.0,2210.0,2220.0,25204.0,55992620.0,26640000000.0,12000000,KOSDAQ
2011-01-11,2240.0,2250.0,2225.0,2250.0,18945.0,42300915.0,27000000000.0,12000000,KOSDAQ
2011-01-12,2260.0,2325.0,2230.0,2310.0,23985.0,54865080.0,27720000000.0,12000000,KOSDAQ
2011-01-13,2300.0,2320.0,2285.0,2285.0,11071.0,25455770.0,27420000000.0,12000000,KOSDAQ
2011-01-14,2300.0,2360.0,2300.0,2335.0,49132.0,113778635.0,28020000000.0,12000000,KOSDAQ
2011-01-17,2335.0,2345.0,2290.0,2290.0,91274.0,210540405.0,27480000000.0,12000000,KOSDAQ
2011-01-18,2285.0,2305.0,2255.0,2255.0,39194.0,89203145.0,27060000000.0,12000000,KOSDAQ
2011-01-19,2275.0,2275.0,2240.0,2240.0,29386.0,66013635.0,26880000000.0,12000000,KOSDAQ
2011-01-20,2230.0,2240.0,2225.0,2225.0,20174.0,45008545.0,26700000000.0,12000000,KOSDAQ
2011-01-21,2225.0,2250.0,2215.0,2235.0,11016.0,24490205.0,26820000000.0,12000000,KOSDAQ
2011-01-24,2210.0,2250.0,2180.0,2180.0,56364.0,123918510.0,26160000000.0,12000000,KOSDAQ
2011-01-25,2200.0,2245.0,2170.0,2175.0,56489.0,123311540.0,26100000000.0,12000000,KOSDAQ
2011-01-26,2175.0,2225.0,2170.0,2175.0,19318.0,42421135.0,26100000000.0,12000000,KOSDAQ
2011-01-27,2195.0,2285.0,2185.0,2215.0,21139.0,46790685.0,26580000000.0,12000000,KOSDAQ
2011-01-28,2230.0,2230.0,2160.0,2200.0,23879.0,52014095.0,26400000000.0,12000000,KOSDAQ
2011-01-31,2170.0,2195.0,2160.0,2180.0,20783.0,45059165.0,26160000000.0,12000000,KOSDAQ
2011-02-01,2180.0,2245.0,2180.0,2195.0,13447.0,29846780.0,26340000000.0,12000000,KOSDAQ
2011-02-07,2200.0,2245.0,2180.0,2200.0,4405.0,9706960.0,26400000000.0,12000000,KOSDAQ
2011-02-08,2200.0,2235.0,2185.0,2185.0,17936.0,39460590.0,26220000000.0,12000000,KOSDAQ
2011-02-09,2235.0,2235.0,2175.0,2185.0,13881.0,30408095.0,26220000000.0,12000000,KOSDAQ
2011-02-10,2185.0,2190.0,2170.0,2175.0,7169.0,15601390.0,26100000000.0,12000000,KOSDAQ
2011-02-11,2175.0,2235.0,2175.0,2220.0,11009.0,24182345.0,26640000000.0,12000000,KOSDAQ
2011-02-14,2220.0,2220.0,2165.0,2195.0,14656.0,31841385.0,26340000000.0,12000000,KOSDAQ
2011-02-15,2220.0,2220.0,2175.0,2200.0,3881.0,8501930.0,26400000000.0,12000000,KOSDAQ
2011-02-16,2180.0,2210.0,2160.0,2190.0,15370.0,33370715.0,26280000000.0,12000000,KOSDAQ
2011-02-17,2165.0,2205.0,2150.0,2180.0,16751.0,36293745.0,26160000000.0,12000000,KOSDAQ
2011-02-18,2180.0,2195.0,2160.0,2190.0,10924.0,23844790.0,26280000000.0,12000000,KOSDAQ
2011-02-21,2195.0,2210.0,2185.0,2210.0,17044.0,37466225.0,26520000000.0,12000000,KOSDAQ
2011-02-22,2210.0,2210.0,2160.0,2165.0,9073.0,19686370.0,25980000000.0,12000000,KOSDAQ
2011-02-23,2150.0,2215.0,2140.0,2170.0,11045.0,23917545.0,26040000000.0,12000000,KOSDAQ
2011-02-24,2180.0,2190.0,2125.0,2130.0,27167.0,58091510.0,25560000000.0,12000000,KOSDAQ
2011-02-25,2120.0,2165.0,2110.0,2155.0,9624.0,20503540.0,25860000000.0,12000000,KOSDAQ
2011-02-28,2130.0,2165.0,2120.0,2160.0,4236.0,9025410.0,25920000000.0,12000000,KOSDAQ
2011-03-02,2135.0,2160.0,2135.0,2160.0,4184.0,8950720.0,25920000000.0,12000000,KOSDAQ
2011-03-03,2130.0,2165.0,2130.0,2160.0,201.0,431410.0,25920000000.0,12000000,KOSDAQ
2011-03-04,2175.0,2175.0,2135.0,2160.0,1319.0,2843080.0,25920000000.0,12000000,KOSDAQ
2011-03-07,2180.0,2180.0,2140.0,2165.0,7918.0,17028420.0,25980000000.0,12000000,KOSDAQ
2011-03-08,2185.0,2185.0,2135.0,2185.0,19450.0,41677620.0,26220000000.0,12000000,KOSDAQ
2011-03-09,2160.0,2195.0,2135.0,2180.0,17666.0,37866480.0,26160000000.0,12000000,KOSDAQ
2011-03-10,2185.0,2185.0,2135.0,2165.0,8702.0,18611865.0,25980000000.0,12000000,KOSDAQ
2011-03-11,2135.0,2165.0,2130.0,2165.0,9803.0,21025025.0,25980000000.0,12000000,KOSDAQ
2011-03-14,2165.0,2165.0,2080.0,2140.0,29743.0,62587860.0,25680000000.0,12000000,KOSDAQ
2011-03-15,2080.0,2110.0,2030.0,2085.0,11712.0,24193520.0,25020000000.0,12000000,KOSDAQ
2011-03-16,2045.0,2145.0,2045.0,2140.0,8663.0,18132715.0,25680000000.0,12000000,KOSDAQ
2011-03-17,2080.0,2145.0,2080.0,2090.0,13461.0,28374780.0,25080000000.0,12000000,KOSDAQ
2011-03-18,2090.0,2140.0,2090.0,2125.0,12925.0,27301530.0,25500000000.0,12000000,KOSDAQ
2011-03-21,2095.0,2125.0,2090.0,2115.0,41343.0,86759165.0,25380000000.0,12000000,KOSDAQ
2011-03-22,2125.0,2125.0,2090.0,2120.0,20355.0,42857035.0,25440000000.0,12000000,KOSDAQ
2011-03-23,2140.0,2140.0,2095.0,2120.0,3878.0,8164625.0,25440000000.0,12000000,KOSDAQ
2011-03-24,2135.0,2135.0,2105.0,2115.0,4141.0,8740705.0,25380000000.0,12000000,KOSDAQ
2011-03-25,2115.0,2115.0,2085.0,2100.0,20410.0,42699965.0,25200000000.0,12000000,KOSDAQ
2011-03-28,2090.0,2105.0,2090.0,2090.0,12618.0,26374200.0,25080000000.0,12000000,KOSDAQ
2011-03-29,2070.0,2110.0,2070.0,2095.0,38940.0,81536780.0,25140000000.0,12000000,KOSDAQ
2011-03-30,2320.0,2405.0,2120.0,2405.0,472212.0,1120561005.0,28860000000.0,12000000,KOSDAQ
2011-03-31,2450.0,2750.0,2380.0,2540.0,1356805.0,3452467140.0,30480000000.0,12000000,KOSDAQ
2011-04-01,2500.0,2600.0,2415.0,2490.0,277138.0,685788080.0,29880000000.0,12000000,KOSDAQ
2011-04-04,2510.0,2860.0,2395.0,2695.0,1139668.0,3110300520.0,32340000000.0,12000000,KOSDAQ
2011-04-05,2680.0,2850.0,2615.0,2635.0,509744.0,1386957550.0,31620000000.0,12000000,KOSDAQ
2011-04-06,2635.0,2705.0,2560.0,2695.0,221727.0,581002855.0,32340000000.0,12000000,KOSDAQ
2011-04-07,2700.0,2700.0,2595.0,2630.0,169609.0,445719280.0,31560000000.0,12000000,KOSDAQ
2011-04-08,2645.0,2780.0,2605.0,2605.0,172554.0,459464765.0,31260000000.0,12000000,KOSDAQ
2011-04-11,2560.0,2620.0,2460.0,2510.0,137282.0,346167965.0,30120000000.0,12000000,KOSDAQ
2011-04-12,2520.0,2650.0,2455.0,2550.0,147116.0,375007520.0,30600000000.0,12000000,KOSDAQ
2011-04-13,2510.0,2570.0,2465.0,2465.0,107630.0,267841145.0,29580000000.0,12000000,KOSDAQ
2011-04-14,2460.0,2505.0,2430.0,2450.0,70707.0,173972995.0,29400000000.0,12000000,KOSDAQ
2011-04-15,2450.0,2460.0,2400.0,2445.0,92957.0,225333470.0,29340000000.0,12000000,KOSDAQ
2011-04-18,2445.0,2490.0,2360.0,2430.0,131325.0,314976260.0,29160000000.0,12000000,KOSDAQ
2011-04-19,2400.0,2445.0,2365.0,2400.0,89688.0,215455765.0,28800000000.0,12000000,KOSDAQ
2011-04-20,2440.0,2580.0,2395.0,2465.0,116282.0,288838615.0,29580000000.0,12000000,KOSDAQ
2011-04-21,2540.0,2540.0,2380.0,2380.0,87859.0,211596975.0,28560000000.0,12000000,KOSDAQ
2011-04-22,2365.0,2420.0,2340.0,2380.0,63113.0,149819740.0,28560000000.0,12000000,KOSDAQ
2011-04-25,2365.0,2380.0,2300.0,2300.0,70922.0,164279875.0,27600000000.0,12000000,KOSDAQ
2011-04-26,2290.0,2310.0,2200.0,2200.0,90372.0,201440935.0,26400000000.0,12000000,KOSDAQ
2011-04-27,2185.0,2250.0,2185.0,2245.0,39878.0,88204685.0,26940000000.0,12000000,KOSDAQ
2011-04-28,2245.0,2250.0,2200.0,2225.0,22373.0,49493835.0,26700000000.0,12000000,KOSDAQ
2011-04-29,2230.0,2240.0,2185.0,2200.0,14468.0,31900295.0,26400000000.0,12000000,KOSDAQ
2011-05-02,2185.0,2205.0,2165.0,2195.0,31002.0,67779020.0,26340000000.0,12000000,KOSDAQ
2011-05-03,2195.0,2290.0,2165.0,2280.0,25399.0,56104035.0,27360000000.0,12000000,KOSDAQ
2011-05-04,2250.0,2315.0,2220.0,2280.0,57838.0,131980810.0,27360000000.0,12000000,KOSDAQ
2011-05-06,2280.0,2295.0,2245.0,2295.0,29795.0,67396515.0,27540000000.0,12000000,KOSDAQ
2011-05-09,2290.0,2420.0,2240.0,2385.0,86227.0,200251470.0,28620000000.0,12000000,KOSDAQ
2011-05-11,2355.0,2415.0,2320.0,2395.0,64622.0,152306080.0,28740000000.0,12000000,KOSDAQ
2011-05-12,2390.0,2400.0,2320.0,2390.0,21554.0,51033520.0,28680000000.0,12000000,KOSDAQ
2011-05-13,2450.0,2530.0,2390.0,2445.0,150006.0,370083340.0,29340000000.0,12000000,KOSDAQ
2011-05-16,2400.0,2520.0,2400.0,2490.0,103023.0,254765365.0,29880000000.0,12000000,KOSDAQ
2011-05-17,2490.0,2570.0,2380.0,2570.0,100488.0,249431880.0,30840000000.0,12000000,KOSDAQ
2011-05-18,2600.0,2660.0,2395.0,2395.0,110135.0,276987720.0,28740000000.0,12000000,KOSDAQ
2011-05-19,2440.0,2440.0,2330.0,2350.0,19401.0,45951965.0,28200000000.0,12000000,KOSDAQ
2011-05-20,2395.0,2500.0,2330.0,2490.0,103158.0,250251955.0,29880000000.0,12000000,KOSDAQ
2011-05-23,2490.0,2495.0,2390.0,2485.0,118918.0,289272385.0,29820000000.0,12000000,KOSDAQ
2011-05-24,2485.0,2500.0,2390.0,2460.0,88824.0,216407150.0,29520000000.0,12000000,KOSDAQ
2011-05-25,2425.0,2580.0,2390.0,2445.0,182293.0,441412165.0,29340000000.0,12000000,KOSDAQ
2011-05-26,2455.0,2510.0,2415.0,2445.0,68413.0,167737735.0,29340000000.0,12000000,KOSDAQ
2011-05-27,2500.0,2500.0,2420.0,2470.0,85420.0,209965915.0,29640000000.0,12000000,KOSDAQ
2011-05-30,2470.0,2475.0,2420.0,2460.0,17798.0,43466220.0,29520000000.0,12000000,KOSDAQ
2011-05-31,2460.0,2500.0,2420.0,2495.0,174151.0,429923620.0,29940000000.0,12000000,KOSDAQ
2011-06-01,2505.0,2520.0,2455.0,2500.0,85714.0,212675155.0,30000000000.0,12000000,KOSDAQ
2011-06-02,2475.0,2500.0,2435.0,2470.0,80025.0,196671660.0,29640000000.0,12000000,KOSDAQ
2011-06-03,2430.0,2490.0,2430.0,2450.0,30597.0,75304320.0,29400000000.0,12000000,KOSDAQ
2011-06-07,2420.0,2480.0,2355.0,2370.0,113768.0,272184560.0,28440000000.0,12000000,KOSDAQ
2011-06-08,2370.0,2385.0,2315.0,2355.0,32946.0,77369300.0,28260000000.0,12000000,KOSDAQ
2011-06-09,2310.0,2450.0,2310.0,2395.0,31928.0,76601165.0,28740000000.0,12000000,KOSDAQ
2011-06-10,2410.0,2465.0,2400.0,2460.0,67592.0,163847285.0,29520000000.0,12000000,KOSDAQ
2011-06-13,2450.0,2645.0,2445.0,2560.0,145616.0,370826350.0,30720000000.0,12000000,KOSDAQ
2011-06-14,2560.0,2590.0,2500.0,2565.0,43036.0,109291830.0,30780000000.0,12000000,KOSDAQ
2011-06-15,2600.0,2625.0,2515.0,2560.0,144735.0,372143295.0,30720000000.0,12000000,KOSDAQ
2011-06-16,2535.0,2590.0,2490.0,2500.0,49335.0,124633970.0,30000000000.0,12000000,KOSDAQ
2011-06-17,2540.0,2540.0,2405.0,2410.0,32131.0,78358990.0,28920000000.0,12000000,KOSDAQ
2011-06-20,2450.0,2520.0,2405.0,2405.0,28902.0,70425440.0,28860000000.0,12000000,KOSDAQ
2011-06-21,2410.0,2490.0,2400.0,2405.0,22960.0,55704505.0,28860000000.0,12000000,KOSDAQ
2011-06-22,2420.0,2440.0,2400.0,2420.0,21402.0,51553145.0,29040000000.0,12000000,KOSDAQ
2011-06-23,2420.0,2445.0,2380.0,2445.0,25052.0,60457310.0,29340000000.0,12000000,KOSDAQ
2011-06-24,2445.0,2510.0,2415.0,2440.0,60758.0,149550755.0,29280000000.0,12000000,KOSDAQ
2011-06-27,2475.0,2565.0,2440.0,2520.0,107675.0,272258635.0,30240000000.0,12000000,KOSDAQ
2011-06-28,2565.0,2700.0,2485.0,2540.0,376814.0,983050950.0,30480000000.0,12000000,KOSDAQ
2011-06-29,2600.0,2645.0,2505.0,2575.0,123312.0,316985000.0,30900000000.0,12000000,KOSDAQ
2011-06-30,2575.0,2640.0,2540.0,2640.0,111693.0,290558635.0,31680000000.0,12000000,KOSDAQ
2011-07-01,2640.0,2820.0,2610.0,2780.0,269296.0,738419445.0,33360000000.0,12000000,KOSDAQ
2011-07-04,3195.0,3195.0,3195.0,3195.0,202676.0,647549820.0,38340000000.0,12000000,KOSDAQ
2011-07-05,3670.0,3670.0,3450.0,3670.0,4336301.0,15581085435.0,44040000000.0,12000000,KOSDAQ
2011-07-06,3700.0,3815.0,3580.0,3735.0,3553469.0,13073949295.0,44820000000.0,12000000,KOSDAQ
2011-07-07,3750.0,3975.0,3540.0,3590.0,3029734.0,11408339695.0,43080000000.0,12000000,KOSDAQ
2011-07-08,3565.0,3775.0,3320.0,3400.0,2122030.0,7544955055.0,40800000000.0,12000000,KOSDAQ
2011-07-11,3450.0,3590.0,3395.0,3450.0,2189650.0,7636674255.0,41400000000.0,12000000,KOSDAQ
2011-07-12,3465.0,3480.0,3260.0,3330.0,1311186.0,4381389425.0,39960000000.0,12000000,KOSDAQ
2011-07-13,3360.0,3495.0,3095.0,3150.0,1425464.0,4737907615.0,37800000000.0,12000000,KOSDAQ
2011-07-14,3230.0,3275.0,3100.0,3145.0,800772.0,2542495045.0,37740000000.0,12000000,KOSDAQ
2011-07-15,3205.0,3605.0,3200.0,3370.0,2459576.0,8445293025.0,40440000000.0,12000000,KOSDAQ
2011-07-18,3430.0,3645.0,3350.0,3500.0,1372662.0,4831531255.0,42000000000.0,12000000,KOSDAQ
2011-07-19,3500.0,3575.0,3365.0,3495.0,687345.0,2381946210.0,41940000000.0,12000000,KOSDAQ
2011-07-20,3535.0,3645.0,3420.0,3460.0,762187.0,2681384070.0,41520000000.0,12000000,KOSDAQ
2011-07-21,3465.0,3585.0,3410.0,3470.0,598662.0,2078928275.0,41640000000.0,12000000,KOSDAQ
2011-07-22,3500.0,3570.0,3290.0,3290.0,539322.0,1847776370.0,39480000000.0,12000000,KOSDAQ
2011-07-25,3320.0,3400.0,3270.0,3305.0,294384.0,978641600.0,39660000000.0,12000000,KOSDAQ
2011-07-26,3400.0,3465.0,3310.0,3315.0,426956.0,1452855520.0,39780000000.0,12000000,KOSDAQ
2011-07-27,3370.0,3730.0,3320.0,3600.0,935985.0,3295162005.0,43200000000.0,12000000,KOSDAQ
2011-07-28,3510.0,3750.0,3510.0,3615.0,803453.0,2924167725.0,43380000000.0,12000000,KOSDAQ
2011-07-29,3710.0,3855.0,3590.0,3620.0,1700839.0,6383411525.0,43440000000.0,12000000,KOSDAQ
2011-08-01,3645.0,3730.0,3545.0,3570.0,384232.0,1385238850.0,42840000000.0,12000000,KOSDAQ
2011-08-02,3600.0,3645.0,3320.0,3420.0,321210.0,1116468190.0,41040000000.0,12000000,KOSDAQ
2011-08-03,3350.0,3350.0,3190.0,3305.0,237222.0,774261765.0,39660000000.0,12000000,KOSDAQ
2011-08-04,3305.0,3425.0,3035.0,3035.0,281450.0,917668700.0,36420000000.0,12000000,KOSDAQ
2011-08-05,2640.0,2960.0,2640.0,2820.0,322430.0,906139750.0,33840000000.0,12000000,KOSDAQ
2011-08-08,2805.0,2915.0,2500.0,2650.0,247222.0,668005865.0,31800000000.0,12000000,KOSDAQ
2011-08-09,2420.0,2570.0,2255.0,2400.0,397493.0,929207325.0,28800000000.0,12000000,KOSDAQ
2011-08-10,2640.0,2640.0,2510.0,2595.0,227354.0,587026790.0,31140000000.0,12000000,KOSDAQ
2011-08-11,2400.0,2795.0,2400.0,2770.0,327174.0,866085665.0,33240000000.0,12000000,KOSDAQ
2011-08-12,2865.0,3045.0,2790.0,2875.0,332038.0,976715880.0,34500000000.0,12000000,KOSDAQ
2011-08-16,2990.0,3000.0,2905.0,2935.0,281333.0,830692065.0,35220000000.0,12000000,KOSDAQ
2011-08-17,2980.0,3090.0,2930.0,2950.0,238523.0,712312280.0,35400000000.0,12000000,KOSDAQ
2011-08-18,2955.0,3000.0,2755.0,2865.0,313482.0,904888180.0,34380000000.0,12000000,KOSDAQ
2011-08-19,2665.0,2710.0,2500.0,2550.0,237512.0,617937150.0,30600000000.0,12000000,KOSDAQ
2011-08-22,2510.0,2930.0,2380.0,2925.0,897681.0,2529396865.0,35100000000.0,12000000,KOSDAQ
2011-08-23,2925.0,2990.0,2805.0,2895.0,358079.0,1038159275.0,34740000000.0,12000000,KOSDAQ
2011-08-24,2950.0,2980.0,2740.0,2740.0,240335.0,682668595.0,32880000000.0,12000000,KOSDAQ
2011-08-25,2850.0,2855.0,2655.0,2740.0,145847.0,401019545.0,32880000000.0,12000000,KOSDAQ
2011-08-26,2670.0,2815.0,2670.0,2730.0,136935.0,372978380.0,32760000000.0,12000000,KOSDAQ
2011-08-29,2765.0,2950.0,2760.0,2905.0,210314.0,604579230.0,34860000000.0,12000000,KOSDAQ
2011-08-30,2905.0,2950.0,2830.0,2870.0,186310.0,538490755.0,34440000000.0,12000000,KOSDAQ
2011-08-31,2905.0,3090.0,2850.0,3090.0,410434.0,1232252150.0,37080000000.0,12000000,KOSDAQ
2011-09-01,3050.0,3135.0,2880.0,2940.0,249221.0,750825730.0,35280000000.0,12000000,KOSDAQ
2011-09-02,2915.0,2975.0,2795.0,2870.0,178964.0,508598235.0,34440000000.0,12000000,KOSDAQ
2011-09-05,2770.0,2870.0,2600.0,2680.0,274009.0,742409010.0,32160000000.0,12000000,KOSDAQ
2011-09-06,2645.0,2705.0,2545.0,2565.0,216846.0,563374330.0,30780000000.0,12000000,KOSDAQ
2011-09-07,2605.0,2675.0,2590.0,2670.0,124420.0,327034065.0,32040000000.0,12000000,KOSDAQ
2011-09-08,2745.0,2745.0,2585.0,2605.0,165110.0,436308905.0,31260000000.0,12000000,KOSDAQ
2011-09-09,2630.0,2750.0,2590.0,2640.0,73901.0,194934470.0,31680000000.0,12000000,KOSDAQ
2011-09-14,2615.0,2695.0,2460.0,2460.0,124087.0,317234660.0,29520000000.0,12000000,KOSDAQ
2011-09-15,2540.0,2585.0,2325.0,2440.0,160997.0,395185740.0,29280000000.0,12000000,KOSDAQ
2011-09-16,2550.0,2690.0,2475.0,2590.0,155113.0,400516615.0,31080000000.0,12000000,KOSDAQ
2011-09-19,2680.0,2800.0,2605.0,2635.0,181142.0,486280045.0,31620000000.0,12000000,KOSDAQ
2011-09-20,2640.0,2660.0,2565.0,2620.0,99708.0,259169800.0,31440000000.0,12000000,KOSDAQ
2011-09-21,2620.0,2680.0,2600.0,2670.0,87186.0,231031100.0,32040000000.0,12000000,KOSDAQ
2011-09-22,2590.0,2940.0,2550.0,2765.0,310585.0,833211310.0,33180000000.0,12000000,KOSDAQ
2011-09-23,2650.0,2650.0,2385.0,2570.0,202119.0,514158660.0,30840000000.0,12000000,KOSDAQ
2011-09-26,2515.0,2555.0,2185.0,2185.0,458708.0,1025452360.0,26220000000.0,12000000,KOSDAQ
2011-09-27,2185.0,2260.0,2170.0,2195.0,317479.0,699310825.0,26340000000.0,12000000,KOSDAQ
2011-09-28,2255.0,2290.0,2180.0,2180.0,196339.0,435642125.0,26160000000.0,12000000,KOSDAQ
2011-09-29,2175.0,2205.0,2100.0,2190.0,146504.0,315751895.0,26280000000.0,12000000,KOSDAQ
2011-09-30,2195.0,2350.0,2195.0,2290.0,151234.0,344054850.0,27480000000.0,12000000,KOSDAQ
2011-10-04,2150.0,2250.0,2095.0,2150.0,154722.0,334857180.0,25800000000.0,12000000,KOSDAQ
2011-10-05,2220.0,2230.0,2090.0,2145.0,121663.0,260696085.0,25740000000.0,12000000,KOSDAQ
2011-10-06,2200.0,2275.0,2180.0,2200.0,174731.0,387279535.0,26400000000.0,12000000,KOSDAQ
2011-10-07,2220.0,2505.0,2220.0,2310.0,210427.0,492533330.0,27720000000.0,12000000,KOSDAQ
2011-10-10,2285.0,2400.0,2270.0,2375.0,143707.0,337093875.0,28500000000.0,12000000,KOSDAQ
2011-10-11,2410.0,2440.0,2315.0,2320.0,217923.0,511553555.0,27840000000.0,12000000,KOSDAQ
2011-10-12,2365.0,2365.0,2290.0,2295.0,135013.0,312506760.0,27540000000.0,12000000,KOSDAQ
2011-10-13,2375.0,2420.0,2330.0,2375.0,185192.0,439202410.0,28500000000.0,12000000,KOSDAQ
2011-10-14,2380.0,2385.0,2300.0,2340.0,82897.0,192922395.0,28080000000.0,12000000,KOSDAQ
2011-10-17,2385.0,2535.0,2325.0,2440.0,336416.0,821107080.0,29280000000.0,12000000,KOSDAQ
2011-10-18,2390.0,2510.0,2320.0,2450.0,191163.0,462956795.0,29400000000.0,12000000,KOSDAQ
2011-10-19,2480.0,2600.0,2430.0,2490.0,335240.0,844106865.0,29880000000.0,12000000,KOSDAQ
2011-10-20,2490.0,2595.0,2340.0,2350.0,331626.0,835074715.0,28200000000.0,12000000,KOSDAQ
2011-10-21,2400.0,2430.0,2345.0,2410.0,74807.0,178399715.0,28920000000.0,12000000,KOSDAQ
2011-10-24,2415.0,2475.0,2390.0,2435.0,113120.0,273082140.0,29220000000.0,12000000,KOSDAQ
2011-10-25,2420.0,2465.0,2380.0,2385.0,65994.0,158669555.0,28620000000.0,12000000,KOSDAQ
2011-10-26,2340.0,2425.0,2340.0,2390.0,93749.0,223060940.0,28680000000.0,12000000,KOSDAQ
2011-10-27,2400.0,2450.0,2360.0,2400.0,82471.0,196957380.0,28800000000.0,12000000,KOSDAQ
2011-10-28,2440.0,2440.0,2355.0,2355.0,98322.0,234624520.0,28260000000.0,12000000,KOSDAQ
2011-10-31,2360.0,2400.0,2345.0,2400.0,89782.0,213142910.0,28800000000.0,12000000,KOSDAQ
2011-11-01,2450.0,2590.0,2420.0,2420.0,241422.0,597314590.0,29040000000.0,12000000,KOSDAQ
2011-11-02,2360.0,2410.0,2300.0,2365.0,84922.0,199481015.0,28380000000.0,12000000,KOSDAQ
2011-11-03,2380.0,2580.0,2360.0,2410.0,389962.0,966236425.0,28920000000.0,12000000,KOSDAQ
2011-11-04,2450.0,2515.0,2415.0,2435.0,141126.0,346322260.0,29220000000.0,12000000,KOSDAQ
2011-11-07,2490.0,2495.0,2410.0,2450.0,107954.0,263954265.0,29400000000.0,12000000,KOSDAQ
2011-11-08,2455.0,2540.0,2430.0,2490.0,233982.0,583704690.0,29880000000.0,12000000,KOSDAQ
2011-11-09,2575.0,2740.0,2530.0,2590.0,374042.0,979851680.0,31080000000.0,12000000,KOSDAQ
2011-11-10,2460.0,2660.0,2460.0,2635.0,259391.0,662223485.0,31620000000.0,12000000,KOSDAQ
2011-11-11,2710.0,2725.0,2610.0,2610.0,328061.0,871291155.0,31320000000.0,12000000,KOSDAQ
2011-11-14,2670.0,2760.0,2615.0,2750.0,322454.0,866275935.0,33000000000.0,12000000,KOSDAQ
2011-11-15,2710.0,2905.0,2700.0,2790.0,405270.0,1145472630.0,33480000000.0,12000000,KOSDAQ
2011-11-16,2845.0,2845.0,2650.0,2660.0,317316.0,862196170.0,31920000000.0,12000000,KOSDAQ
2011-11-17,2660.0,2745.0,2590.0,2740.0,155862.0,418540560.0,32880000000.0,12000000,KOSDAQ
2011-11-18,2635.0,2750.0,2635.0,2750.0,120580.0,325598035.0,33000000000.0,12000000,KOSDAQ
2011-11-21,2770.0,3120.0,2770.0,2820.0,429210.0,1256792260.0,33840000000.0,12000000,KOSDAQ
2011-11-22,2755.0,2835.0,2705.0,2800.0,139873.0,389756925.0,33600000000.0,12000000,KOSDAQ
2011-11-23,2770.0,2770.0,2520.0,2525.0,315592.0,819999510.0,30300000000.0,12000000,KOSDAQ
2011-11-24,2485.0,2570.0,2420.0,2425.0,168137.0,416524185.0,29100000000.0,12000000,KOSDAQ
2011-11-25,2420.0,2475.0,2285.0,2300.0,194536.0,459437595.0,27600000000.0,12000000,KOSDAQ
2011-11-28,2310.0,2380.0,2310.0,2355.0,88472.0,208063375.0,28260000000.0,12000000,KOSDAQ
2011-11-29,2365.0,2495.0,2345.0,2495.0,171822.0,411757665.0,29940000000.0,12000000,KOSDAQ
2011-11-30,2450.0,2540.0,2415.0,2475.0,84639.0,208778035.0,29700000000.0,12000000,KOSDAQ
2011-12-01,2515.0,2515.0,2445.0,2445.0,87275.0,215868295.0,29340000000.0,12000000,KOSDAQ
2011-12-02,2450.0,2540.0,2450.0,2490.0,101233.0,253401445.0,29880000000.0,12000000,KOSDAQ
2011-12-05,2540.0,2635.0,2495.0,2540.0,141252.0,361990795.0,30480000000.0,12000000,KOSDAQ
2011-12-06,2610.0,2680.0,2530.0,2605.0,112580.0,292838405.0,31260000000.0,12000000,KOSDAQ
2011-12-07,2575.0,2660.0,2555.0,2575.0,68101.0,176072930.0,30900000000.0,12000000,KOSDAQ
2011-12-08,2610.0,2960.0,2580.0,2960.0,827293.0,2342363015.0,35520000000.0,12000000,KOSDAQ
2011-12-09,3160.0,3275.0,2960.0,3070.0,1311235.0,4083274540.0,36840000000.0,12000000,KOSDAQ
2011-12-12,3145.0,3180.0,2900.0,2980.0,588433.0,1766166175.0,35760000000.0,12000000,KOSDAQ
2011-12-13,3000.0,3075.0,2825.0,2825.0,325036.0,950899375.0,33900000000.0,12000000,KOSDAQ
2011-12-14,2805.0,2900.0,2705.0,2820.0,250735.0,702779995.0,33840000000.0,12000000,KOSDAQ
2011-12-15,2845.0,2980.0,2780.0,2805.0,246556.0,706237270.0,33660000000.0,12000000,KOSDAQ
2011-12-16,2810.0,2870.0,2725.0,2750.0,125445.0,347433860.0,33000000000.0,12000000,KOSDAQ
2011-12-19,2735.0,2900.0,2400.0,2600.0,388886.0,1018389825.0,31200000000.0,12000000,KOSDAQ
2011-12-20,2650.0,2780.0,2620.0,2750.0,228046.0,619670505.0,33000000000.0,12000000,KOSDAQ
2011-12-21,2805.0,2910.0,2750.0,2845.0,283695.0,802504375.0,34140000000.0,12000000,KOSDAQ
2011-12-22,2970.0,3230.0,2900.0,2920.0,1418121.0,4408577080.0,35040000000.0,12000000,KOSDAQ
2011-12-23,2960.0,3070.0,2780.0,2845.0,294882.0,847746690.0,34140000000.0,12000000,KOSDAQ
2011-12-26,2860.0,2910.0,2795.0,2845.0,159542.0,454568650.0,34140000000.0,12000000,KOSDAQ
2011-12-27,2810.0,2870.0,2750.0,2870.0,152994.0,430243700.0,34440000000.0,12000000,KOSDAQ
2011-12-28,2870.0,3065.0,2840.0,3065.0,331712.0,990548365.0,36780000000.0,12000000,KOSDAQ
2011-12-29,3020.0,3220.0,2995.0,3120.0,238702.0,739617215.0,37440000000.0,12000000,KOSDAQ
