d,o,h,l,c,v,a,mc,s,m,rs
2007-01-02,88500.0,90000.0,88500.0,89900.0,1103.0,97759300.0,407774173600.0,4535864,KOSPI,tradable_ohlcv
2007-01-03,89000.0,89800.0,88400.0,88900.0,177.0,15705300.0,403238309600.0,4535864,KOSPI,tradable_ohlcv
2007-01-04,90500.0,90500.0,87600.0,88800.0,583.0,51525600.0,402784723200.0,4535864,KOSPI,tradable_ohlcv
2007-01-05,88500.0,90300.0,88000.0,89800.0,718.0,63544900.0,407320587200.0,4535864,KOSPI,tradable_ohlcv
2007-01-08,89800.0,89800.0,88000.0,88800.0,1026.0,91127300.0,402784723200.0,4535864,KOSPI,tradable_ohlcv
2007-01-09,88800.0,89700.0,88500.0,89700.0,1679.0,149623600.0,406867000800.0,4535864,KOSPI,tradable_ohlcv
2007-01-10,89700.0,89700.0,89300.0,89500.0,1080.0,96700300.0,405959828000.0,4535864,KOSPI,tradable_ohlcv
2007-01-11,89500.0,89700.0,89400.0,89500.0,23571.0,2109668600.0,405959828000.0,4535864,KOSPI,tradable_ohlcv
2007-01-12,89500.0,89600.0,89000.0,89600.0,1519.0,135938800.0,406413414400.0,4535864,KOSPI,tradable_ohlcv
2007-01-15,91800.0,91800.0,90000.0,90000.0,715.0,64876600.0,408227760000.0,4535864,KOSPI,tradable_ohlcv
2007-01-16,86000.0,90700.0,86000.0,89900.0,906.0,80777700.0,407774173600.0,4535864,KOSPI,tradable_ohlcv
2007-01-17,89900.0,89900.0,89600.0,89600.0,51.0,4574500.0,406413414400.0,4535864,KOSPI,tradable_ohlcv
2007-01-18,91000.0,91000.0,89200.0,89700.0,1653.0,148493600.0,406867000800.0,4535864,KOSPI,tradable_ohlcv
2007-01-19,89800.0,89900.0,89500.0,89700.0,5695.0,511057000.0,406867000800.0,4535864,KOSPI,tradable_ohlcv
2007-01-22,91000.0,91000.0,90000.0,90000.0,1898.0,170993100.0,408227760000.0,4535864,KOSPI,tradable_ohlcv
2007-01-23,90000.0,90000.0,88000.0,88000.0,548.0,48846400.0,399156032000.0,4535864,KOSPI,tradable_ohlcv
2007-01-24,85600.0,90200.0,85600.0,88900.0,1237.0,109253600.0,403238309600.0,4535864,KOSPI,tradable_ohlcv
2007-01-25,88000.0,89400.0,87000.0,89400.0,1358.0,120347600.0,405506241600.0,4535864,KOSPI,tradable_ohlcv
2007-01-26,89500.0,90000.0,88500.0,89800.0,5726.0,514006100.0,407320587200.0,4535864,KOSPI,tradable_ohlcv
2007-01-29,89800.0,89800.0,88300.0,89600.0,635.0,56824300.0,406413414400.0,4535864,KOSPI,tradable_ohlcv
2007-01-30,86200.0,89300.0,86200.0,88800.0,7246.0,643641900.0,402784723200.0,4535864,KOSPI,tradable_ohlcv
2007-01-31,89400.0,89400.0,88600.0,88700.0,6699.0,595446700.0,402443608400.0,4537132,KOSPI,tradable_ohlcv
2007-02-01,88300.0,88600.0,88200.0,88400.0,1659.0,146753200.0,401082468800.0,4537132,KOSPI,tradable_ohlcv
2007-02-02,88800.0,88800.0,88200.0,88500.0,2735.0,241789200.0,401536182000.0,4537132,KOSPI,tradable_ohlcv
2007-02-05,88500.0,88500.0,86000.0,86700.0,1620.0,140792300.0,393369344400.0,4537132,KOSPI,tradable_ohlcv
2007-02-06,88400.0,88500.0,86400.0,87400.0,2109.0,184279300.0,396545336800.0,4537132,KOSPI,tradable_ohlcv
2007-02-07,86000.0,86000.0,85000.0,85300.0,1433.0,122118400.0,387017359600.0,4537132,KOSPI,tradable_ohlcv
2007-02-08,86000.0,86500.0,85200.0,85800.0,1278.0,109531300.0,389285925600.0,4537132,KOSPI,tradable_ohlcv
2007-02-09,87200.0,87200.0,86500.0,86600.0,1888.0,163911500.0,392915631200.0,4537132,KOSPI,tradable_ohlcv
2007-02-12,83200.0,86500.0,83200.0,86000.0,1443.0,123881900.0,390193352000.0,4537132,KOSPI,tradable_ohlcv
2007-02-13,86000.0,86000.0,84900.0,84900.0,869.0,73961500.0,385202506800.0,4537132,KOSPI,tradable_ohlcv
2007-02-14,84500.0,85900.0,83800.0,83900.0,2404.0,203008900.0,380867070400.0,4539536,KOSPI,tradable_ohlcv
2007-02-15,83900.0,84000.0,80700.0,82500.0,3038.0,252167100.0,374511720000.0,4539536,KOSPI,tradable_ohlcv
2007-02-16,82500.0,82500.0,78000.0,78600.0,5297.0,426338400.0,356807529600.0,4539536,KOSPI,tradable_ohlcv
2007-02-20,78800.0,81400.0,78800.0,81400.0,1411.0,114336700.0,369518230400.0,4539536,KOSPI,tradable_ohlcv
2007-02-21,82200.0,83800.0,81400.0,82800.0,856.0,70846700.0,375873580800.0,4539536,KOSPI,tradable_ohlcv
2007-02-22,81100.0,82800.0,81100.0,81700.0,707.0,57848600.0,370880091200.0,4539536,KOSPI,tradable_ohlcv
2007-02-23,81700.0,82800.0,81500.0,82800.0,229.0,18755800.0,375873580800.0,4539536,KOSPI,tradable_ohlcv
2007-02-26,82900.0,83500.0,81300.0,83500.0,1238.0,102000000.0,379051256000.0,4539536,KOSPI,tradable_ohlcv
2007-02-27,82600.0,85000.0,82600.0,84800.0,965.0,81088000.0,384952652800.0,4539536,KOSPI,tradable_ohlcv
2007-02-28,84800.0,84800.0,80900.0,84200.0,185.0,15460900.0,382228931200.0,4539536,KOSPI,tradable_ohlcv
2007-03-02,84700.0,84700.0,84200.0,84300.0,119.0,10043200.0,382682884800.0,4539536,KOSPI,tradable_ohlcv
2007-03-05,84000.0,84000.0,80000.0,80000.0,1417.0,115032800.0,363162880000.0,4539536,KOSPI,tradable_ohlcv
2007-03-06,81000.0,83900.0,80500.0,82300.0,624.0,50918900.0,373603812800.0,4539536,KOSPI,tradable_ohlcv
2007-03-07,82000.0,82200.0,80000.0,82000.0,386.0,31533700.0,372241952000.0,4539536,KOSPI,tradable_ohlcv
2007-03-08,82000.0,83900.0,82000.0,83400.0,686.0,56692200.0,378597302400.0,4539536,KOSPI,tradable_ohlcv
2007-03-09,81800.0,83400.0,81000.0,82900.0,1683.0,137663600.0,376327534400.0,4539536,KOSPI,tradable_ohlcv
2007-03-12,81200.0,83300.0,81100.0,83000.0,600.0,49665700.0,376781488000.0,4539536,KOSPI,tradable_ohlcv
2007-03-13,81500.0,83300.0,81000.0,81700.0,678.0,55358500.0,370880091200.0,4539536,KOSPI,tradable_ohlcv
2007-03-14,82500.0,82500.0,79600.0,80500.0,1029.0,82830900.0,365432648000.0,4539536,KOSPI,tradable_ohlcv
2007-03-15,79400.0,81000.0,79400.0,80500.0,1577.0,126360000.0,365432648000.0,4539536,KOSPI,tradable_ohlcv
2007-03-16,80500.0,80500.0,77600.0,78300.0,1879.0,147752200.0,355445668800.0,4539536,KOSPI,tradable_ohlcv
2007-03-19,80100.0,80100.0,78300.0,78600.0,986.0,77615300.0,356827651200.0,4539792,KOSPI,tradable_ohlcv
2007-03-20,79000.0,79000.0,78000.0,78000.0,909.0,71383400.0,354103776000.0,4539792,KOSPI,tradable_ohlcv
2007-03-21,78100.0,78400.0,77600.0,77600.0,1576.0,122883200.0,352287859200.0,4539792,KOSPI,tradable_ohlcv
2007-03-22,79900.0,79900.0,77500.0,78700.0,2103.0,163683900.0,357281630400.0,4539792,KOSPI,tradable_ohlcv
2007-03-23,78700.0,78700.0,77500.0,77800.0,1831.0,142539100.0,353195817600.0,4539792,KOSPI,tradable_ohlcv
2007-03-26,77000.0,79400.0,77000.0,78400.0,1135.0,88636300.0,355919692800.0,4539792,KOSPI,tradable_ohlcv
2007-03-27,78400.0,79000.0,76600.0,79000.0,3348.0,260592000.0,358643568000.0,4539792,KOSPI,tradable_ohlcv
2007-03-28,79400.0,80600.0,77600.0,77600.0,1246.0,97868700.0,352287859200.0,4539792,KOSPI,tradable_ohlcv
2007-03-29,78900.0,78900.0,77600.0,77600.0,862.0,67184800.0,352287859200.0,4539792,KOSPI,tradable_ohlcv
2007-03-30,77700.0,78600.0,77400.0,78000.0,1100.0,85528400.0,354103776000.0,4539792,KOSPI,tradable_ohlcv
2007-04-02,78900.0,79500.0,78100.0,78800.0,1174.0,92430500.0,357735609600.0,4539792,KOSPI,tradable_ohlcv
2007-04-03,78100.0,78800.0,78000.0,78600.0,965.0,75582100.0,356827651200.0,4539792,KOSPI,tradable_ohlcv
2007-04-04,78600.0,79800.0,78200.0,78700.0,1093.0,86185500.0,357281630400.0,4539792,KOSPI,tradable_ohlcv
2007-04-05,78500.0,79500.0,78500.0,79300.0,1663.0,130940600.0,360005505600.0,4539792,KOSPI,tradable_ohlcv
2007-04-06,78300.0,78900.0,78000.0,78200.0,1688.0,131995800.0,355011734400.0,4539792,KOSPI,tradable_ohlcv
2007-04-09,78200.0,78300.0,77700.0,78300.0,1959.0,152744900.0,355465713600.0,4539792,KOSPI,tradable_ohlcv
2007-04-10,78800.0,78800.0,78300.0,78600.0,1453.0,114245900.0,356827651200.0,4539792,KOSPI,tradable_ohlcv
2007-04-11,78200.0,79100.0,78100.0,78500.0,3190.0,250235600.0,356373672000.0,4539792,KOSPI,tradable_ohlcv
2007-04-12,78100.0,78600.0,78000.0,78200.0,3351.0,262228600.0,355011734400.0,4539792,KOSPI,tradable_ohlcv
2007-04-13,78200.0,80700.0,78200.0,79100.0,4108.0,325265100.0,359097547200.0,4539792,KOSPI,tradable_ohlcv
2007-04-16,79100.0,80900.0,79100.0,80100.0,1842.0,147897400.0,363642705900.0,4539859,KOSPI,tradable_ohlcv
2007-04-17,81000.0,81500.0,80100.0,81500.0,4775.0,386430300.0,369998508500.0,4539859,KOSPI,tradable_ohlcv
2007-04-18,81500.0,82000.0,81300.0,82000.0,3882.0,317080700.0,372268438000.0,4539859,KOSPI,tradable_ohlcv
2007-04-19,80600.0,82700.0,80600.0,82000.0,13623.0,1116946800.0,372268438000.0,4539859,KOSPI,tradable_ohlcv
2007-04-20,82000.0,84200.0,82000.0,82700.0,2853.0,237027000.0,375446339300.0,4539859,KOSPI,tradable_ohlcv
2007-04-23,83300.0,84400.0,83300.0,83400.0,4649.0,388044700.0,378624240600.0,4539859,KOSPI,tradable_ohlcv
2007-04-24,83000.0,84300.0,83000.0,84000.0,6580.0,551052600.0,381348156000.0,4539859,KOSPI,tradable_ohlcv
2007-04-25,84000.0,84000.0,83500.0,83700.0,6236.0,522305400.0,379986198300.0,4539859,KOSPI,tradable_ohlcv
2007-04-26,84300.0,84500.0,83800.0,84500.0,5475.0,459580200.0,383618085500.0,4539859,KOSPI,tradable_ohlcv
2007-04-27,84900.0,84900.0,84000.0,84000.0,4340.0,364759000.0,381348156000.0,4539859,KOSPI,tradable_ohlcv
2007-04-30,84000.0,84800.0,84000.0,84000.0,8219.0,690448000.0,381348156000.0,4539859,KOSPI,tradable_ohlcv
2007-05-02,84500.0,86000.0,83800.0,85800.0,6609.0,560954900.0,389519902200.0,4539859,KOSPI,tradable_ohlcv
2007-05-03,86000.0,87000.0,85100.0,85100.0,870.0,75269000.0,386342000900.0,4539859,KOSPI,tradable_ohlcv
2007-05-04,85000.0,86800.0,85000.0,85000.0,883.0,75571100.0,385888015000.0,4539859,KOSPI,tradable_ohlcv
2007-05-07,85000.0,87800.0,85000.0,86400.0,1409.0,120810600.0,392243817600.0,4539859,KOSPI,tradable_ohlcv
2007-05-08,87000.0,87900.0,86000.0,87300.0,2482.0,215972000.0,396329690700.0,4539859,KOSPI,tradable_ohlcv
2007-05-09,86400.0,87800.0,85000.0,85000.0,3457.0,296314200.0,385888015000.0,4539859,KOSPI,tradable_ohlcv
2007-05-10,85000.0,86700.0,84900.0,86600.0,6034.0,513817000.0,393151789400.0,4539859,KOSPI,tradable_ohlcv
2007-05-11,85500.0,86500.0,85000.0,85800.0,2747.0,234693500.0,389519902200.0,4539859,KOSPI,tradable_ohlcv
2007-05-14,86100.0,86100.0,85000.0,85500.0,5794.0,494828200.0,388157944500.0,4539859,KOSPI,tradable_ohlcv
2007-05-15,85700.0,85900.0,85000.0,85500.0,6016.0,512648900.0,388157944500.0,4539859,KOSPI,tradable_ohlcv
2007-05-16,86000.0,87000.0,86000.0,86400.0,4381.0,377619600.0,392243817600.0,4539859,KOSPI,tradable_ohlcv
2007-05-17,87900.0,87900.0,86600.0,86700.0,5479.0,476335900.0,393605775300.0,4539859,KOSPI,tradable_ohlcv
2007-05-18,86000.0,86800.0,86000.0,86700.0,3060.0,264923000.0,393605775300.0,4539859,KOSPI,tradable_ohlcv
2007-05-21,86700.0,87500.0,85400.0,86200.0,4638.0,399755700.0,391335845800.0,4539859,KOSPI,tradable_ohlcv
2007-05-22,86200.0,87000.0,85300.0,86400.0,7189.0,619647500.0,392243817600.0,4539859,KOSPI,tradable_ohlcv
2007-05-23,86500.0,86500.0,85500.0,85500.0,6020.0,518148900.0,388186416000.0,4540192,KOSPI,tradable_ohlcv
2007-05-25,85600.0,85600.0,84000.0,84000.0,11733.0,995630100.0,381376128000.0,4540192,KOSPI,tradable_ohlcv
2007-05-28,85000.0,85900.0,85000.0,85000.0,7680.0,653329300.0,385916320000.0,4540192,KOSPI,tradable_ohlcv
2007-05-29,85200.0,86500.0,85000.0,85700.0,6379.0,546220900.0,389094454400.0,4540192,KOSPI,tradable_ohlcv
2007-05-30,86300.0,86700.0,85000.0,86500.0,4231.0,365433900.0,392726608000.0,4540192,KOSPI,tradable_ohlcv
2007-05-31,86500.0,87900.0,86400.0,87300.0,2568.0,223924800.0,396358761600.0,4540192,KOSPI,tradable_ohlcv
2007-06-01,87300.0,89000.0,87000.0,89000.0,9112.0,802528900.0,404077088000.0,4540192,KOSPI,tradable_ohlcv
2007-06-04,89400.0,91900.0,89400.0,91300.0,5605.0,508032400.0,414519529600.0,4540192,KOSPI,tradable_ohlcv
2007-06-05,91300.0,91800.0,89000.0,91300.0,3200.0,289094600.0,414519529600.0,4540192,KOSPI,tradable_ohlcv
2007-06-07,90000.0,93000.0,89100.0,92400.0,4501.0,412067500.0,419513740800.0,4540192,KOSPI,tradable_ohlcv
2007-06-08,93800.0,93800.0,90800.0,92000.0,1347.0,124380800.0,417697664000.0,4540192,KOSPI,tradable_ohlcv
2007-06-11,92000.0,93900.0,91400.0,92900.0,1390.0,128093800.0,421783836800.0,4540192,KOSPI,tradable_ohlcv
2007-06-12,90500.0,94500.0,90500.0,92800.0,2172.0,199898500.0,421329817600.0,4540192,KOSPI,tradable_ohlcv
2007-06-13,93500.0,93500.0,91600.0,92400.0,452.0,41651700.0,419513740800.0,4540192,KOSPI,tradable_ohlcv
2007-06-14,88100.0,92400.0,88100.0,91000.0,3095.0,282938100.0,413157472000.0,4540192,KOSPI,tradable_ohlcv
2007-06-15,91000.0,92900.0,90600.0,92800.0,2765.0,253911300.0,421329817600.0,4540192,KOSPI,tradable_ohlcv
2007-06-18,93000.0,94900.0,93000.0,94000.0,2130.0,199772400.0,426778048000.0,4540192,KOSPI,tradable_ohlcv
2007-06-19,94500.0,94500.0,89200.0,94000.0,2165.0,202364700.0,426778048000.0,4540192,KOSPI,tradable_ohlcv
2007-06-20,94000.0,94300.0,93000.0,94300.0,1667.0,156435100.0,428140105600.0,4540192,KOSPI,tradable_ohlcv
2007-06-21,93000.0,94000.0,91000.0,93900.0,2513.0,233991100.0,426324028800.0,4540192,KOSPI,tradable_ohlcv
2007-06-22,92600.0,94500.0,92600.0,94000.0,546.0,51084600.0,426778048000.0,4540192,KOSPI,tradable_ohlcv
2007-06-25,93500.0,94000.0,91700.0,93900.0,4307.0,400687300.0,426360649800.0,4540582,KOSPI,tradable_ohlcv
2007-06-26,91800.0,93900.0,91800.0,93000.0,1946.0,180124500.0,422274126000.0,4540582,KOSPI,tradable_ohlcv
2007-06-27,93000.0,93000.0,90500.0,92000.0,4598.0,423942400.0,417733544000.0,4540582,KOSPI,tradable_ohlcv
2007-06-28,92000.0,93000.0,91500.0,92700.0,718.0,66055200.0,420911951400.0,4540582,KOSPI,tradable_ohlcv
2007-06-29,92700.0,93900.0,92500.0,92600.0,1331.0,123786700.0,420457893200.0,4540582,KOSPI,tradable_ohlcv
2007-07-02,93800.0,94000.0,92500.0,93300.0,1816.0,169080800.0,423636300600.0,4540582,KOSPI,tradable_ohlcv
2007-07-03,93500.0,95700.0,93500.0,95700.0,2998.0,284344500.0,434533697400.0,4540582,KOSPI,tradable_ohlcv
2007-07-04,95700.0,98000.0,95700.0,98000.0,1990.0,193771800.0,444977036000.0,4540582,KOSPI,tradable_ohlcv
2007-07-05,99500.0,99500.0,97700.0,98000.0,3327.0,326421800.0,444977036000.0,4540582,KOSPI,tradable_ohlcv
2007-07-06,97000.0,99000.0,96900.0,97800.0,3067.0,299332300.0,444068919600.0,4540582,KOSPI,tradable_ohlcv
2007-07-09,98100.0,99500.0,97000.0,97800.0,12293.0,1208297800.0,444068919600.0,4540582,KOSPI,tradable_ohlcv
2007-07-10,97600.0,99000.0,97600.0,98500.0,1950.0,191910600.0,447247327000.0,4540582,KOSPI,tradable_ohlcv
2007-07-11,98900.0,99400.0,98300.0,98700.0,3400.0,336162700.0,448155443400.0,4540582,KOSPI,tradable_ohlcv
2007-07-12,98700.0,99500.0,98100.0,98600.0,6673.0,659161300.0,448414559000.0,4547815,KOSPI,tradable_ohlcv
2007-07-13,98100.0,99500.0,98100.0,99500.0,9795.0,972870900.0,452507592500.0,4547815,KOSPI,tradable_ohlcv
2007-07-16,99500.0,99500.0,98200.0,98900.0,869.0,85876300.0,449778903500.0,4547815,KOSPI,tradable_ohlcv
2007-07-18,99400.0,99500.0,98600.0,99400.0,3531.0,351053600.0,452052811000.0,4547815,KOSPI,tradable_ohlcv
2007-07-19,99500.0,99500.0,97500.0,99200.0,3298.0,323824300.0,451143248000.0,4547815,KOSPI,tradable_ohlcv
2007-07-20,96300.0,99200.0,96300.0,99000.0,3550.0,350127000.0,452933613000.0,4575087,KOSPI,tradable_ohlcv
2007-07-23,98000.0,99400.0,98000.0,99200.0,17881.0,1767481900.0,453848630400.0,4575087,KOSPI,tradable_ohlcv
2007-07-24,99400.0,99500.0,98200.0,99300.0,2303.0,228507400.0,454306139100.0,4575087,KOSPI,tradable_ohlcv
2007-07-25,98000.0,99900.0,98000.0,99500.0,5032.0,500315400.0,455221156500.0,4575087,KOSPI,tradable_ohlcv
2007-07-26,98800.0,99000.0,97000.0,99000.0,3418.0,337044100.0,452933613000.0,4575087,KOSPI,tradable_ohlcv
2007-07-27,98900.0,98900.0,96000.0,97900.0,2280.0,222957200.0,450635266400.0,4603016,KOSPI,tradable_ohlcv
2007-07-30,95000.0,97000.0,94600.0,95700.0,2504.0,240042700.0,440508631200.0,4603016,KOSPI,tradable_ohlcv
2007-07-31,95600.0,97000.0,94200.0,97000.0,2163.0,206336500.0,446492552000.0,4603016,KOSPI,tradable_ohlcv
2007-08-01,96900.0,96900.0,92000.0,93500.0,1787.0,167236500.0,430381996000.0,4603016,KOSPI,tradable_ohlcv
2007-08-02,90500.0,93500.0,90500.0,92000.0,4268.0,390085500.0,423477472000.0,4603016,KOSPI,tradable_ohlcv
2007-08-03,91000.0,93100.0,90400.0,91900.0,2954.0,269222800.0,424205896900.0,4615951,KOSPI,tradable_ohlcv
2007-08-06,90000.0,90000.0,88200.0,89500.0,6483.0,579871600.0,413127614500.0,4615951,KOSPI,tradable_ohlcv
2007-08-07,92700.0,93800.0,90100.0,93800.0,3855.0,354633100.0,432976203800.0,4615951,KOSPI,tradable_ohlcv
2007-08-08,98800.0,98800.0,93200.0,94600.0,6341.0,601122400.0,436668964600.0,4615951,KOSPI,tradable_ohlcv
2007-08-09,96700.0,96700.0,92000.0,94500.0,2430.0,226136400.0,436207369500.0,4615951,KOSPI,tradable_ohlcv
2007-08-10,91600.0,93100.0,89100.0,91000.0,4021.0,363496100.0,420051541000.0,4615951,KOSPI,tradable_ohlcv
2007-08-13,90000.0,92900.0,88600.0,92900.0,3029.0,274451100.0,428821847900.0,4615951,KOSPI,tradable_ohlcv
2007-08-14,92900.0,92900.0,90000.0,91600.0,579.0,52976500.0,422821111600.0,4615951,KOSPI,tradable_ohlcv
2007-08-16,90600.0,90600.0,77900.0,84900.0,5690.0,480052400.0,391894239900.0,4615951,KOSPI,tradable_ohlcv
2007-08-17,88900.0,88900.0,80700.0,84000.0,2501.0,208444900.0,387894780000.0,4617795,KOSPI,tradable_ohlcv
2007-08-20,84800.0,86500.0,84700.0,85000.0,3726.0,317389400.0,392512575000.0,4617795,KOSPI,tradable_ohlcv
2007-08-21,85000.0,85100.0,84000.0,84500.0,5525.0,466383100.0,390203677500.0,4617795,KOSPI,tradable_ohlcv
2007-08-22,87400.0,87400.0,85100.0,87000.0,1204.0,103730000.0,401748165000.0,4617795,KOSPI,tradable_ohlcv
2007-08-23,87000.0,87200.0,85300.0,87000.0,2617.0,226046100.0,401748165000.0,4617795,KOSPI,tradable_ohlcv
2007-08-24,86500.0,89800.0,86000.0,89800.0,2172.0,189186900.0,414677991000.0,4617795,KOSPI,tradable_ohlcv
2007-08-27,89800.0,90700.0,88500.0,90600.0,1721.0,154079900.0,418372227000.0,4617795,KOSPI,tradable_ohlcv
2007-08-28,90600.0,90600.0,87000.0,89400.0,1482.0,132426000.0,412830873000.0,4617795,KOSPI,tradable_ohlcv
2007-08-29,88500.0,90400.0,86000.0,89900.0,3537.0,313108000.0,415139770500.0,4617795,KOSPI,tradable_ohlcv
2007-08-30,91000.0,91300.0,88700.0,90900.0,3629.0,329678700.0,419757565500.0,4617795,KOSPI,tradable_ohlcv
2007-08-31,89600.0,90000.0,89500.0,90000.0,4337.0,389526300.0,415601550000.0,4617795,KOSPI,tradable_ohlcv
2007-09-03,91100.0,91600.0,89900.0,91600.0,2467.0,222930700.0,422990022000.0,4617795,KOSPI,tradable_ohlcv
2007-09-04,91600.0,92500.0,90000.0,90000.0,1775.0,160642300.0,415601550000.0,4617795,KOSPI,tradable_ohlcv
2007-09-05,91900.0,91900.0,89000.0,90000.0,3417.0,307549500.0,415601550000.0,4617795,KOSPI,tradable_ohlcv
2007-09-06,89800.0,90100.0,89700.0,90000.0,15740.0,1415156300.0,415601550000.0,4617795,KOSPI,tradable_ohlcv
2007-09-07,90000.0,90000.0,88000.0,89600.0,917.0,81574300.0,413754432000.0,4617795,KOSPI,tradable_ohlcv
2007-09-10,89600.0,89600.0,87600.0,89100.0,482.0,43099100.0,411445534500.0,4617795,KOSPI,tradable_ohlcv
2007-09-11,89000.0,89100.0,85800.0,89100.0,2103.0,187224100.0,411445534500.0,4617795,KOSPI,tradable_ohlcv
2007-09-12,89200.0,89900.0,88800.0,88800.0,209.0,18608500.0,410060196000.0,4617795,KOSPI,tradable_ohlcv
2007-09-13,86700.0,88900.0,86700.0,88900.0,946.0,83920700.0,410521975500.0,4617795,KOSPI,tradable_ohlcv
2007-09-14,88000.0,89400.0,88000.0,89400.0,506.0,44992000.0,412873516800.0,4618272,KOSPI,tradable_ohlcv
2007-09-17,89500.0,89500.0,88300.0,89300.0,840.0,74855700.0,412411689600.0,4618272,KOSPI,tradable_ohlcv
2007-09-18,89500.0,89500.0,89200.0,89400.0,926.0,82826100.0,412873516800.0,4618272,KOSPI,tradable_ohlcv
2007-09-19,87900.0,89500.0,87900.0,89500.0,3076.0,275256100.0,413335344000.0,4618272,KOSPI,tradable_ohlcv
2007-09-20,89500.0,89500.0,89300.0,89500.0,2482.0,222037200.0,413335344000.0,4618272,KOSPI,tradable_ohlcv
2007-09-21,88100.0,89500.0,88100.0,89500.0,502.0,44835100.0,413335344000.0,4618272,KOSPI,tradable_ohlcv
2007-09-27,89500.0,89500.0,86000.0,89500.0,4941.0,441492400.0,413335344000.0,4618272,KOSPI,tradable_ohlcv
2007-09-28,89500.0,89500.0,88200.0,89000.0,3638.0,325390400.0,411026208000.0,4618272,KOSPI,tradable_ohlcv
2007-10-01,89100.0,89400.0,88600.0,89400.0,1798.0,160343800.0,412873516800.0,4618272,KOSPI,tradable_ohlcv
2007-10-02,89400.0,89400.0,88900.0,89300.0,1206.0,107539100.0,412411689600.0,4618272,KOSPI,tradable_ohlcv
2007-10-04,89300.0,89300.0,88200.0,89200.0,1229.0,109306700.0,411949862400.0,4618272,KOSPI,tradable_ohlcv
2007-10-05,89200.0,89400.0,88600.0,89400.0,1922.0,171637800.0,412989468600.0,4619569,KOSPI,tradable_ohlcv
2007-10-08,89000.0,89500.0,87500.0,89400.0,2173.0,193752900.0,412989468600.0,4619569,KOSPI,tradable_ohlcv
2007-10-09,89400.0,89400.0,87600.0,89300.0,2393.0,212573400.0,412527511700.0,4619569,KOSPI,tradable_ohlcv
2007-10-10,88000.0,89000.0,87500.0,87500.0,1837.0,162356700.0,404212287500.0,4619569,KOSPI,tradable_ohlcv
2007-10-11,87600.0,88000.0,74400.0,87900.0,5174.0,445782900.0,406060115100.0,4619569,KOSPI,tradable_ohlcv
2007-10-12,86200.0,87900.0,85500.0,87800.0,2935.0,255055000.0,405598158200.0,4619569,KOSPI,tradable_ohlcv
2007-10-15,87500.0,88100.0,86700.0,88000.0,2289.0,200592600.0,406934440000.0,4624255,KOSPI,tradable_ohlcv
2007-10-16,87100.0,87900.0,86700.0,87300.0,417434.0,36441332200.0,403697461500.0,4624255,KOSPI,tradable_ohlcv
2007-10-17,85300.0,88200.0,85300.0,87000.0,4241.0,369017700.0,402310185000.0,4624255,KOSPI,tradable_ohlcv
2007-10-18,85400.0,87600.0,85400.0,87600.0,2547.0,221448500.0,405084738000.0,4624255,KOSPI,tradable_ohlcv
2007-10-19,85900.0,87600.0,85600.0,86300.0,3349.0,289477900.0,399073206500.0,4624255,KOSPI,tradable_ohlcv
2007-10-22,86000.0,86200.0,83400.0,86000.0,4080.0,347896900.0,397685930000.0,4624255,KOSPI,tradable_ohlcv
2007-10-23,85700.0,85700.0,80300.0,80300.0,9268.0,775338900.0,371327676500.0,4624255,KOSPI,tradable_ohlcv
2007-10-24,81100.0,83900.0,80300.0,80300.0,11502.0,943050900.0,371327676500.0,4624255,KOSPI,tradable_ohlcv
2007-10-25,80300.0,81000.0,78200.0,80300.0,2343.0,187802300.0,371327676500.0,4624255,KOSPI,tradable_ohlcv
2007-10-26,79400.0,84100.0,79400.0,84000.0,1531.0,126728500.0,389375364000.0,4635421,KOSPI,tradable_ohlcv
2007-10-29,85000.0,85000.0,81700.0,83400.0,967.0,79667700.0,386594111400.0,4635421,KOSPI,tradable_ohlcv
2007-10-30,83900.0,83900.0,81700.0,83300.0,1535.0,127631400.0,386130569300.0,4635421,KOSPI,tradable_ohlcv
2007-10-31,83300.0,84600.0,81100.0,84500.0,3109.0,260343000.0,391693074500.0,4635421,KOSPI,tradable_ohlcv
2007-11-01,83000.0,83200.0,82500.0,82500.0,3401.0,282125200.0,382422232500.0,4635421,KOSPI,tradable_ohlcv
2007-11-02,82400.0,82500.0,70200.0,70200.0,39080.0,2759164600.0,325406554200.0,4635421,KOSPI,tradable_ohlcv
2007-11-05,74900.0,79500.0,73600.0,78000.0,31171.0,2357442200.0,361562838000.0,4635421,KOSPI,tradable_ohlcv
2007-11-06,77500.0,79000.0,75000.0,78900.0,5000.0,386351900.0,365734716900.0,4635421,KOSPI,tradable_ohlcv
2007-11-07,76700.0,79800.0,76700.0,79600.0,5484.0,436201400.0,368979511600.0,4635421,KOSPI,tradable_ohlcv
2007-11-08,80900.0,80900.0,76900.0,79600.0,2836.0,223935700.0,368979511600.0,4635421,KOSPI,tradable_ohlcv
2007-11-09,78000.0,79700.0,78000.0,79500.0,2302.0,182734700.0,368698581000.0,4637718,KOSPI,tradable_ohlcv
2007-11-12,79500.0,79500.0,77000.0,77900.0,591.0,46061300.0,361278232200.0,4637718,KOSPI,tradable_ohlcv
2007-11-13,79900.0,79900.0,74200.0,78800.0,1308.0,100835200.0,365452178400.0,4637718,KOSPI,tradable_ohlcv
2007-11-14,79000.0,80000.0,78500.0,79900.0,2434.0,193821500.0,370553668200.0,4637718,KOSPI,tradable_ohlcv
2007-11-15,78900.0,78900.0,76100.0,78000.0,391.0,30482400.0,361742004000.0,4637718,KOSPI,tradable_ohlcv
2007-11-16,78000.0,79200.0,78000.0,78800.0,564.0,44293600.0,365452178400.0,4637718,KOSPI,tradable_ohlcv
2007-11-19,79000.0,79000.0,77100.0,78700.0,1172.0,91929000.0,364988406600.0,4637718,KOSPI,tradable_ohlcv
2007-11-20,78000.0,78100.0,77700.0,77900.0,279.0,21747200.0,361278232200.0,4637718,KOSPI,tradable_ohlcv
2007-11-21,77900.0,77900.0,75600.0,77700.0,1387.0,107651600.0,360350688600.0,4637718,KOSPI,tradable_ohlcv
2007-11-22,77000.0,77500.0,75500.0,77000.0,2545.0,194751800.0,357104286000.0,4637718,KOSPI,tradable_ohlcv
2007-11-23,77000.0,77000.0,75200.0,75300.0,638.0,48803400.0,349220165400.0,4637718,KOSPI,tradable_ohlcv
2007-11-26,75300.0,78000.0,75300.0,77700.0,806.0,61791100.0,360350688600.0,4637718,KOSPI,tradable_ohlcv
2007-11-27,77500.0,77600.0,76300.0,77300.0,553.0,42702800.0,358495601400.0,4637718,KOSPI,tradable_ohlcv
2007-11-28,75000.0,78000.0,75000.0,78000.0,597.0,46268300.0,361742004000.0,4637718,KOSPI,tradable_ohlcv
2007-11-29,76200.0,78000.0,76200.0,78000.0,426.0,33161100.0,361742004000.0,4637718,KOSPI,tradable_ohlcv
2007-11-30,78700.0,78700.0,77000.0,78100.0,529.0,41343100.0,362205775800.0,4637718,KOSPI,tradable_ohlcv
2007-12-03,78700.0,78700.0,75500.0,78000.0,1536.0,118233100.0,361742004000.0,4637718,KOSPI,tradable_ohlcv
2007-12-04,78000.0,78000.0,76100.0,76100.0,475.0,36445400.0,352930339800.0,4637718,KOSPI,tradable_ohlcv
2007-12-05,75700.0,76400.0,74100.0,74100.0,2766.0,207229400.0,343654903800.0,4637718,KOSPI,tradable_ohlcv
2007-12-06,74600.0,76500.0,74100.0,75200.0,902.0,67701300.0,348756393600.0,4637718,KOSPI,tradable_ohlcv
2007-12-07,74100.0,75700.0,74100.0,75000.0,1005.0,75177000.0,347828850000.0,4637718,KOSPI,tradable_ohlcv
2007-12-10,74100.0,76300.0,72500.0,74000.0,3370.0,250168700.0,343191132000.0,4637718,KOSPI,tradable_ohlcv
2007-12-11,75800.0,75800.0,73200.0,74100.0,3057.0,226289300.0,343654903800.0,4637718,KOSPI,tradable_ohlcv
2007-12-12,74100.0,76900.0,73300.0,76100.0,4248.0,320982100.0,352930339800.0,4637718,KOSPI,tradable_ohlcv
2007-12-13,77000.0,78900.0,75600.0,78000.0,6267.0,488084500.0,361742004000.0,4637718,KOSPI,tradable_ohlcv
2007-12-14,78000.0,78500.0,75300.0,77000.0,4922.0,380686100.0,357104286000.0,4637718,KOSPI,tradable_ohlcv
2007-12-17,75300.0,78200.0,75300.0,78000.0,5550.0,430594400.0,361742004000.0,4637718,KOSPI,tradable_ohlcv
2007-12-18,77100.0,81700.0,77100.0,78000.0,5555.0,442613900.0,361742004000.0,4637718,KOSPI,tradable_ohlcv
2007-12-20,78000.0,78000.0,77000.0,77000.0,1317.0,101888700.0,357104286000.0,4637718,KOSPI,tradable_ohlcv
2007-12-21,78800.0,79900.0,75200.0,76200.0,114126.0,8797763900.0,353394111600.0,4637718,KOSPI,tradable_ohlcv
2007-12-24,78000.0,78000.0,76500.0,76500.0,805.0,61975900.0,354785427000.0,4637718,KOSPI,tradable_ohlcv
2007-12-26,76500.0,78900.0,75800.0,78000.0,2502.0,192810400.0,361742004000.0,4637718,KOSPI,tradable_ohlcv
2007-12-27,77900.0,82000.0,76900.0,78000.0,5433.0,432019000.0,361742004000.0,4637718,KOSPI,tradable_ohlcv
2007-12-28,78100.0,80000.0,76200.0,77000.0,5193.0,401140300.0,357104286000.0,4637718,KOSPI,tradable_ohlcv
