d,o,h,l,c,v,a,mc,s,m,rs
2007-01-02,5350.0,5370.0,5250.0,5310.0,63567.0,338040800.0,38550600000.0,7260000,KOSDAQ,tradable_ohlcv
2007-01-03,5300.0,5320.0,5200.0,5300.0,24456.0,129074830.0,38478000000.0,7260000,KOSDAQ,tradable_ohlcv
2007-01-04,5240.0,5350.0,5200.0,5330.0,78297.0,414447460.0,38695800000.0,7260000,KOSDAQ,tradable_ohlcv
2007-01-05,5300.0,5910.0,5300.0,5390.0,670492.0,3745954180.0,39131400000.0,7260000,KOSDAQ,tradable_ohlcv
2007-01-08,5390.0,5390.0,5150.0,5260.0,112503.0,587393120.0,38187600000.0,7260000,KOSDAQ,tradable_ohlcv
2007-01-09,5230.0,5250.0,5110.0,5200.0,84428.0,436179530.0,37752000000.0,7260000,KOSDAQ,tradable_ohlcv
2007-01-10,5150.0,5150.0,4935.0,4960.0,86663.0,434247500.0,36009600000.0,7260000,KOSDAQ,tradable_ohlcv
2007-01-11,4960.0,5500.0,4840.0,5010.0,179248.0,891420265.0,36372600000.0,7260000,KOSDAQ,tradable_ohlcv
2007-01-12,5070.0,5070.0,4965.0,5020.0,64567.0,322947530.0,36445200000.0,7260000,KOSDAQ,tradable_ohlcv
2007-01-15,4270.0,4520.0,4270.0,4270.0,590390.0,2546473745.0,31000200000.0,7260000,KOSDAQ,tradable_ohlcv
2007-01-16,4350.0,4370.0,4255.0,4295.0,143602.0,616735645.0,31181700000.0,7260000,KOSDAQ,tradable_ohlcv
2007-01-17,4255.0,4320.0,3950.0,4130.0,210929.0,862817470.0,29983800000.0,7260000,KOSDAQ,tradable_ohlcv
2007-01-18,4065.0,4150.0,4030.0,4120.0,75023.0,307866245.0,29911200000.0,7260000,KOSDAQ,tradable_ohlcv
2007-01-19,4040.0,4135.0,4000.0,4130.0,84724.0,346794215.0,29983800000.0,7260000,KOSDAQ,tradable_ohlcv
2007-01-22,4190.0,4190.0,4000.0,4140.0,46099.0,189342055.0,30056400000.0,7260000,KOSDAQ,tradable_ohlcv
2007-01-23,4080.0,4170.0,4050.0,4130.0,37422.0,153450110.0,29983800000.0,7260000,KOSDAQ,tradable_ohlcv
2007-01-24,4080.0,4280.0,4070.0,4265.0,54004.0,225553975.0,30963900000.0,7260000,KOSDAQ,tradable_ohlcv
2007-01-25,4260.0,4290.0,4150.0,4270.0,40899.0,173023000.0,31000200000.0,7260000,KOSDAQ,tradable_ohlcv
2007-01-26,4210.0,4430.0,4205.0,4400.0,49689.0,215429495.0,31944000000.0,7260000,KOSDAQ,tradable_ohlcv
2007-01-29,4370.0,4645.0,4150.0,4425.0,151177.0,677997065.0,32125500000.0,7260000,KOSDAQ,tradable_ohlcv
2007-01-30,4415.0,4475.0,4330.0,4475.0,24797.0,109339810.0,32488500000.0,7260000,KOSDAQ,tradable_ohlcv
2007-01-31,4475.0,4475.0,4350.0,4400.0,22114.0,97318135.0,31944000000.0,7260000,KOSDAQ,tradable_ohlcv
2007-02-01,4500.0,4600.0,4395.0,4465.0,14804.0,65728245.0,32415900000.0,7260000,KOSDAQ,tradable_ohlcv
2007-02-02,4325.0,4530.0,4325.0,4480.0,36607.0,162486765.0,32524800000.0,7260000,KOSDAQ,tradable_ohlcv
2007-02-05,4530.0,4530.0,4370.0,4440.0,13181.0,57977285.0,32234400000.0,7260000,KOSDAQ,tradable_ohlcv
2007-02-06,4440.0,4440.0,4340.0,4395.0,24038.0,105342395.0,31907700000.0,7260000,KOSDAQ,tradable_ohlcv
2007-02-07,4395.0,4400.0,4305.0,4390.0,7653.0,33449525.0,31871400000.0,7260000,KOSDAQ,tradable_ohlcv
2007-02-08,4350.0,4380.0,4200.0,4290.0,23744.0,101204450.0,31145400000.0,7260000,KOSDAQ,tradable_ohlcv
2007-02-09,4350.0,4440.0,4270.0,4310.0,13280.0,57264290.0,31290600000.0,7260000,KOSDAQ,tradable_ohlcv
2007-02-12,4310.0,4420.0,4260.0,4310.0,10031.0,43019590.0,31290600000.0,7260000,KOSDAQ,tradable_ohlcv
2007-02-13,4310.0,4390.0,4270.0,4300.0,16251.0,69809695.0,31218000000.0,7260000,KOSDAQ,tradable_ohlcv
2007-02-14,4350.0,4350.0,4200.0,4280.0,16824.0,71753270.0,31072800000.0,7260000,KOSDAQ,tradable_ohlcv
2007-02-15,4250.0,4400.0,4190.0,4400.0,36228.0,153814120.0,31944000000.0,7260000,KOSDAQ,tradable_ohlcv
2007-02-16,4500.0,4500.0,4260.0,4385.0,12455.0,54041715.0,31835100000.0,7260000,KOSDAQ,tradable_ohlcv
2007-02-20,4310.0,4450.0,4210.0,4320.0,37790.0,162570760.0,31363200000.0,7260000,KOSDAQ,tradable_ohlcv
2007-02-21,4310.0,4340.0,4240.0,4300.0,18693.0,80075765.0,31218000000.0,7260000,KOSDAQ,tradable_ohlcv
2007-02-22,4300.0,4400.0,4235.0,4270.0,18427.0,79004400.0,31000200000.0,7260000,KOSDAQ,tradable_ohlcv
2007-02-23,4270.0,4350.0,4210.0,4250.0,29140.0,123269620.0,30855000000.0,7260000,KOSDAQ,tradable_ohlcv
2007-02-26,4300.0,4350.0,4210.0,4250.0,8367.0,35404705.0,30855000000.0,7260000,KOSDAQ,tradable_ohlcv
2007-02-27,4250.0,4250.0,4110.0,4185.0,21273.0,88540350.0,30383100000.0,7260000,KOSDAQ,tradable_ohlcv
2007-02-28,4100.0,4200.0,3990.0,4100.0,20765.0,84506315.0,29766000000.0,7260000,KOSDAQ,tradable_ohlcv
2007-03-02,4040.0,4150.0,3970.0,4135.0,39416.0,159342675.0,30020100000.0,7260000,KOSDAQ,tradable_ohlcv
2007-03-05,4150.0,4150.0,4030.0,4085.0,11935.0,48354110.0,29657100000.0,7260000,KOSDAQ,tradable_ohlcv
2007-03-06,4080.0,4100.0,3950.0,4100.0,32655.0,132022245.0,29766000000.0,7260000,KOSDAQ,tradable_ohlcv
2007-03-07,4135.0,4205.0,4085.0,4130.0,20187.0,83130875.0,29983800000.0,7260000,KOSDAQ,tradable_ohlcv
2007-03-08,4100.0,4180.0,4100.0,4160.0,31552.0,130495775.0,30201600000.0,7260000,KOSDAQ,tradable_ohlcv
2007-03-09,4160.0,4200.0,4100.0,4165.0,30601.0,126986400.0,30237900000.0,7260000,KOSDAQ,tradable_ohlcv
2007-03-12,4100.0,4340.0,4100.0,4310.0,37466.0,156727455.0,31290600000.0,7260000,KOSDAQ,tradable_ohlcv
2007-03-13,4250.0,4400.0,4200.0,4385.0,67935.0,291413700.0,31835100000.0,7260000,KOSDAQ,tradable_ohlcv
2007-03-14,4390.0,4495.0,4300.0,4395.0,48723.0,213054885.0,31907700000.0,7260000,KOSDAQ,tradable_ohlcv
2007-03-15,4395.0,4395.0,4290.0,4350.0,40789.0,176742495.0,31581000000.0,7260000,KOSDAQ,tradable_ohlcv
2007-03-16,4305.0,4425.0,4300.0,4350.0,14487.0,62885010.0,31581000000.0,7260000,KOSDAQ,tradable_ohlcv
2007-03-19,4490.0,4490.0,4350.0,4480.0,44287.0,195158705.0,32524800000.0,7260000,KOSDAQ,tradable_ohlcv
2007-03-20,4480.0,4600.0,4450.0,4595.0,18067.0,81848250.0,33359700000.0,7260000,KOSDAQ,tradable_ohlcv
2007-03-21,4600.0,4690.0,4560.0,4600.0,14894.0,68451010.0,33396000000.0,7260000,KOSDAQ,tradable_ohlcv
2007-03-22,4600.0,4620.0,4485.0,4530.0,20000.0,90773195.0,32887800000.0,7260000,KOSDAQ,tradable_ohlcv
2007-03-23,4445.0,4525.0,4400.0,4440.0,22741.0,101100625.0,32234400000.0,7260000,KOSDAQ,tradable_ohlcv
2007-03-26,4440.0,4500.0,4420.0,4470.0,15606.0,69609605.0,32452200000.0,7260000,KOSDAQ,tradable_ohlcv
2007-03-27,4470.0,4500.0,4250.0,4470.0,17795.0,78649905.0,32452200000.0,7260000,KOSDAQ,tradable_ohlcv
2007-03-28,4540.0,4540.0,4355.0,4460.0,13963.0,61704680.0,32379600000.0,7260000,KOSDAQ,tradable_ohlcv
2007-03-29,4535.0,4535.0,4385.0,4470.0,17449.0,77453750.0,32452200000.0,7260000,KOSDAQ,tradable_ohlcv
2007-03-30,4450.0,4500.0,4370.0,4460.0,11395.0,50540205.0,32379600000.0,7260000,KOSDAQ,tradable_ohlcv
2007-04-02,4405.0,4490.0,4400.0,4470.0,20134.0,89610170.0,32452200000.0,7260000,KOSDAQ,tradable_ohlcv
2007-04-03,4550.0,4550.0,4450.0,4510.0,22635.0,101116780.0,32742600000.0,7260000,KOSDAQ,tradable_ohlcv
2007-04-04,4525.0,4550.0,4455.0,4530.0,44451.0,199361690.0,32887800000.0,7260000,KOSDAQ,tradable_ohlcv
2007-04-05,4550.0,4600.0,4485.0,4590.0,37876.0,171215310.0,33323400000.0,7260000,KOSDAQ,tradable_ohlcv
2007-04-06,4600.0,4600.0,4530.0,4580.0,14821.0,67719500.0,33250800000.0,7260000,KOSDAQ,tradable_ohlcv
2007-04-09,4515.0,4560.0,4500.0,4540.0,20828.0,94178505.0,32960400000.0,7260000,KOSDAQ,tradable_ohlcv
2007-04-10,4580.0,5080.0,4580.0,4850.0,180862.0,884231845.0,35211000000.0,7260000,KOSDAQ,tradable_ohlcv
2007-04-11,4940.0,5570.0,4910.0,5060.0,1602696.0,8435883175.0,36735600000.0,7260000,KOSDAQ,tradable_ohlcv
2007-04-12,5050.0,5140.0,4800.0,4865.0,298100.0,1466979190.0,35319900000.0,7260000,KOSDAQ,tradable_ohlcv
2007-04-13,4955.0,5090.0,4475.0,4550.0,522530.0,2451876020.0,33033000000.0,7260000,KOSDAQ,tradable_ohlcv
2007-04-16,4550.0,4695.0,4480.0,4600.0,165629.0,755561335.0,33396000000.0,7260000,KOSDAQ,tradable_ohlcv
2007-04-17,4650.0,4650.0,4460.0,4580.0,124211.0,566131710.0,33250800000.0,7260000,KOSDAQ,tradable_ohlcv
2007-04-18,4550.0,4550.0,4455.0,4460.0,102929.0,461358055.0,32379600000.0,7260000,KOSDAQ,tradable_ohlcv
2007-04-19,4460.0,4540.0,4380.0,4425.0,78697.0,347465120.0,32125500000.0,7260000,KOSDAQ,tradable_ohlcv
2007-04-20,4350.0,4460.0,4350.0,4425.0,68776.0,303585825.0,32125500000.0,7260000,KOSDAQ,tradable_ohlcv
2007-04-23,4460.0,4850.0,4460.0,4650.0,380683.0,1795726610.0,33759000000.0,7260000,KOSDAQ,tradable_ohlcv
2007-04-24,4700.0,4790.0,4610.0,4640.0,102791.0,478408460.0,33686400000.0,7260000,KOSDAQ,tradable_ohlcv
2007-04-25,4620.0,4680.0,4480.0,4480.0,91358.0,413940210.0,32524800000.0,7260000,KOSDAQ,tradable_ohlcv
2007-04-26,4415.0,4570.0,4415.0,4415.0,74619.0,332193815.0,32052900000.0,7260000,KOSDAQ,tradable_ohlcv
2007-04-27,4415.0,4420.0,4210.0,4395.0,47153.0,203499970.0,31907700000.0,7260000,KOSDAQ,tradable_ohlcv
2007-04-30,4310.0,4490.0,4310.0,4490.0,38927.0,169754830.0,32597400000.0,7260000,KOSDAQ,tradable_ohlcv
2007-05-02,4520.0,4520.0,4365.0,4445.0,15418.0,67930225.0,32270700000.0,7260000,KOSDAQ,tradable_ohlcv
2007-05-03,4420.0,4520.0,4365.0,4470.0,37815.0,168711600.0,32452200000.0,7260000,KOSDAQ,tradable_ohlcv
2007-05-04,4470.0,4530.0,4420.0,4525.0,34843.0,155923260.0,32851500000.0,7260000,KOSDAQ,tradable_ohlcv
2007-05-07,4530.0,4600.0,4475.0,4515.0,19635.0,88445655.0,32778900000.0,7260000,KOSDAQ,tradable_ohlcv
2007-05-08,4585.0,4585.0,4450.0,4500.0,23990.0,107699745.0,32670000000.0,7260000,KOSDAQ,tradable_ohlcv
2007-05-09,4490.0,4550.0,4390.0,4530.0,65506.0,291060115.0,32887800000.0,7260000,KOSDAQ,tradable_ohlcv
2007-05-10,4455.0,4550.0,4455.0,4500.0,55790.0,250568335.0,32670000000.0,7260000,KOSDAQ,tradable_ohlcv
2007-05-11,4500.0,4640.0,4430.0,4630.0,58864.0,265222700.0,33613800000.0,7260000,KOSDAQ,tradable_ohlcv
2007-05-14,4610.0,4635.0,4515.0,4610.0,51229.0,233837035.0,33468600000.0,7260000,KOSDAQ,tradable_ohlcv
2007-05-15,4630.0,4680.0,4560.0,4600.0,62046.0,286804380.0,33396000000.0,7260000,KOSDAQ,tradable_ohlcv
2007-05-16,4650.0,4650.0,4540.0,4600.0,22599.0,104030510.0,33396000000.0,7260000,KOSDAQ,tradable_ohlcv
2007-05-17,4580.0,4680.0,4580.0,4680.0,41956.0,194258280.0,33976800000.0,7260000,KOSDAQ,tradable_ohlcv
2007-05-18,4700.0,4700.0,4635.0,4680.0,28165.0,131481345.0,33976800000.0,7260000,KOSDAQ,tradable_ohlcv
2007-05-21,4665.0,4740.0,4565.0,4700.0,45897.0,213780200.0,34122000000.0,7260000,KOSDAQ,tradable_ohlcv
2007-05-22,4655.0,4780.0,4655.0,4750.0,64286.0,302154820.0,34485000000.0,7260000,KOSDAQ,tradable_ohlcv
2007-05-23,4750.0,4800.0,4690.0,4735.0,48951.0,230968240.0,34376100000.0,7260000,KOSDAQ,tradable_ohlcv
2007-05-25,4700.0,4745.0,4610.0,4730.0,53733.0,250518185.0,34339800000.0,7260000,KOSDAQ,tradable_ohlcv
2007-05-28,4780.0,4800.0,4680.0,4770.0,33485.0,158332005.0,34630200000.0,7260000,KOSDAQ,tradable_ohlcv
2007-05-29,4740.0,5290.0,4735.0,5070.0,121071.0,609107010.0,36808200000.0,7260000,KOSDAQ,tradable_ohlcv
2007-05-30,5100.0,5280.0,5070.0,5170.0,81220.0,417785190.0,37534200000.0,7260000,KOSDAQ,tradable_ohlcv
2007-05-31,5310.0,5310.0,5150.0,5280.0,61405.0,320041480.0,38332800000.0,7260000,KOSDAQ,tradable_ohlcv
2007-06-01,5260.0,5400.0,5120.0,5250.0,45201.0,234766560.0,38115000000.0,7260000,KOSDAQ,tradable_ohlcv
2007-06-04,5260.0,5410.0,5120.0,5310.0,115411.0,610169860.0,38550600000.0,7260000,KOSDAQ,tradable_ohlcv
2007-06-05,5320.0,5380.0,5120.0,5350.0,36348.0,190604000.0,38841000000.0,7260000,KOSDAQ,tradable_ohlcv
2007-06-07,5580.0,5580.0,5310.0,5440.0,42347.0,229387030.0,39494400000.0,7260000,KOSDAQ,tradable_ohlcv
2007-06-08,5380.0,5500.0,5250.0,5440.0,51296.0,273224970.0,39494400000.0,7260000,KOSDAQ,tradable_ohlcv
2007-06-11,5470.0,5470.0,5200.0,5310.0,23357.0,123859440.0,38550600000.0,7260000,KOSDAQ,tradable_ohlcv
2007-06-12,5230.0,5350.0,5140.0,5230.0,35660.0,184882480.0,37969800000.0,7260000,KOSDAQ,tradable_ohlcv
2007-06-13,5220.0,5220.0,4955.0,5200.0,97779.0,491695965.0,37752000000.0,7260000,KOSDAQ,tradable_ohlcv
2007-06-14,5200.0,5300.0,5030.0,5120.0,47440.0,241803630.0,37171200000.0,7260000,KOSDAQ,tradable_ohlcv
2007-06-15,5090.0,5200.0,5050.0,5160.0,44616.0,228179780.0,37461600000.0,7260000,KOSDAQ,tradable_ohlcv
2007-06-18,5200.0,5930.0,5140.0,5400.0,404003.0,2202798070.0,39204000000.0,7260000,KOSDAQ,tradable_ohlcv
2007-06-19,5500.0,5520.0,5300.0,5430.0,96958.0,521561640.0,39421800000.0,7260000,KOSDAQ,tradable_ohlcv
2007-06-20,5350.0,5470.0,5350.0,5430.0,37619.0,203163360.0,39421800000.0,7260000,KOSDAQ,tradable_ohlcv
2007-06-21,5390.0,5680.0,5330.0,5600.0,87552.0,485874330.0,40656000000.0,7260000,KOSDAQ,tradable_ohlcv
2007-06-22,5760.0,5760.0,5460.0,5550.0,70324.0,389258880.0,40293000000.0,7260000,KOSDAQ,tradable_ohlcv
2007-06-25,5540.0,5900.0,5400.0,5560.0,211830.0,1202708780.0,40365600000.0,7260000,KOSDAQ,tradable_ohlcv
2007-06-26,5680.0,5730.0,5420.0,5560.0,81715.0,452006110.0,40365600000.0,7260000,KOSDAQ,tradable_ohlcv
2007-06-27,5560.0,5560.0,5160.0,5300.0,68600.0,364676900.0,38478000000.0,7260000,KOSDAQ,tradable_ohlcv
2007-06-28,5350.0,5390.0,5200.0,5310.0,28090.0,148081580.0,38550600000.0,7260000,KOSDAQ,tradable_ohlcv
2007-06-29,5150.0,5310.0,5110.0,5210.0,17465.0,90660250.0,37824600000.0,7260000,KOSDAQ,tradable_ohlcv
2007-07-02,5300.0,5300.0,5130.0,5250.0,43041.0,223033940.0,38115000000.0,7260000,KOSDAQ,tradable_ohlcv
2007-07-03,5220.0,5310.0,5190.0,5270.0,67085.0,351914060.0,38260200000.0,7260000,KOSDAQ,tradable_ohlcv
2007-07-04,5260.0,5300.0,5150.0,5280.0,82436.0,431059520.0,38332800000.0,7260000,KOSDAQ,tradable_ohlcv
2007-07-05,5280.0,5390.0,5280.0,5320.0,48076.0,255495630.0,38623200000.0,7260000,KOSDAQ,tradable_ohlcv
2007-07-06,5320.0,5450.0,5310.0,5420.0,58010.0,312164800.0,39349200000.0,7260000,KOSDAQ,tradable_ohlcv
2007-07-09,5500.0,5500.0,5350.0,5410.0,58075.0,313542000.0,39276600000.0,7260000,KOSDAQ,tradable_ohlcv
2007-07-10,5420.0,5450.0,5250.0,5370.0,46056.0,246783550.0,38986200000.0,7260000,KOSDAQ,tradable_ohlcv
2007-07-11,5360.0,5400.0,5220.0,5370.0,31378.0,167566600.0,38986200000.0,7260000,KOSDAQ,tradable_ohlcv
2007-07-12,5300.0,5450.0,5280.0,5420.0,74763.0,401982110.0,39349200000.0,7260000,KOSDAQ,tradable_ohlcv
2007-07-13,5500.0,5530.0,5340.0,5450.0,50705.0,275177800.0,39567000000.0,7260000,KOSDAQ,tradable_ohlcv
2007-07-16,5450.0,5550.0,5320.0,5420.0,114547.0,625326930.0,39349200000.0,7260000,KOSDAQ,tradable_ohlcv
2007-07-18,5470.0,5470.0,5320.0,5380.0,29158.0,156518870.0,39058800000.0,7260000,KOSDAQ,tradable_ohlcv
2007-07-19,5300.0,5450.0,5270.0,5310.0,16794.0,89389380.0,38550600000.0,7260000,KOSDAQ,tradable_ohlcv
2007-07-20,5310.0,5400.0,5230.0,5370.0,44477.0,235922470.0,38986200000.0,7260000,KOSDAQ,tradable_ohlcv
2007-07-23,5370.0,5370.0,5200.0,5260.0,72338.0,379116460.0,38187600000.0,7260000,KOSDAQ,tradable_ohlcv
2007-07-24,5260.0,5260.0,5020.0,5230.0,52467.0,269698340.0,37969800000.0,7260000,KOSDAQ,tradable_ohlcv
2007-07-25,5230.0,5330.0,5100.0,5280.0,98348.0,512759360.0,38332800000.0,7260000,KOSDAQ,tradable_ohlcv
2007-07-26,5270.0,5450.0,5080.0,5200.0,219777.0,1159567480.0,37752000000.0,7260000,KOSDAQ,tradable_ohlcv
2007-07-27,5110.0,5140.0,5020.0,5080.0,49734.0,253052680.0,36880800000.0,7260000,KOSDAQ,tradable_ohlcv
2007-07-30,5100.0,5190.0,5020.0,5110.0,57733.0,293373040.0,37098600000.0,7260000,KOSDAQ,tradable_ohlcv
2007-07-31,5120.0,5250.0,5110.0,5250.0,69893.0,360381480.0,38115000000.0,7260000,KOSDAQ,tradable_ohlcv
2007-08-01,5150.0,5240.0,5090.0,5140.0,24269.0,124657400.0,37316400000.0,7260000,KOSDAQ,tradable_ohlcv
2007-08-02,5210.0,5230.0,5100.0,5170.0,16907.0,87150890.0,37534200000.0,7260000,KOSDAQ,tradable_ohlcv
2007-08-03,5170.0,5230.0,5110.0,5190.0,28061.0,145466380.0,37679400000.0,7260000,KOSDAQ,tradable_ohlcv
2007-08-06,5120.0,5190.0,5030.0,5150.0,21839.0,111071680.0,37389000000.0,7260000,KOSDAQ,tradable_ohlcv
2007-08-07,5190.0,5200.0,5100.0,5130.0,24022.0,123465930.0,37243800000.0,7260000,KOSDAQ,tradable_ohlcv
2007-08-08,5090.0,5230.0,5090.0,5180.0,39717.0,204329890.0,37606800000.0,7260000,KOSDAQ,tradable_ohlcv
2007-08-09,5170.0,5180.0,5070.0,5150.0,27708.0,142085140.0,37389000000.0,7260000,KOSDAQ,tradable_ohlcv
2007-08-10,5100.0,5250.0,5010.0,5250.0,37090.0,189514680.0,38115000000.0,7260000,KOSDAQ,tradable_ohlcv
2007-08-13,5330.0,5330.0,5100.0,5200.0,10834.0,55908030.0,37752000000.0,7260000,KOSDAQ,tradable_ohlcv
2007-08-14,4925.0,5260.0,4925.0,5170.0,51451.0,264212425.0,37534200000.0,7260000,KOSDAQ,tradable_ohlcv
2007-08-16,5010.0,5100.0,4750.0,4975.0,44775.0,219834680.0,36118500000.0,7260000,KOSDAQ,tradable_ohlcv
2007-08-17,4820.0,5230.0,4705.0,5230.0,38248.0,188261150.0,37969800000.0,7260000,KOSDAQ,tradable_ohlcv
2007-08-20,5100.0,5300.0,5100.0,5240.0,63986.0,334120880.0,38042400000.0,7260000,KOSDAQ,tradable_ohlcv
2007-08-21,5180.0,5320.0,5140.0,5250.0,66711.0,348275200.0,38115000000.0,7260000,KOSDAQ,tradable_ohlcv
2007-08-22,5170.0,5270.0,5170.0,5230.0,57673.0,301208190.0,37969800000.0,7260000,KOSDAQ,tradable_ohlcv
2007-08-23,5300.0,5410.0,5270.0,5400.0,101045.0,543130960.0,39204000000.0,7260000,KOSDAQ,tradable_ohlcv
2007-08-24,5500.0,6200.0,5410.0,5700.0,304549.0,1772805570.0,41382000000.0,7260000,KOSDAQ,tradable_ohlcv
2007-08-27,5700.0,5870.0,5620.0,5650.0,65923.0,374677500.0,41019000000.0,7260000,KOSDAQ,tradable_ohlcv
2007-08-28,5650.0,5900.0,5550.0,5750.0,64780.0,370191810.0,41745000000.0,7260000,KOSDAQ,tradable_ohlcv
2007-08-29,5580.0,5970.0,5510.0,5920.0,66792.0,387066600.0,42979200000.0,7260000,KOSDAQ,tradable_ohlcv
2007-08-30,6090.0,6090.0,5800.0,5990.0,153865.0,911323480.0,43487400000.0,7260000,KOSDAQ,tradable_ohlcv
2007-08-31,5930.0,6050.0,5810.0,5950.0,53267.0,314277980.0,43197000000.0,7260000,KOSDAQ,tradable_ohlcv
2007-09-03,5960.0,6020.0,5780.0,5970.0,82706.0,484998920.0,43342200000.0,7260000,KOSDAQ,tradable_ohlcv
2007-09-04,6050.0,6080.0,5810.0,6080.0,38261.0,227044110.0,44140800000.0,7260000,KOSDAQ,tradable_ohlcv
2007-09-05,6140.0,6420.0,6080.0,6280.0,151842.0,942270540.0,45592800000.0,7260000,KOSDAQ,tradable_ohlcv
2007-09-06,6250.0,6250.0,6100.0,6190.0,34130.0,210162270.0,44939400000.0,7260000,KOSDAQ,tradable_ohlcv
2007-09-07,6230.0,6290.0,6080.0,6200.0,30125.0,185948140.0,45012000000.0,7260000,KOSDAQ,tradable_ohlcv
2007-09-10,6020.0,6200.0,6000.0,6180.0,37551.0,228027130.0,44866800000.0,7260000,KOSDAQ,tradable_ohlcv
2007-09-11,6100.0,6350.0,6080.0,6150.0,26528.0,163241920.0,44649000000.0,7260000,KOSDAQ,tradable_ohlcv
2007-09-12,6210.0,6210.0,6030.0,6140.0,15631.0,95124960.0,44576400000.0,7260000,KOSDAQ,tradable_ohlcv
2007-09-13,6160.0,6160.0,5950.0,6140.0,30438.0,184326910.0,44576400000.0,7260000,KOSDAQ,tradable_ohlcv
2007-09-14,6140.0,6250.0,6000.0,6250.0,66654.0,404453070.0,45375000000.0,7260000,KOSDAQ,tradable_ohlcv
2007-09-17,6300.0,6400.0,6200.0,6350.0,57908.0,364585440.0,46101000000.0,7260000,KOSDAQ,tradable_ohlcv
2007-09-18,6380.0,6380.0,6120.0,6300.0,30052.0,187428130.0,45738000000.0,7260000,KOSDAQ,tradable_ohlcv
2007-09-19,6350.0,6490.0,6250.0,6440.0,39009.0,248250080.0,46754400000.0,7260000,KOSDAQ,tradable_ohlcv
2007-09-20,6440.0,6450.0,6260.0,6400.0,42734.0,270937740.0,46464000000.0,7260000,KOSDAQ,tradable_ohlcv
2007-09-21,6420.0,6430.0,6300.0,6430.0,15483.0,98355870.0,46681800000.0,7260000,KOSDAQ,tradable_ohlcv
2007-09-27,6430.0,6550.0,6310.0,6410.0,13331.0,85474240.0,46536600000.0,7260000,KOSDAQ,tradable_ohlcv
2007-09-28,6330.0,6430.0,6270.0,6380.0,8850.0,56135220.0,46318800000.0,7260000,KOSDAQ,tradable_ohlcv
2007-10-01,6380.0,6380.0,6230.0,6370.0,36333.0,228826080.0,46246200000.0,7260000,KOSDAQ,tradable_ohlcv
2007-10-02,6400.0,6400.0,6210.0,6370.0,21551.0,136444090.0,46246200000.0,7260000,KOSDAQ,tradable_ohlcv
2007-10-04,6370.0,6390.0,6100.0,6380.0,68948.0,430442270.0,46318800000.0,7260000,KOSDAQ,tradable_ohlcv
2007-10-05,6300.0,6380.0,6130.0,6230.0,63497.0,398513340.0,45229800000.0,7260000,KOSDAQ,tradable_ohlcv
2007-10-08,6150.0,6300.0,6000.0,6100.0,42140.0,258255670.0,44286000000.0,7260000,KOSDAQ,tradable_ohlcv
2007-10-09,6100.0,6100.0,5910.0,6010.0,13058.0,78246820.0,43632600000.0,7260000,KOSDAQ,tradable_ohlcv
2007-10-10,6010.0,6080.0,5900.0,6010.0,27948.0,167364400.0,43632600000.0,7260000,KOSDAQ,tradable_ohlcv
2007-10-11,6050.0,6200.0,5890.0,6000.0,27698.0,164874480.0,43560000000.0,7260000,KOSDAQ,tradable_ohlcv
2007-10-12,6000.0,6010.0,5690.0,5890.0,49831.0,289142350.0,42761400000.0,7260000,KOSDAQ,tradable_ohlcv
2007-10-15,5890.0,6100.0,5610.0,5880.0,33099.0,192129620.0,42688800000.0,7260000,KOSDAQ,tradable_ohlcv
2007-10-16,5980.0,5980.0,5680.0,5840.0,40887.0,237105560.0,42398400000.0,7260000,KOSDAQ,tradable_ohlcv
2007-10-17,5930.0,5980.0,5560.0,5700.0,29771.0,169361180.0,41382000000.0,7260000,KOSDAQ,tradable_ohlcv
2007-10-18,5700.0,5800.0,5550.0,5700.0,21495.0,121142700.0,41382000000.0,7260000,KOSDAQ,tradable_ohlcv
2007-10-19,5800.0,5870.0,5600.0,5780.0,16937.0,97821700.0,41962800000.0,7260000,KOSDAQ,tradable_ohlcv
2007-10-22,5500.0,5760.0,5460.0,5640.0,25800.0,143965750.0,40946400000.0,7260000,KOSDAQ,tradable_ohlcv
2007-10-23,5750.0,5900.0,5500.0,5900.0,39613.0,223101850.0,42834000000.0,7260000,KOSDAQ,tradable_ohlcv
2007-10-24,5760.0,6030.0,5490.0,5700.0,39850.0,227865390.0,41382000000.0,7260000,KOSDAQ,tradable_ohlcv
2007-10-25,5820.0,5820.0,5530.0,5700.0,16459.0,92677560.0,41382000000.0,7260000,KOSDAQ,tradable_ohlcv
2007-10-26,5690.0,5800.0,5570.0,5680.0,38988.0,220502440.0,41236800000.0,7260000,KOSDAQ,tradable_ohlcv
2007-10-29,5680.0,5800.0,5520.0,5630.0,43977.0,246554960.0,40873800000.0,7260000,KOSDAQ,tradable_ohlcv
2007-10-30,5530.0,5620.0,5410.0,5500.0,36648.0,201340820.0,39930000000.0,7260000,KOSDAQ,tradable_ohlcv
2007-10-31,5500.0,5600.0,5400.0,5540.0,48183.0,263310600.0,40220400000.0,7260000,KOSDAQ,tradable_ohlcv
2007-11-01,5690.0,5800.0,5420.0,5620.0,29504.0,163317720.0,40801200000.0,7260000,KOSDAQ,tradable_ohlcv
2007-11-02,5500.0,6380.0,5450.0,5810.0,302229.0,1820634680.0,42180600000.0,7260000,KOSDAQ,tradable_ohlcv
2007-11-05,6300.0,6570.0,5940.0,6270.0,357732.0,2265760190.0,45520200000.0,7260000,KOSDAQ,tradable_ohlcv
2007-11-06,6050.0,6160.0,5670.0,5800.0,240585.0,1391183770.0,42108000000.0,7260000,KOSDAQ,tradable_ohlcv
2007-11-07,5710.0,5850.0,5630.0,5800.0,67762.0,387880760.0,42108000000.0,7260000,KOSDAQ,tradable_ohlcv
2007-11-08,5630.0,6000.0,5630.0,5760.0,46265.0,265288820.0,41817600000.0,7260000,KOSDAQ,tradable_ohlcv
2007-11-09,5880.0,5880.0,5560.0,5740.0,40275.0,227413780.0,41672400000.0,7260000,KOSDAQ,tradable_ohlcv
2007-11-12,5560.0,5750.0,5500.0,5700.0,47001.0,262252130.0,41382000000.0,7260000,KOSDAQ,tradable_ohlcv
2007-11-13,5610.0,5890.0,5520.0,5670.0,20576.0,115508100.0,41164200000.0,7260000,KOSDAQ,tradable_ohlcv
2007-11-14,5800.0,5800.0,5600.0,5690.0,6509.0,37054570.0,41309400000.0,7260000,KOSDAQ,tradable_ohlcv
2007-11-15,5620.0,5740.0,5490.0,5630.0,25324.0,141483690.0,40873800000.0,7260000,KOSDAQ,tradable_ohlcv
2007-11-16,5650.0,5650.0,5410.0,5630.0,21138.0,116563440.0,40873800000.0,7260000,KOSDAQ,tradable_ohlcv
2007-11-19,5730.0,5730.0,5490.0,5650.0,24740.0,137817590.0,41019000000.0,7260000,KOSDAQ,tradable_ohlcv
2007-11-20,5500.0,5620.0,5440.0,5550.0,16722.0,92262160.0,40293000000.0,7260000,KOSDAQ,tradable_ohlcv
2007-11-21,5600.0,5650.0,5490.0,5590.0,5114.0,28500750.0,40583400000.0,7260000,KOSDAQ,tradable_ohlcv
2007-11-22,5580.0,5600.0,5460.0,5560.0,19418.0,107187100.0,40365600000.0,7260000,KOSDAQ,tradable_ohlcv
2007-11-23,5550.0,5690.0,5450.0,5600.0,10715.0,59285090.0,40656000000.0,7260000,KOSDAQ,tradable_ohlcv
2007-11-26,5700.0,5720.0,5430.0,5430.0,15942.0,88322260.0,39421800000.0,7260000,KOSDAQ,tradable_ohlcv
2007-11-27,5570.0,5700.0,5330.0,5700.0,18703.0,102280170.0,41382000000.0,7260000,KOSDAQ,tradable_ohlcv
2007-11-28,5700.0,5800.0,5520.0,5670.0,11933.0,67624540.0,41164200000.0,7260000,KOSDAQ,tradable_ohlcv
2007-11-29,5610.0,5670.0,5520.0,5620.0,9023.0,50492720.0,40801200000.0,7260000,KOSDAQ,tradable_ohlcv
2007-11-30,5550.0,5660.0,5500.0,5590.0,22743.0,126432240.0,40583400000.0,7260000,KOSDAQ,tradable_ohlcv
2007-12-03,5510.0,5620.0,5300.0,5440.0,46050.0,248952030.0,39494400000.0,7260000,KOSDAQ,tradable_ohlcv
2007-12-04,5350.0,5490.0,5350.0,5420.0,13848.0,74948630.0,39349200000.0,7260000,KOSDAQ,tradable_ohlcv
2007-12-05,5340.0,5600.0,5330.0,5600.0,22282.0,121973830.0,40656000000.0,7260000,KOSDAQ,tradable_ohlcv
2007-12-06,5520.0,5600.0,5420.0,5420.0,14770.0,80449980.0,39349200000.0,7260000,KOSDAQ,tradable_ohlcv
2007-12-07,5420.0,5500.0,5370.0,5500.0,20182.0,109594680.0,39930000000.0,7260000,KOSDAQ,tradable_ohlcv
2007-12-10,5420.0,5590.0,5420.0,5500.0,3953.0,21719440.0,39930000000.0,7260000,KOSDAQ,tradable_ohlcv
2007-12-11,5420.0,5550.0,5390.0,5480.0,14016.0,76331660.0,39784800000.0,7260000,KOSDAQ,tradable_ohlcv
2007-12-12,5400.0,5500.0,5350.0,5480.0,11192.0,60507280.0,39784800000.0,7260000,KOSDAQ,tradable_ohlcv
2007-12-13,5410.0,5490.0,5350.0,5400.0,12150.0,65651510.0,39204000000.0,7260000,KOSDAQ,tradable_ohlcv
2007-12-14,5400.0,5430.0,5320.0,5380.0,3620.0,19410210.0,39058800000.0,7260000,KOSDAQ,tradable_ohlcv
2007-12-17,5330.0,5460.0,5220.0,5340.0,11680.0,62138210.0,38768400000.0,7260000,KOSDAQ,tradable_ohlcv
2007-12-18,5290.0,5650.0,5200.0,5600.0,68886.0,372509650.0,40656000000.0,7260000,KOSDAQ,tradable_ohlcv
2007-12-20,5750.0,5980.0,5470.0,5600.0,125110.0,711835030.0,40656000000.0,7260000,KOSDAQ,tradable_ohlcv
2007-12-21,5630.0,5650.0,5420.0,5650.0,8943.0,49607180.0,41019000000.0,7260000,KOSDAQ,tradable_ohlcv
2007-12-24,5510.0,5670.0,5370.0,5400.0,26179.0,142155250.0,39204000000.0,7260000,KOSDAQ,tradable_ohlcv
2007-12-26,5380.0,5520.0,5300.0,5390.0,13270.0,71682870.0,39131400000.0,7260000,KOSDAQ,tradable_ohlcv
2007-12-27,5390.0,5390.0,5180.0,5250.0,18307.0,95999320.0,38115000000.0,7260000,KOSDAQ,tradable_ohlcv
2007-12-28,5240.0,5440.0,5210.0,5400.0,11756.0,62854750.0,39204000000.0,7260000,KOSDAQ,tradable_ohlcv
