d,o,h,l,c,v,a,mc,s,m,rs
2005-01-03,1055.0,1095.0,1030.0,1060.0,152120.0,161816730.0,7085994000.0,6684900,KOSDAQ,tradable_ohlcv
2005-01-04,1060.0,1185.0,1060.0,1185.0,223833.0,251043110.0,7921606500.0,6684900,KOSDAQ,tradable_ohlcv
2005-01-05,1225.0,1275.0,1140.0,1240.0,489974.0,593018830.0,8289276000.0,6684900,KOSDAQ,tradable_ohlcv
2005-01-06,1300.0,1300.0,1130.0,1240.0,272385.0,332786355.0,8289276000.0,6684900,KOSDAQ,tradable_ohlcv
2005-01-07,1215.0,1240.0,1095.0,1095.0,164736.0,186268110.0,7319965500.0,6684900,KOSDAQ,tradable_ohlcv
2005-01-10,1055.0,1120.0,1035.0,1075.0,246809.0,265695420.0,7186267500.0,6684900,KOSDAQ,tradable_ohlcv
2005-01-11,1090.0,1195.0,1080.0,1110.0,201738.0,227987935.0,7420239000.0,6684900,KOSDAQ,tradable_ohlcv
2005-01-12,1120.0,1150.0,1070.0,1085.0,130194.0,143000990.0,7253116500.0,6684900,KOSDAQ,tradable_ohlcv
2005-01-13,1085.0,1120.0,1080.0,1095.0,199414.0,218326110.0,7319965500.0,6684900,KOSDAQ,tradable_ohlcv
2005-01-14,1090.0,1225.0,1080.0,1225.0,408496.0,484825280.0,8189002500.0,6684900,KOSDAQ,tradable_ohlcv
2005-01-17,1320.0,1370.0,1290.0,1370.0,806183.0,1090601480.0,9158313000.0,6684900,KOSDAQ,tradable_ohlcv
2005-01-18,1450.0,1485.0,1305.0,1345.0,487184.0,659592645.0,8991190500.0,6684900,KOSDAQ,tradable_ohlcv
2005-01-19,1485.0,1505.0,1445.0,1505.0,245514.0,366012390.0,10060774500.0,6684900,KOSDAQ,tradable_ohlcv
2005-01-20,1680.0,1680.0,1475.0,1600.0,836497.0,1350672105.0,10695840000.0,6684900,KOSDAQ,tradable_ohlcv
2005-01-21,1540.0,1640.0,1515.0,1610.0,339165.0,527303735.0,10762689000.0,6684900,KOSDAQ,tradable_ohlcv
2005-01-24,1565.0,1640.0,1470.0,1470.0,495461.0,767154640.0,9826803000.0,6684900,KOSDAQ,tradable_ohlcv
2005-01-25,1460.0,1480.0,1295.0,1335.0,579280.0,767725385.0,8924341500.0,6684900,KOSDAQ,tradable_ohlcv
2005-01-26,1435.0,1495.0,1360.0,1495.0,463312.0,672848570.0,9993925500.0,6684900,KOSDAQ,tradable_ohlcv
2005-01-27,1620.0,1670.0,1580.0,1670.0,492385.0,814586100.0,11163783000.0,6684900,KOSDAQ,tradable_ohlcv
2005-01-28,1605.0,1655.0,1505.0,1585.0,400728.0,634826295.0,10595566500.0,6684900,KOSDAQ,tradable_ohlcv
2005-01-31,1550.0,1775.0,1550.0,1775.0,271418.0,473142935.0,11865697500.0,6684900,KOSDAQ,tradable_ohlcv
2005-02-01,1945.0,1950.0,1565.0,1565.0,904100.0,1526125770.0,10461868500.0,6684900,KOSDAQ,tradable_ohlcv
2005-02-02,1390.0,1440.0,1380.0,1380.0,460943.0,641377780.0,9225162000.0,6684900,KOSDAQ,tradable_ohlcv
2005-02-03,1275.0,1350.0,1225.0,1290.0,508810.0,655290280.0,8623521000.0,6684900,KOSDAQ,tradable_ohlcv
2005-02-04,1255.0,1425.0,1255.0,1390.0,392500.0,529669445.0,9292011000.0,6684900,KOSDAQ,tradable_ohlcv
2005-02-07,1390.0,1520.0,1390.0,1460.0,354586.0,509071920.0,9759954000.0,6684900,KOSDAQ,tradable_ohlcv
2005-02-11,1500.0,1500.0,1350.0,1360.0,257190.0,364295500.0,9091464000.0,6684900,KOSDAQ,tradable_ohlcv
2005-02-14,1400.0,1475.0,1395.0,1400.0,272481.0,388678915.0,9358860000.0,6684900,KOSDAQ,tradable_ohlcv
2005-02-15,1400.0,1485.0,1365.0,1415.0,407723.0,580152615.0,9459133500.0,6684900,KOSDAQ,tradable_ohlcv
2005-02-16,1450.0,1475.0,1290.0,1360.0,418538.0,591474330.0,9091464000.0,6684900,KOSDAQ,tradable_ohlcv
2005-02-17,1360.0,1460.0,1305.0,1440.0,478221.0,661929300.0,9626256000.0,6684900,KOSDAQ,tradable_ohlcv
2005-02-18,1440.0,1600.0,1420.0,1475.0,793324.0,1210225490.0,9860227500.0,6684900,KOSDAQ,tradable_ohlcv
2005-02-21,1410.0,1455.0,1300.0,1400.0,578760.0,802694380.0,9358860000.0,6684900,KOSDAQ,tradable_ohlcv
2005-02-22,1410.0,1490.0,1335.0,1350.0,352569.0,499901155.0,9024615000.0,6684900,KOSDAQ,tradable_ohlcv
2005-02-23,1300.0,1375.0,1270.0,1275.0,215948.0,281210155.0,8523247500.0,6684900,KOSDAQ,tradable_ohlcv
2005-02-24,1270.0,1310.0,1220.0,1220.0,268487.0,336578320.0,8155578000.0,6684900,KOSDAQ,tradable_ohlcv
2005-02-25,1225.0,1250.0,1075.0,1075.0,404549.0,455793660.0,7186267500.0,6684900,KOSDAQ,tradable_ohlcv
2005-02-28,1055.0,1070.0,970.0,1020.0,295627.0,303054990.0,6818598000.0,6684900,KOSDAQ,tradable_ohlcv
2005-03-02,1030.0,1100.0,990.0,1090.0,150431.0,156465235.0,7286541000.0,6684900,KOSDAQ,tradable_ohlcv
2005-03-03,1070.0,1100.0,1040.0,1060.0,143595.0,151709495.0,7085994000.0,6684900,KOSDAQ,tradable_ohlcv
2005-03-04,1055.0,1180.0,1050.0,1100.0,123951.0,137853130.0,7353390000.0,6684900,KOSDAQ,tradable_ohlcv
2005-03-07,1150.0,1230.0,1105.0,1230.0,309690.0,368889855.0,8222427000.0,6684900,KOSDAQ,tradable_ohlcv
2005-03-08,1295.0,1375.0,1295.0,1375.0,618678.0,846760235.0,9191737500.0,6684900,KOSDAQ,tradable_ohlcv
2005-03-09,1370.0,1540.0,1325.0,1395.0,1014834.0,1456136065.0,9325435500.0,6684900,KOSDAQ,tradable_ohlcv
2005-03-10,1400.0,1430.0,1230.0,1230.0,554273.0,696573610.0,8222427000.0,6684900,KOSDAQ,tradable_ohlcv
2005-03-11,1140.0,1180.0,1085.0,1085.0,605760.0,673727315.0,7253116500.0,6684900,KOSDAQ,tradable_ohlcv
2005-03-14,1070.0,1200.0,1070.0,1165.0,335685.0,382494660.0,7787908500.0,6684900,KOSDAQ,tradable_ohlcv
2005-03-15,1145.0,1225.0,1135.0,1210.0,243224.0,283948340.0,8088729000.0,6684900,KOSDAQ,tradable_ohlcv
2005-03-16,1200.0,1355.0,1200.0,1355.0,357813.0,476489520.0,9058039500.0,6684900,KOSDAQ,tradable_ohlcv
2005-03-17,1395.0,1455.0,1310.0,1355.0,355570.0,492851810.0,9058039500.0,6684900,KOSDAQ,tradable_ohlcv
2005-03-18,1375.0,1515.0,1360.0,1515.0,1105135.0,1651638095.0,10127623500.0,6684900,KOSDAQ,tradable_ohlcv
2005-03-21,1530.0,1595.0,1335.0,1380.0,993879.0,1394604935.0,9225162000.0,6684900,KOSDAQ,tradable_ohlcv
2005-03-22,1390.0,1415.0,1305.0,1400.0,295089.0,397815960.0,9358860000.0,6684900,KOSDAQ,tradable_ohlcv
2005-03-23,1365.0,1480.0,1365.0,1450.0,498921.0,710775690.0,9693105000.0,6684900,KOSDAQ,tradable_ohlcv
2005-03-24,1450.0,1540.0,1365.0,1510.0,721555.0,1054522755.0,10094199000.0,6684900,KOSDAQ,tradable_ohlcv
2005-03-25,1560.0,1570.0,1455.0,1500.0,278875.0,419680900.0,10027350000.0,6684900,KOSDAQ,tradable_ohlcv
2005-03-28,1490.0,1725.0,1490.0,1725.0,906940.0,1518233600.0,11531452500.0,6684900,KOSDAQ,tradable_ohlcv
2005-03-29,1725.0,1970.0,1650.0,1770.0,1535905.0,2760875800.0,11832273000.0,6684900,KOSDAQ,tradable_ohlcv
2005-03-30,1735.0,2035.0,1735.0,2035.0,2206329.0,4276019570.0,13603771500.0,6684900,KOSDAQ,tradable_ohlcv
2005-03-31,2200.0,2340.0,2135.0,2340.0,489147.0,1105306335.0,15642666000.0,6684900,KOSDAQ,tradable_ohlcv
2005-04-01,2600.0,2690.0,2070.0,2345.0,4872647.0,11792593860.0,15676090500.0,6684900,KOSDAQ,tradable_ohlcv
2005-04-04,2370.0,2695.0,2335.0,2695.0,974196.0,2534037405.0,18015805500.0,6684900,KOSDAQ,tradable_ohlcv
2005-04-06,2990.0,3095.0,2725.0,3095.0,2453297.0,7238143715.0,20689765500.0,6684900,KOSDAQ,tradable_ohlcv
2005-04-07,3095.0,3250.0,2925.0,3160.0,1797574.0,5554931685.0,21124284000.0,6684900,KOSDAQ,tradable_ohlcv
2005-04-08,3280.0,3280.0,2690.0,2690.0,1295072.0,3718346155.0,17982381000.0,6684900,KOSDAQ,tradable_ohlcv
2005-04-11,2290.0,2290.0,2290.0,2290.0,68544.0,157005760.0,15308421000.0,6684900,KOSDAQ,tradable_ohlcv
2005-04-12,1950.0,1950.0,1950.0,1950.0,115767.0,225745990.0,13035555000.0,6684900,KOSDAQ,tradable_ohlcv
2005-04-13,1660.0,1660.0,1660.0,1660.0,46666.0,77465560.0,11096934000.0,6684900,KOSDAQ,tradable_ohlcv
2005-04-14,1450.0,1715.0,1420.0,1490.0,3729962.0,5718642680.0,9960501000.0,6684900,KOSDAQ,tradable_ohlcv
2005-04-15,1490.0,1695.0,1430.0,1555.0,2346330.0,3722870495.0,10395019500.0,6684900,KOSDAQ,tradable_ohlcv
2005-04-18,1610.0,1650.0,1325.0,1325.0,1175554.0,1610350685.0,8857492500.0,6684900,KOSDAQ,tradable_ohlcv
2005-04-19,1270.0,1350.0,1190.0,1230.0,1449434.0,1804010325.0,8222427000.0,6684900,KOSDAQ,tradable_ohlcv
2005-04-20,1295.0,1410.0,1260.0,1410.0,1227659.0,1660498350.0,9425709000.0,6684900,KOSDAQ,tradable_ohlcv
2005-04-21,1400.0,1400.0,1255.0,1290.0,930463.0,1222297490.0,8623521000.0,6684900,KOSDAQ,tradable_ohlcv
2005-04-22,1310.0,1380.0,1290.0,1355.0,689551.0,917705140.0,9058039500.0,6684900,KOSDAQ,tradable_ohlcv
2005-04-25,1340.0,1345.0,1270.0,1345.0,342631.0,448154080.0,8991190500.0,6684900,KOSDAQ,tradable_ohlcv
2005-04-26,1350.0,1370.0,1250.0,1270.0,482088.0,623561150.0,8489823000.0,6684900,KOSDAQ,tradable_ohlcv
2005-04-27,1190.0,1270.0,1095.0,1270.0,370474.0,443006275.0,8489823000.0,6684900,KOSDAQ,tradable_ohlcv
2005-04-28,1265.0,1365.0,1230.0,1275.0,404055.0,526846720.0,8523247500.0,6684900,KOSDAQ,tradable_ohlcv
2005-04-29,1250.0,1335.0,1150.0,1285.0,389928.0,495527230.0,8590096500.0,6684900,KOSDAQ,tradable_ohlcv
2005-05-02,1210.0,1360.0,1210.0,1300.0,278787.0,354394265.0,8764867800.0,6742206,KOSDAQ,tradable_ohlcv
2005-05-03,1310.0,1450.0,1290.0,1450.0,378749.0,512544215.0,9776198700.0,6742206,KOSDAQ,tradable_ohlcv
2005-05-04,1450.0,1645.0,1430.0,1540.0,648202.0,1012992070.0,10382997240.0,6742206,KOSDAQ,tradable_ohlcv
2005-05-06,1530.0,1555.0,1415.0,1510.0,249221.0,372002750.0,10180731060.0,6742206,KOSDAQ,tradable_ohlcv
2005-05-09,1500.0,1680.0,1470.0,1530.0,327027.0,518311445.0,10315575180.0,6742206,KOSDAQ,tradable_ohlcv
2005-05-10,1550.0,1590.0,1460.0,1480.0,217207.0,328932395.0,9978464880.0,6742206,KOSDAQ,tradable_ohlcv
2005-05-11,1400.0,1475.0,1375.0,1395.0,227742.0,318969335.0,9405377370.0,6742206,KOSDAQ,tradable_ohlcv
2005-05-12,1365.0,1445.0,1365.0,1425.0,104556.0,146886405.0,9607643550.0,6742206,KOSDAQ,tradable_ohlcv
2005-05-13,1490.0,1490.0,1385.0,1385.0,101507.0,142825590.0,9337955310.0,6742206,KOSDAQ,tradable_ohlcv
2005-05-16,1385.0,1540.0,1385.0,1495.0,273046.0,404221695.0,10079597970.0,6742206,KOSDAQ,tradable_ohlcv
2005-05-17,1580.0,1715.0,1530.0,1715.0,242340.0,407736205.0,11562883290.0,6742206,KOSDAQ,tradable_ohlcv
2005-05-18,1910.0,1950.0,1740.0,1870.0,976851.0,1798082480.0,12607925220.0,6742206,KOSDAQ,tradable_ohlcv
2005-05-19,1800.0,1830.0,1590.0,1590.0,521906.0,872504585.0,10720107540.0,6742206,KOSDAQ,tradable_ohlcv
2005-05-20,1640.0,1810.0,1540.0,1705.0,398796.0,668413195.0,11495461230.0,6742206,KOSDAQ,tradable_ohlcv
2005-05-23,1730.0,1750.0,1620.0,1650.0,261649.0,434009610.0,11124639900.0,6742206,KOSDAQ,tradable_ohlcv
2005-05-24,1635.0,1875.0,1635.0,1775.0,344570.0,613175070.0,11967415650.0,6742206,KOSDAQ,tradable_ohlcv
2005-05-25,1775.0,1870.0,1755.0,1755.0,114414.0,204774510.0,11832571530.0,6742206,KOSDAQ,tradable_ohlcv
2005-05-26,1730.0,1860.0,1635.0,1810.0,171817.0,303416095.0,12203392860.0,6742206,KOSDAQ,tradable_ohlcv
2005-05-27,1810.0,2080.0,1810.0,2080.0,689240.0,1412936880.0,14023788480.0,6742206,KOSDAQ,tradable_ohlcv
2005-05-30,2140.0,2170.0,1975.0,2015.0,433071.0,884707060.0,13585545090.0,6742206,KOSDAQ,tradable_ohlcv
2005-05-31,2015.0,2070.0,1880.0,1910.0,328532.0,640371170.0,12877613460.0,6742206,KOSDAQ,tradable_ohlcv
2005-06-01,1900.0,1990.0,1800.0,1910.0,161351.0,303778930.0,12877613460.0,6742206,KOSDAQ,tradable_ohlcv
2005-06-02,1920.0,2050.0,1900.0,1935.0,223227.0,438958520.0,13046168610.0,6742206,KOSDAQ,tradable_ohlcv
2005-06-03,1915.0,1980.0,1670.0,1850.0,393887.0,718560540.0,12473081100.0,6742206,KOSDAQ,tradable_ohlcv
2005-06-07,1820.0,1950.0,1820.0,1895.0,323831.0,612169250.0,12776480370.0,6742206,KOSDAQ,tradable_ohlcv
2005-06-08,1840.0,2060.0,1840.0,2020.0,326765.0,646476315.0,13619256120.0,6742206,KOSDAQ,tradable_ohlcv
2005-06-09,1970.0,2165.0,1950.0,1980.0,215206.0,429573580.0,13349567880.0,6742206,KOSDAQ,tradable_ohlcv
2005-06-10,1945.0,2070.0,1945.0,2030.0,339815.0,683098800.0,13686678180.0,6742206,KOSDAQ,tradable_ohlcv
2005-06-13,2015.0,2085.0,1900.0,1950.0,309812.0,615857470.0,13147301700.0,6742206,KOSDAQ,tradable_ohlcv
2005-06-14,1950.0,1980.0,1890.0,1930.0,195029.0,375769000.0,13012457580.0,6742206,KOSDAQ,tradable_ohlcv
2005-06-15,1900.0,1955.0,1850.0,1935.0,108871.0,207845095.0,13046168610.0,6742206,KOSDAQ,tradable_ohlcv
2005-06-16,1980.0,2225.0,1950.0,2200.0,800835.0,1731225030.0,14832853200.0,6742206,KOSDAQ,tradable_ohlcv
2005-06-17,2270.0,2270.0,2060.0,2100.0,235948.0,500181025.0,14158632600.0,6742206,KOSDAQ,tradable_ohlcv
2005-06-20,2150.0,2150.0,1990.0,2000.0,186476.0,385890685.0,13484412000.0,6742206,KOSDAQ,tradable_ohlcv
2005-06-21,2005.0,2125.0,1990.0,1995.0,134348.0,272569800.0,13450700970.0,6742206,KOSDAQ,tradable_ohlcv
2005-06-22,1985.0,2060.0,1910.0,2045.0,257246.0,517204430.0,13787811270.0,6742206,KOSDAQ,tradable_ohlcv
2005-06-23,2095.0,2130.0,2010.0,2055.0,130216.0,268905430.0,13855233330.0,6742206,KOSDAQ,tradable_ohlcv
2005-06-24,1940.0,2035.0,1935.0,1990.0,139501.0,274329605.0,13416989940.0,6742206,KOSDAQ,tradable_ohlcv
2005-06-27,1930.0,1980.0,1845.0,1890.0,218335.0,415305500.0,12742769340.0,6742206,KOSDAQ,tradable_ohlcv
2005-06-28,1940.0,1950.0,1890.0,1915.0,93767.0,179795645.0,12911324490.0,6742206,KOSDAQ,tradable_ohlcv
2005-06-29,1860.0,1940.0,1860.0,1905.0,85412.0,162327005.0,12843902430.0,6742206,KOSDAQ,tradable_ohlcv
2005-06-30,1860.0,2170.0,1845.0,2145.0,546496.0,1118120380.0,14462031870.0,6742206,KOSDAQ,tradable_ohlcv
2005-07-01,2145.0,2450.0,2105.0,2300.0,324321.0,750960545.0,15507073800.0,6742206,KOSDAQ,tradable_ohlcv
2005-07-04,2300.0,2645.0,2300.0,2645.0,877496.0,2291117315.0,17833134870.0,6742206,KOSDAQ,tradable_ohlcv
2005-07-05,3000.0,3040.0,2250.0,2500.0,2613999.0,7234100365.0,16855515000.0,6742206,KOSDAQ,tradable_ohlcv
2005-07-06,2560.0,2875.0,2480.0,2875.0,701258.0,1899138815.0,19383842250.0,6742206,KOSDAQ,tradable_ohlcv
2005-07-07,3190.0,3305.0,2915.0,3305.0,781068.0,2549210140.0,22282990830.0,6742206,KOSDAQ,tradable_ohlcv
2005-07-08,3290.0,3290.0,2810.0,2810.0,3135172.0,9340904340.0,18945598860.0,6742206,KOSDAQ,tradable_ohlcv
2005-07-11,2635.0,2855.0,2390.0,2460.0,1336874.0,3383148330.0,16585826760.0,6742206,KOSDAQ,tradable_ohlcv
2005-07-12,2520.0,2620.0,2450.0,2475.0,491969.0,1234202425.0,16686959850.0,6742206,KOSDAQ,tradable_ohlcv
2005-07-13,2435.0,2530.0,2270.0,2370.0,348249.0,831509405.0,15979028220.0,6742206,KOSDAQ,tradable_ohlcv
2005-07-14,2350.0,2670.0,2350.0,2485.0,463185.0,1170006665.0,16754381910.0,6742206,KOSDAQ,tradable_ohlcv
2005-07-15,2630.0,2690.0,2470.0,2500.0,303646.0,765385535.0,16855515000.0,6742206,KOSDAQ,tradable_ohlcv
2005-07-18,2550.0,2680.0,2530.0,2615.0,521901.0,1356398745.0,17630868690.0,6742206,KOSDAQ,tradable_ohlcv
2005-07-19,2560.0,2670.0,2400.0,2500.0,237021.0,613649710.0,16855515000.0,6742206,KOSDAQ,tradable_ohlcv
2005-07-20,2460.0,2515.0,2125.0,2125.0,547614.0,1253487570.0,14327187750.0,6742206,KOSDAQ,tradable_ohlcv
2005-07-21,2010.0,2150.0,1960.0,2010.0,632062.0,1273868950.0,13551834060.0,6742206,KOSDAQ,tradable_ohlcv
2005-07-22,1900.0,2055.0,1900.0,1980.0,406144.0,805167975.0,13349567880.0,6742206,KOSDAQ,tradable_ohlcv
2005-07-25,2000.0,2275.0,2000.0,2275.0,421649.0,927924220.0,15338518650.0,6742206,KOSDAQ,tradable_ohlcv
2005-07-26,2450.0,2615.0,2355.0,2615.0,397478.0,1024933320.0,17630868690.0,6742206,KOSDAQ,tradable_ohlcv
2005-07-27,2710.0,2900.0,2565.0,2740.0,641980.0,1741788165.0,18473644440.0,6742206,KOSDAQ,tradable_ohlcv
2005-07-28,2790.0,2905.0,2600.0,2785.0,377177.0,1040936590.0,18777043710.0,6742206,KOSDAQ,tradable_ohlcv
2005-07-29,2785.0,2950.0,2760.0,2865.0,497504.0,1425760700.0,19316420190.0,6742206,KOSDAQ,tradable_ohlcv
2005-08-01,2880.0,2985.0,2745.0,2870.0,329794.0,944432985.0,19350131220.0,6742206,KOSDAQ,tradable_ohlcv
2005-08-02,2920.0,2920.0,2620.0,2870.0,322101.0,902462600.0,19350131220.0,6742206,KOSDAQ,tradable_ohlcv
2005-08-03,2870.0,2870.0,2670.0,2690.0,212556.0,579686935.0,18136534140.0,6742206,KOSDAQ,tradable_ohlcv
2005-08-04,2660.0,2860.0,2660.0,2790.0,240048.0,671421885.0,18810754740.0,6742206,KOSDAQ,tradable_ohlcv
2005-08-05,2750.0,2815.0,2720.0,2785.0,151499.0,418636720.0,18777043710.0,6742206,KOSDAQ,tradable_ohlcv
2005-08-08,2660.0,2790.0,2660.0,2715.0,105396.0,283498870.0,18305089290.0,6742206,KOSDAQ,tradable_ohlcv
2005-08-09,2685.0,3120.0,2685.0,3120.0,535699.0,1636954150.0,21035682720.0,6742206,KOSDAQ,tradable_ohlcv
2005-08-10,3275.0,3550.0,3200.0,3280.0,647664.0,2187618615.0,22114435680.0,6742206,KOSDAQ,tradable_ohlcv
2005-08-11,3350.0,3490.0,3200.0,3315.0,436070.0,1457522750.0,22350412890.0,6742206,KOSDAQ,tradable_ohlcv
2005-08-12,3400.0,3400.0,3110.0,3200.0,237048.0,765747210.0,21575059200.0,6742206,KOSDAQ,tradable_ohlcv
2005-08-16,3190.0,3250.0,2980.0,3080.0,211591.0,648001615.0,20765994480.0,6742206,KOSDAQ,tradable_ohlcv
2005-08-17,3000.0,3180.0,2850.0,3180.0,177941.0,533290215.0,21440215080.0,6742206,KOSDAQ,tradable_ohlcv
2005-08-18,3170.0,3655.0,3160.0,3655.0,346967.0,1212832535.0,24642762930.0,6742206,KOSDAQ,tradable_ohlcv
2005-08-19,3900.0,4100.0,3730.0,3930.0,457291.0,1803728720.0,26496869580.0,6742206,KOSDAQ,tradable_ohlcv
2005-08-22,3850.0,4000.0,3560.0,3620.0,338307.0,1251075390.0,24406785720.0,6742206,KOSDAQ,tradable_ohlcv
2005-08-23,3660.0,4160.0,3660.0,4015.0,939498.0,3832843825.0,27069957090.0,6742206,KOSDAQ,tradable_ohlcv
2005-08-24,4015.0,4185.0,3850.0,4185.0,213622.0,855787855.0,28216132110.0,6742206,KOSDAQ,tradable_ohlcv
2005-08-25,4285.0,4700.0,4115.0,4305.0,345910.0,1498609655.0,29025196830.0,6742206,KOSDAQ,tradable_ohlcv
2005-08-26,4310.0,4390.0,3935.0,3970.0,321047.0,1341383400.0,26766557820.0,6742206,KOSDAQ,tradable_ohlcv
2005-08-29,3820.0,4040.0,3650.0,3830.0,261207.0,991352560.0,25822648980.0,6742206,KOSDAQ,tradable_ohlcv
2005-08-30,4290.0,4290.0,3315.0,3550.0,239636.0,894339600.0,23934831300.0,6742206,KOSDAQ,tradable_ohlcv
2005-08-31,3500.0,3700.0,3400.0,3440.0,255482.0,898225795.0,23193188640.0,6742206,KOSDAQ,tradable_ohlcv
2005-09-01,3540.0,3950.0,3440.0,3950.0,225520.0,833357360.0,26631713700.0,6742206,KOSDAQ,tradable_ohlcv
2005-09-02,3900.0,4150.0,3700.0,3730.0,179522.0,702506550.0,25148428380.0,6742206,KOSDAQ,tradable_ohlcv
2005-09-05,3760.0,3850.0,3670.0,3710.0,191943.0,718127170.0,25013584260.0,6742206,KOSDAQ,tradable_ohlcv
2005-09-06,3680.0,3950.0,3680.0,3900.0,302672.0,1159661820.0,26294603400.0,6742206,KOSDAQ,tradable_ohlcv
2005-09-07,3900.0,3960.0,3365.0,3565.0,329332.0,1200991830.0,24035964390.0,6742206,KOSDAQ,tradable_ohlcv
2005-09-08,3510.0,3810.0,3430.0,3700.0,343900.0,1252965635.0,24946162200.0,6742206,KOSDAQ,tradable_ohlcv
2005-09-09,3710.0,4100.0,3710.0,3890.0,528569.0,2089503420.0,26227181340.0,6742206,KOSDAQ,tradable_ohlcv
2005-09-12,3950.0,4395.0,3950.0,4150.0,708518.0,2977557980.0,27980154900.0,6742206,KOSDAQ,tradable_ohlcv
2005-09-13,4300.0,4490.0,4130.0,4295.0,322748.0,1362386650.0,28957774770.0,6742206,KOSDAQ,tradable_ohlcv
2005-09-14,4280.0,4300.0,4170.0,4205.0,250988.0,1061109405.0,28350976230.0,6742206,KOSDAQ,tradable_ohlcv
2005-09-15,4130.0,4835.0,4130.0,4835.0,636360.0,2923673815.0,32598566010.0,6742206,KOSDAQ,tradable_ohlcv
2005-09-16,5000.0,5460.0,4550.0,4730.0,919990.0,4639301865.0,31890634380.0,6742206,KOSDAQ,tradable_ohlcv
2005-09-20,4790.0,4825.0,4500.0,4500.0,214822.0,1002799700.0,30339927000.0,6742206,KOSDAQ,tradable_ohlcv
2005-09-21,4305.0,4760.0,4305.0,4400.0,306335.0,1350629475.0,29665706400.0,6742206,KOSDAQ,tradable_ohlcv
2005-09-22,4380.0,5040.0,4305.0,5000.0,308498.0,1477997020.0,33711030000.0,6742206,KOSDAQ,tradable_ohlcv
2005-09-23,5070.0,5120.0,4750.0,4870.0,205840.0,1006205460.0,32834543220.0,6742206,KOSDAQ,tradable_ohlcv
2005-09-26,4730.0,4930.0,4730.0,4850.0,153506.0,741942875.0,32699699100.0,6742206,KOSDAQ,tradable_ohlcv
2005-09-27,4895.0,5130.0,4770.0,4810.0,195034.0,969225975.0,32430010860.0,6742206,KOSDAQ,tradable_ohlcv
2005-09-28,4730.0,5000.0,4730.0,4850.0,123623.0,596745445.0,32699699100.0,6742206,KOSDAQ,tradable_ohlcv
2005-09-29,4830.0,5250.0,4830.0,5160.0,156290.0,775888055.0,34789782960.0,6742206,KOSDAQ,tradable_ohlcv
2005-09-30,5220.0,5920.0,5220.0,5920.0,218420.0,1241248400.0,39913859520.0,6742206,KOSDAQ,tradable_ohlcv
2005-10-04,6010.0,6500.0,6010.0,6200.0,310128.0,1960349550.0,41801677200.0,6742206,KOSDAQ,tradable_ohlcv
2005-10-05,6320.0,6320.0,5630.0,5880.0,333335.0,1938483460.0,39644171280.0,6742206,KOSDAQ,tradable_ohlcv
2005-10-06,5840.0,6180.0,5670.0,5900.0,188566.0,1103035800.0,39779015400.0,6742206,KOSDAQ,tradable_ohlcv
2005-10-07,5810.0,6090.0,5800.0,5800.0,100713.0,593288570.0,39104794800.0,6742206,KOSDAQ,tradable_ohlcv
2005-10-10,5380.0,5430.0,5050.0,5250.0,421395.0,2201222570.0,35396581500.0,6742206,KOSDAQ,tradable_ohlcv
2005-10-11,5390.0,5650.0,5200.0,5550.0,239296.0,1297892950.0,37419243300.0,6742206,KOSDAQ,tradable_ohlcv
2005-10-12,5830.0,5830.0,5310.0,5490.0,187414.0,1027219670.0,37014710940.0,6742206,KOSDAQ,tradable_ohlcv
2005-10-13,5400.0,5600.0,5340.0,5440.0,62838.0,339893960.0,36677600640.0,6742206,KOSDAQ,tradable_ohlcv
2005-10-14,5350.0,5870.0,5350.0,5840.0,239253.0,1372949010.0,39374483040.0,6742206,KOSDAQ,tradable_ohlcv
2005-10-17,5850.0,6660.0,5850.0,6430.0,244767.0,1563612870.0,43352384580.0,6742206,KOSDAQ,tradable_ohlcv
2005-10-18,6650.0,6890.0,6120.0,6300.0,193502.0,1274632160.0,42475897800.0,6742206,KOSDAQ,tradable_ohlcv
2005-10-19,6210.0,6800.0,6160.0,6350.0,179136.0,1141785410.0,42813008100.0,6742206,KOSDAQ,tradable_ohlcv
2005-10-20,6660.0,7200.0,6420.0,6850.0,215923.0,1474960270.0,46184111100.0,6742206,KOSDAQ,tradable_ohlcv
2005-10-21,6700.0,7240.0,6700.0,7050.0,163746.0,1153108330.0,47532552300.0,6742206,KOSDAQ,tradable_ohlcv
2005-10-24,7370.0,7370.0,6950.0,7120.0,123944.0,882696830.0,48004506720.0,6742206,KOSDAQ,tradable_ohlcv
2005-10-25,7160.0,7460.0,7050.0,7460.0,189867.0,1362668530.0,50296856760.0,6742206,KOSDAQ,tradable_ohlcv
2005-10-26,7570.0,8570.0,7560.0,8570.0,314842.0,2599468440.0,57780705420.0,6742206,KOSDAQ,tradable_ohlcv
2005-10-27,8500.0,9800.0,8500.0,8920.0,450227.0,4160618260.0,60140477520.0,6742206,KOSDAQ,tradable_ohlcv
2005-10-28,7810.0,8880.0,7810.0,8530.0,168958.0,1391241780.0,57511017180.0,6742206,KOSDAQ,tradable_ohlcv
2005-10-31,9480.0,9480.0,7560.0,7700.0,167549.0,1436811920.0,51914986200.0,6742206,KOSDAQ,tradable_ohlcv
2005-11-01,7600.0,8400.0,7600.0,8000.0,127366.0,1027035230.0,53937648000.0,6742206,KOSDAQ,tradable_ohlcv
2005-11-02,7760.0,9190.0,7750.0,9190.0,221553.0,1858288710.0,61960873140.0,6742206,KOSDAQ,tradable_ohlcv
2005-11-03,9700.0,10550.0,9500.0,10350.0,498173.0,5100162130.0,69781832100.0,6742206,KOSDAQ,tradable_ohlcv
2005-11-04,10350.0,11500.0,9650.0,11400.0,297184.0,3097223290.0,76861148400.0,6742206,KOSDAQ,tradable_ohlcv
2005-11-07,12000.0,12400.0,10900.0,11450.0,298437.0,3443179950.0,77198258700.0,6742206,KOSDAQ,tradable_ohlcv
2005-11-08,11100.0,11550.0,11000.0,11150.0,147754.0,1656541550.0,75175596900.0,6742206,KOSDAQ,tradable_ohlcv
2005-11-09,11100.0,11400.0,9910.0,10150.0,325830.0,3467518910.0,68433390900.0,6742206,KOSDAQ,tradable_ohlcv
2005-11-10,10050.0,10900.0,9910.0,10800.0,270652.0,2825106630.0,72815824800.0,6742206,KOSDAQ,tradable_ohlcv
2005-11-11,10650.0,10900.0,9990.0,10250.0,263959.0,2698060060.0,69107611500.0,6742206,KOSDAQ,tradable_ohlcv
2005-11-14,9990.0,10250.0,9600.0,9900.0,202800.0,2037655130.0,66747839400.0,6742206,KOSDAQ,tradable_ohlcv
2005-11-15,9650.0,10150.0,8750.0,9190.0,329323.0,3072405050.0,61960873140.0,6742206,KOSDAQ,tradable_ohlcv
2005-11-16,9050.0,9230.0,7820.0,8300.0,721764.0,5880512320.0,55960309800.0,6742206,KOSDAQ,tradable_ohlcv
2005-11-17,8300.0,9390.0,8080.0,8900.0,274013.0,2432883490.0,60005633400.0,6742206,KOSDAQ,tradable_ohlcv
2005-11-18,8900.0,9150.0,8530.0,8800.0,148770.0,1315445510.0,59331412800.0,6742206,KOSDAQ,tradable_ohlcv
2005-11-21,8700.0,9050.0,8250.0,8300.0,325056.0,2807818290.0,55960309800.0,6742206,KOSDAQ,tradable_ohlcv
2005-11-22,8050.0,8290.0,7500.0,7600.0,238221.0,1859880620.0,51240765600.0,6742206,KOSDAQ,tradable_ohlcv
2005-11-23,7620.0,8250.0,7610.0,7700.0,237800.0,1892875880.0,51914986200.0,6742206,KOSDAQ,tradable_ohlcv
2005-11-24,7800.0,8100.0,7430.0,7720.0,220343.0,1705975050.0,52049830320.0,6742206,KOSDAQ,tradable_ohlcv
2005-11-25,8000.0,8870.0,7800.0,8870.0,739916.0,6325979800.0,59803367220.0,6742206,KOSDAQ,tradable_ohlcv
2005-11-28,9230.0,9250.0,8120.0,8420.0,343528.0,2951672520.0,56769374520.0,6742206,KOSDAQ,tradable_ohlcv
2005-11-29,8400.0,9090.0,8150.0,8500.0,392527.0,3329255750.0,57308751000.0,6742206,KOSDAQ,tradable_ohlcv
2005-11-30,8600.0,9200.0,8440.0,9100.0,313796.0,2725159320.0,61354074600.0,6742206,KOSDAQ,tradable_ohlcv
2005-12-01,9150.0,10450.0,9150.0,10000.0,491740.0,4897468470.0,67422060000.0,6742206,KOSDAQ,tradable_ohlcv
2005-12-02,10200.0,10900.0,9950.0,10000.0,342206.0,3509722850.0,67422060000.0,6742206,KOSDAQ,tradable_ohlcv
2005-12-05,10200.0,10200.0,9300.0,9350.0,338799.0,3257847640.0,63039626100.0,6742206,KOSDAQ,tradable_ohlcv
2005-12-06,9300.0,9500.0,8540.0,9350.0,409666.0,3720307500.0,63039626100.0,6742206,KOSDAQ,tradable_ohlcv
2005-12-07,9000.0,9420.0,8800.0,9160.0,291392.0,2670543510.0,61758606960.0,6742206,KOSDAQ,tradable_ohlcv
2005-12-08,8900.0,9300.0,8570.0,8800.0,236500.0,2094570340.0,59331412800.0,6742206,KOSDAQ,tradable_ohlcv
2005-12-09,8610.0,8840.0,8200.0,8410.0,230410.0,1966250640.0,56701952460.0,6742206,KOSDAQ,tradable_ohlcv
2005-12-12,8350.0,8790.0,8330.0,8540.0,206126.0,1764802150.0,57578439240.0,6742206,KOSDAQ,tradable_ohlcv
2005-12-13,8410.0,8620.0,8100.0,8400.0,152530.0,1273492120.0,56634530400.0,6742206,KOSDAQ,tradable_ohlcv
2005-12-14,8200.0,8530.0,7750.0,7750.0,352017.0,2799081170.0,52252096500.0,6742206,KOSDAQ,tradable_ohlcv
2005-12-15,7650.0,7750.0,6800.0,7100.0,425700.0,3018406300.0,47869662600.0,6742206,KOSDAQ,tradable_ohlcv
2005-12-16,6900.0,6900.0,6040.0,6400.0,360031.0,2311360200.0,43150118400.0,6742206,KOSDAQ,tradable_ohlcv
2005-12-19,5800.0,6400.0,5710.0,6100.0,519161.0,3123386470.0,61691184900.0,10113309,KOSDAQ,tradable_ohlcv
2005-12-20,6100.0,7010.0,6000.0,7010.0,582789.0,4022266870.0,70894296090.0,10113309,KOSDAQ,tradable_ohlcv
2005-12-21,7450.0,8060.0,7230.0,7700.0,1233999.0,9587037670.0,77872479300.0,10113309,KOSDAQ,tradable_ohlcv
2005-12-22,7800.0,7990.0,6550.0,6550.0,605563.0,4171922970.0,66242173950.0,10113309,KOSDAQ,tradable_ohlcv
2005-12-23,5570.0,6100.0,5570.0,5570.0,1292966.0,7214298910.0,56331131130.0,10113309,KOSDAQ,tradable_ohlcv
2005-12-26,5220.0,5850.0,5210.0,5450.0,454062.0,2502773370.0,55117534050.0,10113309,KOSDAQ,tradable_ohlcv
2005-12-27,5500.0,5550.0,4920.0,4920.0,465550.0,2389999685.0,49757480280.0,10113309,KOSDAQ,tradable_ohlcv
2005-12-28,4840.0,5650.0,4540.0,5650.0,773229.0,3931585925.0,57140195850.0,10113309,KOSDAQ,tradable_ohlcv
2005-12-29,6300.0,6490.0,5800.0,6490.0,1013024.0,6422363120.0,65635375410.0,10113309,KOSDAQ,tradable_ohlcv
