d,o,h,l,c,v,a,mc,s,m,rs
2001-01-02,2940.0,3150.0,2940.0,3070.0,95090.0,286842200.0,31912650000.0,10395000,KOSPI,tradable_ohlcv
2001-01-03,3010.0,3130.0,2910.0,3100.0,109430.0,330691050.0,32224500000.0,10395000,KOSPI,tradable_ohlcv
2001-01-04,3350.0,3350.0,3170.0,3220.0,203890.0,658843450.0,33471900000.0,10395000,KOSPI,tradable_ohlcv
2001-01-05,3250.0,3250.0,3010.0,3080.0,166630.0,518451900.0,32016600000.0,10395000,KOSPI,tradable_ohlcv
2001-01-08,3120.0,3400.0,3060.0,3300.0,311210.0,1015784000.0,34303500000.0,10395000,KOSPI,tradable_ohlcv
2001-01-09,3795.0,3795.0,3660.0,3795.0,289930.0,1092655000.0,39449025000.0,10395000,KOSPI,tradable_ohlcv
2001-01-10,3970.0,3970.0,3305.0,3400.0,1190010.0,4489316300.0,35343000000.0,10395000,KOSPI,tradable_ohlcv
2001-01-11,3500.0,3550.0,3300.0,3450.0,312360.0,1064832300.0,35862750000.0,10395000,KOSPI,tradable_ohlcv
2001-01-12,3470.0,3600.0,3460.0,3470.0,502840.0,1772559000.0,36070650000.0,10395000,KOSPI,tradable_ohlcv
2001-01-15,3610.0,3935.0,3600.0,3740.0,983530.0,3672698800.0,38877300000.0,10395000,KOSPI,tradable_ohlcv
2001-01-16,3620.0,3720.0,3525.0,3570.0,375490.0,1351096100.0,37110150000.0,10395000,KOSPI,tradable_ohlcv
2001-01-17,3510.0,3670.0,3410.0,3600.0,363980.0,1300297750.0,37422000000.0,10395000,KOSPI,tradable_ohlcv
2001-01-18,3430.0,3640.0,3430.0,3450.0,212490.0,752103000.0,35862750000.0,10395000,KOSPI,tradable_ohlcv
2001-01-19,3460.0,3545.0,3430.0,3495.0,139400.0,486060900.0,36330525000.0,10395000,KOSPI,tradable_ohlcv
2001-01-22,3550.0,3570.0,3450.0,3560.0,258340.0,908523800.0,37006200000.0,10395000,KOSPI,tradable_ohlcv
2001-01-26,3550.0,3600.0,3415.0,3420.0,204150.0,709966200.0,35550900000.0,10395000,KOSPI,tradable_ohlcv
2001-01-29,3420.0,3455.0,3370.0,3400.0,246340.0,839181800.0,35343000000.0,10395000,KOSPI,tradable_ohlcv
2001-01-30,3420.0,3540.0,3410.0,3490.0,334990.0,1164502950.0,36278550000.0,10395000,KOSPI,tradable_ohlcv
2001-01-31,3510.0,3540.0,3420.0,3460.0,269670.0,929804200.0,35966700000.0,10395000,KOSPI,tradable_ohlcv
2001-02-01,3520.0,3840.0,3460.0,3560.0,924370.0,3364348050.0,37006200000.0,10395000,KOSPI,tradable_ohlcv
2001-02-02,3680.0,3730.0,3550.0,3550.0,493740.0,1801141000.0,36902250000.0,10395000,KOSPI,tradable_ohlcv
2001-02-05,3640.0,3640.0,3280.0,3350.0,290310.0,1004159250.0,34823250000.0,10395000,KOSPI,tradable_ohlcv
2001-02-06,3350.0,3450.0,3310.0,3330.0,194760.0,650723900.0,34615350000.0,10395000,KOSPI,tradable_ohlcv
2001-02-07,3300.0,3615.0,3300.0,3305.0,501660.0,1725318400.0,34355475000.0,10395000,KOSPI,tradable_ohlcv
2001-02-08,3310.0,3355.0,3270.0,3330.0,250220.0,826333550.0,34615350000.0,10395000,KOSPI,tradable_ohlcv
2001-02-09,3330.0,3335.0,3280.0,3290.0,207010.0,684258250.0,34199550000.0,10395000,KOSPI,tradable_ohlcv
2001-02-12,3250.0,3315.0,3250.0,3280.0,135830.0,446072900.0,34095600000.0,10395000,KOSPI,tradable_ohlcv
2001-02-13,3340.0,3350.0,3285.0,3285.0,179300.0,592263900.0,34147575000.0,10395000,KOSPI,tradable_ohlcv
2001-02-14,3290.0,3330.0,3275.0,3300.0,201680.0,664630550.0,34303500000.0,10395000,KOSPI,tradable_ohlcv
2001-02-15,3335.0,3350.0,3300.0,3305.0,226450.0,750755750.0,34355475000.0,10395000,KOSPI,tradable_ohlcv
2001-02-16,3340.0,3340.0,3250.0,3265.0,189590.0,620567300.0,33939675000.0,10395000,KOSPI,tradable_ohlcv
2001-02-19,3245.0,3250.0,3165.0,3190.0,181830.0,579893700.0,33160050000.0,10395000,KOSPI,tradable_ohlcv
2001-02-20,3240.0,3265.0,3210.0,3245.0,174240.0,564078950.0,33731775000.0,10395000,KOSPI,tradable_ohlcv
2001-02-21,3245.0,3245.0,3180.0,3195.0,193550.0,619835700.0,33212025000.0,10395000,KOSPI,tradable_ohlcv
2001-02-22,3185.0,3195.0,3090.0,3120.0,122660.0,384301150.0,32432400000.0,10395000,KOSPI,tradable_ohlcv
2001-02-23,3120.0,3200.0,3120.0,3135.0,169330.0,535980400.0,32588325000.0,10395000,KOSPI,tradable_ohlcv
2001-02-26,3135.0,3350.0,3135.0,3300.0,434840.0,1426319700.0,34303500000.0,10395000,KOSPI,tradable_ohlcv
2001-02-27,3300.0,3355.0,3220.0,3220.0,364750.0,1202545150.0,33471900000.0,10395000,KOSPI,tradable_ohlcv
2001-02-28,3190.0,3220.0,3140.0,3170.0,134080.0,425434350.0,32952150000.0,10395000,KOSPI,tradable_ohlcv
2001-03-02,3110.0,3165.0,3080.0,3130.0,246350.0,765030200.0,32536350000.0,10395000,KOSPI,tradable_ohlcv
2001-03-05,3130.0,3250.0,3120.0,3140.0,134260.0,425247600.0,32640300000.0,10395000,KOSPI,tradable_ohlcv
2001-03-06,3130.0,3170.0,3110.0,3120.0,78710.0,246014800.0,32432400000.0,10395000,KOSPI,tradable_ohlcv
2001-03-07,3130.0,3170.0,3110.0,3120.0,71660.0,224487400.0,32432400000.0,10395000,KOSPI,tradable_ohlcv
2001-03-08,3150.0,3250.0,3125.0,3190.0,166520.0,528955950.0,33160050000.0,10395000,KOSPI,tradable_ohlcv
2001-03-09,3160.0,3230.0,3150.0,3210.0,63540.0,202580000.0,33367950000.0,10395000,KOSPI,tradable_ohlcv
2001-03-12,3115.0,3180.0,3050.0,3060.0,94310.0,293078150.0,31808700000.0,10395000,KOSPI,tradable_ohlcv
2001-03-13,2920.0,2970.0,2880.0,2910.0,85000.0,249160650.0,30249450000.0,10395000,KOSPI,tradable_ohlcv
2001-03-14,3040.0,3040.0,2950.0,2975.0,77760.0,231700350.0,30925125000.0,10395000,KOSPI,tradable_ohlcv
2001-03-15,2810.0,2990.0,2810.0,2990.0,87800.0,252647550.0,31081050000.0,10395000,KOSPI,tradable_ohlcv
2001-03-16,2960.0,2975.0,2910.0,2940.0,71340.0,209888650.0,30561300000.0,10395000,KOSPI,tradable_ohlcv
2001-03-19,2860.0,2970.0,2850.0,2910.0,50810.0,147812150.0,30249450000.0,10395000,KOSPI,tradable_ohlcv
2001-03-20,2990.0,3010.0,2945.0,2960.0,99740.0,297036350.0,30769200000.0,10395000,KOSPI,tradable_ohlcv
2001-03-21,2900.0,2950.0,2890.0,2930.0,36980.0,107925850.0,30457350000.0,10395000,KOSPI,tradable_ohlcv
2001-03-22,2910.0,2950.0,2860.0,2860.0,86850.0,252064150.0,29729700000.0,10395000,KOSPI,tradable_ohlcv
2001-03-23,2900.0,2935.0,2865.0,2910.0,55880.0,161837200.0,30249450000.0,10395000,KOSPI,tradable_ohlcv
2001-03-26,2940.0,2990.0,2925.0,2980.0,55140.0,163032650.0,30977100000.0,10395000,KOSPI,tradable_ohlcv
2001-03-27,2950.0,2970.0,2930.0,2930.0,27680.0,81363750.0,30457350000.0,10395000,KOSPI,tradable_ohlcv
2001-03-28,2950.0,2985.0,2860.0,2885.0,87690.0,255669850.0,29989575000.0,10395000,KOSPI,tradable_ohlcv
2001-03-29,2855.0,2885.0,2835.0,2850.0,45720.0,130541600.0,29625750000.0,10395000,KOSPI,tradable_ohlcv
2001-03-30,2855.0,2920.0,2760.0,2820.0,101830.0,288046250.0,29313900000.0,10395000,KOSPI,tradable_ohlcv
2001-04-02,2780.0,2795.0,2710.0,2710.0,85290.0,234266550.0,28170450000.0,10395000,KOSPI,tradable_ohlcv
2001-04-03,2710.0,2710.0,2570.0,2590.0,91830.0,239295500.0,26923050000.0,10395000,KOSPI,tradable_ohlcv
2001-04-04,2510.0,2565.0,2505.0,2510.0,80960.0,204584750.0,26091450000.0,10395000,KOSPI,tradable_ohlcv
2001-04-06,2635.0,2635.0,2550.0,2560.0,80170.0,207001650.0,26611200000.0,10395000,KOSPI,tradable_ohlcv
2001-04-09,2515.0,2555.0,2500.0,2550.0,37080.0,93577250.0,26507250000.0,10395000,KOSPI,tradable_ohlcv
2001-04-10,2585.0,2585.0,2500.0,2535.0,46070.0,116668000.0,26351325000.0,10395000,KOSPI,tradable_ohlcv
2001-04-11,2600.0,2600.0,2535.0,2550.0,69130.0,176314650.0,26507250000.0,10395000,KOSPI,tradable_ohlcv
2001-04-12,2590.0,2600.0,2560.0,2580.0,52020.0,134325850.0,26819100000.0,10395000,KOSPI,tradable_ohlcv
2001-04-13,2610.0,2670.0,2600.0,2630.0,106080.0,279278550.0,27338850000.0,10395000,KOSPI,tradable_ohlcv
2001-04-16,2650.0,2710.0,2620.0,2630.0,56610.0,150911200.0,27338850000.0,10395000,KOSPI,tradable_ohlcv
2001-04-17,2620.0,2655.0,2610.0,2635.0,42260.0,111482000.0,27390825000.0,10395000,KOSPI,tradable_ohlcv
2001-04-18,2640.0,2710.0,2640.0,2710.0,101420.0,272465500.0,28170450000.0,10395000,KOSPI,tradable_ohlcv
2001-04-19,2800.0,2895.0,2750.0,2765.0,204360.0,573659200.0,28742175000.0,10395000,KOSPI,tradable_ohlcv
2001-04-20,2800.0,2825.0,2710.0,2740.0,73250.0,200128650.0,28482300000.0,10395000,KOSPI,tradable_ohlcv
2001-04-23,2765.0,2815.0,2720.0,2760.0,73840.0,203454950.0,28690200000.0,10395000,KOSPI,tradable_ohlcv
2001-04-24,2770.0,2770.0,2650.0,2700.0,78370.0,210774550.0,28066500000.0,10395000,KOSPI,tradable_ohlcv
2001-04-25,2620.0,2710.0,2620.0,2670.0,37660.0,100585900.0,27754650000.0,10395000,KOSPI,tradable_ohlcv
2001-04-26,2700.0,2715.0,2655.0,2665.0,37990.0,101638250.0,27702675000.0,10395000,KOSPI,tradable_ohlcv
2001-04-27,2630.0,2695.0,2630.0,2680.0,28820.0,76914550.0,27858600000.0,10395000,KOSPI,tradable_ohlcv
2001-04-30,2700.0,2740.0,2680.0,2715.0,44220.0,119747100.0,28222425000.0,10395000,KOSPI,tradable_ohlcv
2001-05-02,2745.0,2750.0,2700.0,2715.0,121770.0,330126600.0,28222425000.0,10395000,KOSPI,tradable_ohlcv
2001-05-03,2715.0,2720.0,2670.0,2680.0,49550.0,133255750.0,27858600000.0,10395000,KOSPI,tradable_ohlcv
2001-05-04,2680.0,2680.0,2650.0,2655.0,55090.0,146440550.0,27598725000.0,10395000,KOSPI,tradable_ohlcv
2001-05-07,2690.0,2750.0,2660.0,2720.0,108560.0,292116300.0,28274400000.0,10395000,KOSPI,tradable_ohlcv
2001-05-08,2710.0,2790.0,2710.0,2750.0,79020.0,217429400.0,28586250000.0,10395000,KOSPI,tradable_ohlcv
2001-05-09,2770.0,2770.0,2705.0,2710.0,50690.0,138127200.0,28170450000.0,10395000,KOSPI,tradable_ohlcv
2001-05-10,2740.0,2740.0,2680.0,2710.0,56310.0,152343450.0,28170450000.0,10395000,KOSPI,tradable_ohlcv
2001-05-11,2710.0,2735.0,2695.0,2715.0,86990.0,236358100.0,28222425000.0,10395000,KOSPI,tradable_ohlcv
2001-05-14,2730.0,2825.0,2710.0,2825.0,174210.0,481652650.0,29365875000.0,10395000,KOSPI,tradable_ohlcv
2001-05-15,2780.0,2855.0,2780.0,2825.0,95240.0,267752050.0,29365875000.0,10395000,KOSPI,tradable_ohlcv
2001-05-16,2810.0,2850.0,2790.0,2815.0,135860.0,382528050.0,29261925000.0,10395000,KOSPI,tradable_ohlcv
2001-05-17,2840.0,2870.0,2810.0,2870.0,86470.0,245375250.0,29833650000.0,10395000,KOSPI,tradable_ohlcv
2001-05-18,2850.0,2850.0,2750.0,2760.0,100770.0,279430000.0,28690200000.0,10395000,KOSPI,tradable_ohlcv
2001-05-21,2760.0,2845.0,2760.0,2830.0,285400.0,802217550.0,29417850000.0,10395000,KOSPI,tradable_ohlcv
2001-05-22,2900.0,2950.0,2880.0,2890.0,430040.0,1252028200.0,30041550000.0,10395000,KOSPI,tradable_ohlcv
2001-05-23,2915.0,3200.0,2915.0,3120.0,786900.0,2434254250.0,32432400000.0,10395000,KOSPI,tradable_ohlcv
2001-05-24,3100.0,3100.0,3015.0,3060.0,220970.0,674883700.0,31808700000.0,10395000,KOSPI,tradable_ohlcv
2001-05-25,3250.0,3250.0,3120.0,3135.0,283790.0,896830950.0,32588325000.0,10395000,KOSPI,tradable_ohlcv
2001-05-28,3135.0,3135.0,3015.0,3020.0,194670.0,594332750.0,31392900000.0,10395000,KOSPI,tradable_ohlcv
2001-05-29,3005.0,3050.0,2980.0,3000.0,195310.0,587729750.0,31185000000.0,10395000,KOSPI,tradable_ohlcv
2001-05-30,3000.0,3010.0,2945.0,3000.0,111300.0,330864250.0,31185000000.0,10395000,KOSPI,tradable_ohlcv
2001-05-31,2900.0,3010.0,2880.0,3000.0,203470.0,602085850.0,31185000000.0,10395000,KOSPI,tradable_ohlcv
2001-06-01,3000.0,3010.0,2915.0,2935.0,94050.0,278198350.0,30509325000.0,10395000,KOSPI,tradable_ohlcv
2001-06-04,2910.0,3040.0,2910.0,3000.0,126270.0,378374200.0,31185000000.0,10395000,KOSPI,tradable_ohlcv
2001-06-05,3040.0,3050.0,2930.0,2950.0,78170.0,232903200.0,30665250000.0,10395000,KOSPI,tradable_ohlcv
2001-06-07,2980.0,2990.0,2925.0,2990.0,52570.0,155484400.0,31081050000.0,10395000,KOSPI,tradable_ohlcv
2001-06-08,2995.0,3035.0,2970.0,3010.0,125520.0,376917950.0,31288950000.0,10395000,KOSPI,tradable_ohlcv
2001-06-11,3010.0,3010.0,2940.0,2970.0,54890.0,163017400.0,30873150000.0,10395000,KOSPI,tradable_ohlcv
2001-06-12,3010.0,3180.0,3000.0,3125.0,385220.0,1196136550.0,32484375000.0,10395000,KOSPI,tradable_ohlcv
2001-06-13,3180.0,3180.0,3100.0,3170.0,328930.0,1032556900.0,32952150000.0,10395000,KOSPI,tradable_ohlcv
2001-06-14,3140.0,3185.0,3065.0,3150.0,175170.0,549031650.0,32744250000.0,10395000,KOSPI,tradable_ohlcv
2001-06-15,3100.0,3140.0,3055.0,3105.0,112940.0,349321950.0,32276475000.0,10395000,KOSPI,tradable_ohlcv
2001-06-18,3105.0,3120.0,3065.0,3080.0,84780.0,261248350.0,32016600000.0,10395000,KOSPI,tradable_ohlcv
2001-06-19,3055.0,3110.0,3045.0,3045.0,99720.0,306632200.0,31652775000.0,10395000,KOSPI,tradable_ohlcv
2001-06-20,3050.0,3080.0,2915.0,2930.0,171360.0,509940900.0,30457350000.0,10395000,KOSPI,tradable_ohlcv
2001-06-21,2940.0,2950.0,2870.0,2910.0,58990.0,171648250.0,30249450000.0,10395000,KOSPI,tradable_ohlcv
2001-06-22,2920.0,3000.0,2920.0,2950.0,91210.0,270435150.0,30665250000.0,10395000,KOSPI,tradable_ohlcv
2001-06-25,2960.0,2980.0,2900.0,2905.0,46000.0,134410050.0,30197475000.0,10395000,KOSPI,tradable_ohlcv
2001-06-26,2905.0,2905.0,2830.0,2830.0,88650.0,252710800.0,29417850000.0,10395000,KOSPI,tradable_ohlcv
2001-06-27,2800.0,2830.0,2725.0,2725.0,59840.0,164749250.0,28326375000.0,10395000,KOSPI,tradable_ohlcv
2001-06-28,2710.0,2750.0,2705.0,2710.0,69270.0,188637500.0,28170450000.0,10395000,KOSPI,tradable_ohlcv
2001-06-29,2735.0,2800.0,2730.0,2785.0,53640.0,148064300.0,28950075000.0,10395000,KOSPI,tradable_ohlcv
2001-07-02,2795.0,2820.0,2790.0,2800.0,27930.0,78360550.0,29106000000.0,10395000,KOSPI,tradable_ohlcv
2001-07-03,2790.0,2850.0,2790.0,2790.0,29630.0,82975950.0,29002050000.0,10395000,KOSPI,tradable_ohlcv
2001-07-04,2755.0,2800.0,2740.0,2800.0,21240.0,58879450.0,29106000000.0,10395000,KOSPI,tradable_ohlcv
2001-07-05,2830.0,2830.0,2750.0,2760.0,19340.0,53512800.0,28690200000.0,10395000,KOSPI,tradable_ohlcv
2001-07-06,2740.0,2790.0,2675.0,2675.0,45560.0,122841100.0,27806625000.0,10395000,KOSPI,tradable_ohlcv
2001-07-09,2600.0,2660.0,2560.0,2580.0,48300.0,125113000.0,26819100000.0,10395000,KOSPI,tradable_ohlcv
2001-07-10,2610.0,2610.0,2570.0,2580.0,23180.0,59955950.0,26819100000.0,10395000,KOSPI,tradable_ohlcv
2001-07-11,2520.0,2580.0,2510.0,2560.0,38740.0,98014750.0,26611200000.0,10395000,KOSPI,tradable_ohlcv
2001-07-12,2600.0,2620.0,2570.0,2590.0,68000.0,176676700.0,26923050000.0,10395000,KOSPI,tradable_ohlcv
2001-07-13,2630.0,2660.0,2500.0,2500.0,77470.0,198560450.0,25987500000.0,10395000,KOSPI,tradable_ohlcv
2001-07-16,2500.0,2560.0,2460.0,2500.0,29270.0,73081950.0,25987500000.0,10395000,KOSPI,tradable_ohlcv
2001-07-18,2535.0,2535.0,2450.0,2460.0,20400.0,50464400.0,25571700000.0,10395000,KOSPI,tradable_ohlcv
2001-07-19,2405.0,2420.0,2315.0,2340.0,58240.0,137880250.0,24324300000.0,10395000,KOSPI,tradable_ohlcv
2001-07-20,2335.0,2340.0,2210.0,2220.0,115740.0,260307800.0,23076900000.0,10395000,KOSPI,tradable_ohlcv
2001-07-23,2220.0,2220.0,2080.0,2080.0,131360.0,277937450.0,21621600000.0,10395000,KOSPI,tradable_ohlcv
2001-07-24,2080.0,2125.0,1980.0,2125.0,122630.0,248500150.0,22089375000.0,10395000,KOSPI,tradable_ohlcv
2001-07-25,2020.0,2195.0,2020.0,2150.0,203610.0,428734000.0,22349250000.0,10395000,KOSPI,tradable_ohlcv
2001-07-26,2180.0,2220.0,2145.0,2150.0,90540.0,197683550.0,22349250000.0,10395000,KOSPI,tradable_ohlcv
2001-07-27,2200.0,2280.0,2175.0,2210.0,137310.0,302669300.0,22972950000.0,10395000,KOSPI,tradable_ohlcv
2001-07-30,2180.0,2210.0,2150.0,2150.0,51700.0,112618150.0,22349250000.0,10395000,KOSPI,tradable_ohlcv
2001-07-31,2150.0,2220.0,2140.0,2195.0,141750.0,308490800.0,22817025000.0,10395000,KOSPI,tradable_ohlcv
2001-08-01,2205.0,2255.0,2170.0,2240.0,142100.0,317187800.0,23284800000.0,10395000,KOSPI,tradable_ohlcv
2001-08-02,2250.0,2350.0,2240.0,2260.0,173630.0,396132550.0,23492700000.0,10395000,KOSPI,tradable_ohlcv
2001-08-03,2295.0,2330.0,2220.0,2230.0,71890.0,161421850.0,23180850000.0,10395000,KOSPI,tradable_ohlcv
2001-08-06,2200.0,2245.0,2195.0,2210.0,88640.0,195744450.0,22972950000.0,10395000,KOSPI,tradable_ohlcv
2001-08-07,2180.0,2185.0,2140.0,2165.0,110970.0,239357050.0,22505175000.0,10395000,KOSPI,tradable_ohlcv
2001-08-08,2165.0,2180.0,2155.0,2175.0,86790.0,188040450.0,22609125000.0,10395000,KOSPI,tradable_ohlcv
2001-08-09,2150.0,2170.0,2120.0,2120.0,67770.0,144846550.0,22037400000.0,10395000,KOSPI,tradable_ohlcv
2001-08-10,2120.0,2160.0,2060.0,2100.0,136150.0,286763650.0,21829500000.0,10395000,KOSPI,tradable_ohlcv
2001-08-13,2110.0,2150.0,2100.0,2140.0,113040.0,240344350.0,22245300000.0,10395000,KOSPI,tradable_ohlcv
2001-08-14,2160.0,2190.0,2145.0,2180.0,128660.0,278925000.0,22661100000.0,10395000,KOSPI,tradable_ohlcv
2001-08-16,2200.0,2250.0,2180.0,2250.0,196890.0,436540950.0,23388750000.0,10395000,KOSPI,tradable_ohlcv
2001-08-17,2250.0,2265.0,2205.0,2230.0,122930.0,274467450.0,23180850000.0,10395000,KOSPI,tradable_ohlcv
2001-08-20,2180.0,2190.0,2130.0,2155.0,79610.0,171914200.0,22401225000.0,10395000,KOSPI,tradable_ohlcv
2001-08-21,2180.0,2320.0,2160.0,2300.0,213690.0,476725600.0,23908500000.0,10395000,KOSPI,tradable_ohlcv
2001-08-22,2300.0,2310.0,2230.0,2260.0,191930.0,434935750.0,23492700000.0,10395000,KOSPI,tradable_ohlcv
2001-08-23,2300.0,2380.0,2275.0,2290.0,363040.0,844533900.0,23804550000.0,10395000,KOSPI,tradable_ohlcv
2001-08-24,2320.0,2320.0,2240.0,2280.0,102980.0,233058300.0,23700600000.0,10395000,KOSPI,tradable_ohlcv
2001-08-27,2280.0,2310.0,2255.0,2255.0,124530.0,283873350.0,23440725000.0,10395000,KOSPI,tradable_ohlcv
2001-08-28,2250.0,2260.0,2170.0,2210.0,129990.0,287120600.0,22972950000.0,10395000,KOSPI,tradable_ohlcv
2001-08-29,2210.0,2235.0,2155.0,2235.0,127000.0,279092800.0,23232825000.0,10395000,KOSPI,tradable_ohlcv
2001-08-30,2130.0,2225.0,2130.0,2135.0,117510.0,253962950.0,22193325000.0,10395000,KOSPI,tradable_ohlcv
2001-08-31,2105.0,2140.0,2010.0,2030.0,165470.0,335446700.0,21101850000.0,10395000,KOSPI,tradable_ohlcv
2001-09-03,2030.0,2070.0,1950.0,1960.0,90370.0,179352200.0,20374200000.0,10395000,KOSPI,tradable_ohlcv
2001-09-04,1970.0,1970.0,1910.0,1965.0,130860.0,253516250.0,20426175000.0,10395000,KOSPI,tradable_ohlcv
2001-09-05,1920.0,1945.0,1905.0,1920.0,119330.0,229155950.0,19958400000.0,10395000,KOSPI,tradable_ohlcv
2001-09-06,1900.0,1960.0,1900.0,1940.0,83520.0,161657500.0,20166300000.0,10395000,KOSPI,tradable_ohlcv
2001-09-07,1930.0,2000.0,1905.0,1960.0,127480.0,250791850.0,20374200000.0,10395000,KOSPI,tradable_ohlcv
2001-09-10,1960.0,1985.0,1940.0,1950.0,41080.0,80284150.0,20270250000.0,10395000,KOSPI,tradable_ohlcv
2001-09-11,1950.0,1980.0,1930.0,1935.0,43100.0,83829250.0,20114325000.0,10395000,KOSPI,tradable_ohlcv
2001-09-12,1645.0,1690.0,1645.0,1645.0,210770.0,347415750.0,17099775000.0,10395000,KOSPI,tradable_ohlcv
2001-09-13,1640.0,1685.0,1625.0,1670.0,85060.0,140929550.0,17359650000.0,10395000,KOSPI,tradable_ohlcv
2001-09-14,1655.0,1660.0,1420.0,1450.0,574190.0,827691450.0,15072750000.0,10395000,KOSPI,tradable_ohlcv
2001-09-17,1415.0,1415.0,1235.0,1250.0,114290.0,148378650.0,12993750000.0,10395000,KOSPI,tradable_ohlcv
2001-09-18,1300.0,1375.0,1300.0,1350.0,74880.0,99126450.0,14033250000.0,10395000,KOSPI,tradable_ohlcv
2001-09-19,1350.0,1450.0,1350.0,1430.0,88620.0,123839100.0,14864850000.0,10395000,KOSPI,tradable_ohlcv
2001-09-20,1400.0,1430.0,1330.0,1350.0,36300.0,49246700.0,14033250000.0,10395000,KOSPI,tradable_ohlcv
2001-09-21,1300.0,1325.0,1265.0,1320.0,35100.0,45734750.0,13721400000.0,10395000,KOSPI,tradable_ohlcv
2001-09-24,1300.0,1355.0,1300.0,1350.0,66680.0,89336400.0,14033250000.0,10395000,KOSPI,tradable_ohlcv
2001-09-25,1410.0,1430.0,1340.0,1340.0,63830.0,88632400.0,13929300000.0,10395000,KOSPI,tradable_ohlcv
2001-09-26,1345.0,1360.0,1315.0,1350.0,27700.0,37315150.0,14033250000.0,10395000,KOSPI,tradable_ohlcv
2001-09-27,1320.0,1375.0,1320.0,1370.0,31330.0,42351950.0,14241150000.0,10395000,KOSPI,tradable_ohlcv
2001-09-28,1360.0,1430.0,1360.0,1420.0,49730.0,69782600.0,14760900000.0,10395000,KOSPI,tradable_ohlcv
2001-10-04,1500.0,1540.0,1470.0,1525.0,86380.0,130553500.0,15852375000.0,10395000,KOSPI,tradable_ohlcv
2001-10-05,1530.0,1530.0,1480.0,1520.0,49270.0,74346150.0,15800400000.0,10395000,KOSPI,tradable_ohlcv
2001-10-08,1490.0,1525.0,1470.0,1525.0,48020.0,72613050.0,15852375000.0,10395000,KOSPI,tradable_ohlcv
2001-10-09,1520.0,1655.0,1520.0,1580.0,65350.0,103471950.0,16424100000.0,10395000,KOSPI,tradable_ohlcv
2001-10-10,1520.0,1575.0,1520.0,1550.0,34170.0,52714900.0,16112250000.0,10395000,KOSPI,tradable_ohlcv
2001-10-11,1610.0,1640.0,1565.0,1590.0,68340.0,109867950.0,16528050000.0,10395000,KOSPI,tradable_ohlcv
2001-10-12,1650.0,1695.0,1535.0,1560.0,78290.0,126042700.0,16216200000.0,10395000,KOSPI,tradable_ohlcv
2001-10-15,1570.0,1620.0,1560.0,1615.0,63590.0,101528250.0,16787925000.0,10395000,KOSPI,tradable_ohlcv
2001-10-16,1650.0,1665.0,1615.0,1620.0,41980.0,68746000.0,16839900000.0,10395000,KOSPI,tradable_ohlcv
2001-10-17,1660.0,1665.0,1620.0,1650.0,51070.0,83796100.0,17151750000.0,10395000,KOSPI,tradable_ohlcv
2001-10-18,1605.0,1660.0,1605.0,1640.0,43390.0,71102850.0,17047800000.0,10395000,KOSPI,tradable_ohlcv
2001-10-19,1660.0,1660.0,1625.0,1625.0,22930.0,37626250.0,16891875000.0,10395000,KOSPI,tradable_ohlcv
2001-10-22,1660.0,1785.0,1645.0,1765.0,81600.0,139989150.0,18347175000.0,10395000,KOSPI,tradable_ohlcv
2001-10-23,1790.0,2000.0,1770.0,1855.0,856690.0,1633202700.0,19282725000.0,10395000,KOSPI,tradable_ohlcv
2001-10-24,1830.0,1890.0,1775.0,1795.0,206980.0,377945500.0,18659025000.0,10395000,KOSPI,tradable_ohlcv
2001-10-25,1790.0,1840.0,1755.0,1770.0,100640.0,178727150.0,18399150000.0,10395000,KOSPI,tradable_ohlcv
2001-10-26,1780.0,1900.0,1780.0,1810.0,109390.0,198783450.0,18814950000.0,10395000,KOSPI,tradable_ohlcv
2001-10-29,1600.0,1810.0,1600.0,1755.0,83320.0,146114200.0,18243225000.0,10395000,KOSPI,tradable_ohlcv
2001-10-30,1650.0,1735.0,1650.0,1700.0,50810.0,86219200.0,17671500000.0,10395000,KOSPI,tradable_ohlcv
2001-10-31,1650.0,1745.0,1650.0,1720.0,42550.0,72642400.0,17879400000.0,10395000,KOSPI,tradable_ohlcv
2001-11-01,1725.0,1780.0,1725.0,1735.0,58960.0,102923750.0,18035325000.0,10395000,KOSPI,tradable_ohlcv
2001-11-02,1760.0,1830.0,1745.0,1745.0,101880.0,181402650.0,18139275000.0,10395000,KOSPI,tradable_ohlcv
2001-11-05,1950.0,2005.0,1900.0,2005.0,1222540.0,2428420200.0,20841975000.0,10395000,KOSPI,tradable_ohlcv
2001-11-06,2105.0,2300.0,2050.0,2160.0,1520710.0,3334619600.0,22453200000.0,10395000,KOSPI,tradable_ohlcv
2001-11-07,2250.0,2250.0,2030.0,2055.0,434750.0,916096800.0,21361725000.0,10395000,KOSPI,tradable_ohlcv
2001-11-08,2120.0,2120.0,2030.0,2050.0,303210.0,623851000.0,21309750000.0,10395000,KOSPI,tradable_ohlcv
2001-11-09,2050.0,2150.0,1990.0,2020.0,268300.0,548409600.0,20997900000.0,10395000,KOSPI,tradable_ohlcv
2001-11-12,2050.0,2320.0,2045.0,2320.0,554620.0,1211803900.0,24116400000.0,10395000,KOSPI,tradable_ohlcv
2001-11-13,2350.0,2350.0,2200.0,2230.0,323790.0,727409600.0,23180850000.0,10395000,KOSPI,tradable_ohlcv
2001-11-14,2300.0,2545.0,2280.0,2380.0,611310.0,1481832200.0,24740100000.0,10395000,KOSPI,tradable_ohlcv
2001-11-15,2380.0,2380.0,2185.0,2240.0,272770.0,621979850.0,23284800000.0,10395000,KOSPI,tradable_ohlcv
2001-11-16,2240.0,2260.0,2100.0,2230.0,193150.0,421740000.0,23180850000.0,10395000,KOSPI,tradable_ohlcv
2001-11-19,2200.0,2290.0,2170.0,2225.0,230880.0,512443900.0,23128875000.0,10395000,KOSPI,tradable_ohlcv
2001-11-20,2225.0,2255.0,2130.0,2170.0,197610.0,437831000.0,22557150000.0,10395000,KOSPI,tradable_ohlcv
2001-11-21,2110.0,2200.0,2110.0,2180.0,69090.0,149469050.0,22661100000.0,10395000,KOSPI,tradable_ohlcv
2001-11-22,2170.0,2180.0,2140.0,2170.0,52310.0,113159300.0,22557150000.0,10395000,KOSPI,tradable_ohlcv
2001-11-23,2110.0,2200.0,2110.0,2150.0,104900.0,225444950.0,22349250000.0,10395000,KOSPI,tradable_ohlcv
2001-11-26,2200.0,2265.0,2170.0,2210.0,240450.0,530030100.0,22972950000.0,10395000,KOSPI,tradable_ohlcv
2001-11-27,2230.0,2410.0,2200.0,2280.0,400770.0,918976700.0,23700600000.0,10395000,KOSPI,tradable_ohlcv
2001-11-28,2335.0,2335.0,2100.0,2145.0,171550.0,376186000.0,22297275000.0,10395000,KOSPI,tradable_ohlcv
2001-11-29,2115.0,2180.0,2080.0,2130.0,100990.0,213451600.0,22141350000.0,10395000,KOSPI,tradable_ohlcv
2001-11-30,2245.0,2245.0,2160.0,2170.0,90990.0,200542150.0,22557150000.0,10395000,KOSPI,tradable_ohlcv
2001-12-03,2210.0,2240.0,2160.0,2195.0,110320.0,241619350.0,22817025000.0,10395000,KOSPI,tradable_ohlcv
2001-12-04,2195.0,2195.0,2135.0,2160.0,118440.0,255257450.0,22453200000.0,10395000,KOSPI,tradable_ohlcv
2001-12-05,2165.0,2245.0,2165.0,2195.0,179080.0,394223900.0,22817025000.0,10395000,KOSPI,tradable_ohlcv
2001-12-06,2250.0,2280.0,2185.0,2195.0,167570.0,371881250.0,22817025000.0,10395000,KOSPI,tradable_ohlcv
2001-12-07,2200.0,2220.0,2165.0,2190.0,131050.0,286108800.0,22765050000.0,10395000,KOSPI,tradable_ohlcv
2001-12-10,2230.0,2335.0,2165.0,2280.0,442790.0,998931800.0,23700600000.0,10395000,KOSPI,tradable_ohlcv
2001-12-11,2300.0,2570.0,2290.0,2490.0,1061760.0,2594160550.0,25883550000.0,10395000,KOSPI,tradable_ohlcv
2001-12-12,2540.0,2770.0,2405.0,2690.0,1505000.0,3942011550.0,27962550000.0,10395000,KOSPI,tradable_ohlcv
2001-12-13,2680.0,2680.0,2545.0,2605.0,499050.0,1296687150.0,27078975000.0,10395000,KOSPI,tradable_ohlcv
2001-12-14,2605.0,2690.0,2540.0,2540.0,321400.0,834191700.0,26403300000.0,10395000,KOSPI,tradable_ohlcv
2001-12-17,2550.0,2650.0,2315.0,2320.0,280300.0,683965950.0,24116400000.0,10395000,KOSPI,tradable_ohlcv
2001-12-18,2360.0,2420.0,2205.0,2205.0,175150.0,410707850.0,22920975000.0,10395000,KOSPI,tradable_ohlcv
2001-12-19,2210.0,2250.0,2000.0,2000.0,350980.0,734548800.0,20790000000.0,10395000,KOSPI,tradable_ohlcv
2001-12-20,2100.0,2250.0,2050.0,2145.0,314260.0,677420200.0,22297275000.0,10395000,KOSPI,tradable_ohlcv
2001-12-21,2100.0,2190.0,2050.0,2130.0,149820.0,316048100.0,22141350000.0,10395000,KOSPI,tradable_ohlcv
2001-12-24,2060.0,2175.0,2060.0,2120.0,87810.0,185490500.0,22037400000.0,10395000,KOSPI,tradable_ohlcv
2001-12-26,2150.0,2180.0,2120.0,2170.0,86190.0,185365800.0,22557150000.0,10395000,KOSPI,tradable_ohlcv
2001-12-27,2150.0,2170.0,2100.0,2130.0,99130.0,210270600.0,22141350000.0,10395000,KOSPI,tradable_ohlcv
2001-12-28,2150.0,2220.0,2150.0,2190.0,126600.0,276642800.0,22765050000.0,10395000,KOSPI,tradable_ohlcv
