d,o,h,l,c,v,a,mc,s,m,rs
2002-01-02,2240.0,2320.0,2200.0,2320.0,192770.0,434816550.0,24116400000.0,10395000,KOSPI,tradable_ohlcv
2002-01-03,2400.0,2400.0,2270.0,2280.0,175090.0,404269550.0,23700600000.0,10395000,KOSPI,tradable_ohlcv
2002-01-04,2340.0,2370.0,2300.0,2300.0,243867.0,566731900.0,23908500000.0,10395000,KOSPI,tradable_ohlcv
2002-01-07,2355.0,2460.0,2310.0,2390.0,289390.0,690395200.0,24844050000.0,10395000,KOSPI,tradable_ohlcv
2002-01-08,2385.0,2490.0,2350.0,2450.0,428630.0,1041198900.0,25467750000.0,10395000,KOSPI,tradable_ohlcv
2002-01-09,2470.0,2815.0,2460.0,2815.0,1586963.0,4268763595.0,29261925000.0,10395000,KOSPI,tradable_ohlcv
2002-01-10,2830.0,2895.0,2605.0,2690.0,817561.0,2257557790.0,27962550000.0,10395000,KOSPI,tradable_ohlcv
2002-01-11,2800.0,2800.0,2450.0,2490.0,584280.0,1537774850.0,25883550000.0,10395000,KOSPI,tradable_ohlcv
2002-01-14,2500.0,2520.0,2360.0,2485.0,368770.0,898574450.0,25831575000.0,10395000,KOSPI,tradable_ohlcv
2002-01-15,2490.0,2530.0,2390.0,2405.0,289560.0,705632650.0,24999975000.0,10395000,KOSPI,tradable_ohlcv
2002-01-16,2355.0,2450.0,2300.0,2300.0,204874.0,481796750.0,23908500000.0,10395000,KOSPI,tradable_ohlcv
2002-01-17,2205.0,2300.0,2205.0,2280.0,118670.0,266408050.0,23700600000.0,10395000,KOSPI,tradable_ohlcv
2002-01-18,2320.0,2390.0,2280.0,2285.0,167954.0,390629490.0,23752575000.0,10395000,KOSPI,tradable_ohlcv
2002-01-21,2285.0,2420.0,2285.0,2380.0,160440.0,377882650.0,24740100000.0,10395000,KOSPI,tradable_ohlcv
2002-01-22,2430.0,2450.0,2370.0,2400.0,186310.0,448589650.0,24948000000.0,10395000,KOSPI,tradable_ohlcv
2002-01-23,2350.0,2425.0,2315.0,2420.0,179790.0,425954000.0,25155900000.0,10395000,KOSPI,tradable_ohlcv
2002-01-24,2485.0,2485.0,2400.0,2450.0,197873.0,483244700.0,25467750000.0,10395000,KOSPI,tradable_ohlcv
2002-01-25,2460.0,2610.0,2460.0,2545.0,393113.0,1003216085.0,26455275000.0,10395000,KOSPI,tradable_ohlcv
2002-01-28,2605.0,2620.0,2530.0,2575.0,271100.0,695226900.0,26767125000.0,10395000,KOSPI,tradable_ohlcv
2002-01-29,2580.0,2600.0,2450.0,2450.0,325080.0,811855950.0,25467750000.0,10395000,KOSPI,tradable_ohlcv
2002-01-30,2355.0,2390.0,2340.0,2345.0,215980.0,508339150.0,24376275000.0,10395000,KOSPI,tradable_ohlcv
2002-01-31,2360.0,2430.0,2345.0,2410.0,205290.0,490260150.0,25051950000.0,10395000,KOSPI,tradable_ohlcv
2002-02-01,2420.0,2600.0,2400.0,2410.0,347280.0,868530200.0,25051950000.0,10395000,KOSPI,tradable_ohlcv
2002-02-04,2410.0,2430.0,2275.0,2320.0,153720.0,358885650.0,24116400000.0,10395000,KOSPI,tradable_ohlcv
2002-02-05,2280.0,2300.0,2205.0,2260.0,112776.0,254370410.0,23492700000.0,10395000,KOSPI,tradable_ohlcv
2002-02-06,2280.0,2350.0,2280.0,2320.0,106650.0,246493350.0,24116400000.0,10395000,KOSPI,tradable_ohlcv
2002-02-07,2250.0,2345.0,2250.0,2250.0,89864.0,204975650.0,23388750000.0,10395000,KOSPI,tradable_ohlcv
2002-02-08,2240.0,2280.0,2210.0,2255.0,90190.0,202238700.0,23440725000.0,10395000,KOSPI,tradable_ohlcv
2002-02-14,2275.0,2435.0,2275.0,2365.0,138060.0,324597100.0,24584175000.0,10395000,KOSPI,tradable_ohlcv
2002-02-15,2370.0,2600.0,2365.0,2540.0,337140.0,839924400.0,26403300000.0,10395000,KOSPI,tradable_ohlcv
2002-02-18,2460.0,2760.0,2460.0,2700.0,621960.0,1656388700.0,28066500000.0,10395000,KOSPI,tradable_ohlcv
2002-02-19,2700.0,2730.0,2560.0,2650.0,292586.0,773712550.0,27546750000.0,10395000,KOSPI,tradable_ohlcv
2002-02-20,2670.0,2805.0,2670.0,2750.0,468340.0,1281695500.0,28586250000.0,10395000,KOSPI,tradable_ohlcv
2002-02-21,2850.0,2980.0,2780.0,2790.0,781840.0,2243559650.0,29002050000.0,10395000,KOSPI,tradable_ohlcv
2002-02-22,2800.0,2845.0,2710.0,2805.0,313070.0,871264500.0,29157975000.0,10395000,KOSPI,tradable_ohlcv
2002-02-25,2810.0,2970.0,2750.0,2930.0,397310.0,1143136750.0,30457350000.0,10395000,KOSPI,tradable_ohlcv
2002-02-26,2960.0,3010.0,2830.0,2950.0,432630.0,1262053750.0,30665250000.0,10395000,KOSPI,tradable_ohlcv
2002-02-27,3000.0,3155.0,2950.0,3150.0,540740.0,1653891650.0,32744250000.0,10395000,KOSPI,tradable_ohlcv
2002-02-28,3150.0,3350.0,3085.0,3350.0,529650.0,1719309150.0,34823250000.0,10395000,KOSPI,tradable_ohlcv
2002-03-04,3450.0,3485.0,3300.0,3360.0,416790.0,1418290300.0,34927200000.0,10395000,KOSPI,tradable_ohlcv
2002-03-05,3390.0,3390.0,3150.0,3270.0,272000.0,886022800.0,33991650000.0,10395000,KOSPI,tradable_ohlcv
2002-03-06,3270.0,3520.0,3270.0,3430.0,397740.0,1359407850.0,35654850000.0,10395000,KOSPI,tradable_ohlcv
2002-03-07,3450.0,3460.0,3200.0,3230.0,293841.0,981004580.0,33575850000.0,10395000,KOSPI,tradable_ohlcv
2002-03-08,3210.0,3260.0,3110.0,3160.0,174970.0,553471600.0,32848200000.0,10395000,KOSPI,tradable_ohlcv
2002-03-11,3180.0,3465.0,3125.0,3340.0,257557.0,852202380.0,34719300000.0,10395000,KOSPI,tradable_ohlcv
2002-03-12,3310.0,3540.0,3310.0,3415.0,306788.0,1057362170.0,35498925000.0,10395000,KOSPI,tradable_ohlcv
2002-03-13,3380.0,3510.0,3355.0,3395.0,186680.0,638154450.0,35291025000.0,10395000,KOSPI,tradable_ohlcv
2002-03-14,3360.0,3520.0,3325.0,3470.0,164990.0,559330450.0,36070650000.0,10395000,KOSPI,tradable_ohlcv
2002-03-15,3310.0,3470.0,3250.0,3380.0,369330.0,1235232450.0,35135100000.0,10395000,KOSPI,tradable_ohlcv
2002-03-18,3335.0,3690.0,3335.0,3690.0,587950.0,2051118350.0,38357550000.0,10395000,KOSPI,tradable_ohlcv
2002-03-19,3690.0,3825.0,3600.0,3800.0,369020.0,1372221150.0,39501000000.0,10395000,KOSPI,tradable_ohlcv
2002-03-20,3760.0,3900.0,3600.0,3650.0,367600.0,1391407800.0,37941750000.0,10395000,KOSPI,tradable_ohlcv
2002-03-21,3650.0,3650.0,3510.0,3530.0,185540.0,658324150.0,36694350000.0,10395000,KOSPI,tradable_ohlcv
2002-03-22,3530.0,3650.0,3530.0,3650.0,254190.0,911960050.0,37941750000.0,10395000,KOSPI,tradable_ohlcv
2002-03-25,3780.0,4195.0,3780.0,4060.0,1112990.0,4525055200.0,42203700000.0,10395000,KOSPI,tradable_ohlcv
2002-03-26,4060.0,4200.0,3870.0,3990.0,521870.0,2100917600.0,41476050000.0,10395000,KOSPI,tradable_ohlcv
2002-03-27,4100.0,4100.0,3920.0,3950.0,256810.0,1020834850.0,41060250000.0,10395000,KOSPI,tradable_ohlcv
2002-03-28,4000.0,4160.0,3950.0,3950.0,482400.0,1962700200.0,41060250000.0,10395000,KOSPI,tradable_ohlcv
2002-03-29,4050.0,4130.0,3940.0,4040.0,374970.0,1510111100.0,41995800000.0,10395000,KOSPI,tradable_ohlcv
2002-04-01,4040.0,4040.0,3600.0,3600.0,361810.0,1361787450.0,37422000000.0,10395000,KOSPI,tradable_ohlcv
2002-04-02,3600.0,3780.0,3480.0,3780.0,272580.0,998478900.0,39293100000.0,10395000,KOSPI,tradable_ohlcv
2002-04-03,3620.0,3830.0,3620.0,3700.0,254143.0,949321700.0,38461500000.0,10395000,KOSPI,tradable_ohlcv
2002-04-04,3900.0,4200.0,3810.0,4010.0,632620.0,2542555750.0,41683950000.0,10395000,KOSPI,tradable_ohlcv
2002-04-08,4030.0,4060.0,3780.0,3810.0,230000.0,896258850.0,39604950000.0,10395000,KOSPI,tradable_ohlcv
2002-04-09,3850.0,3920.0,3760.0,3850.0,171260.0,656081850.0,40020750000.0,10395000,KOSPI,tradable_ohlcv
2002-04-10,3720.0,3800.0,3685.0,3720.0,157412.0,586547940.0,38669400000.0,10395000,KOSPI,tradable_ohlcv
2002-04-11,3720.0,3800.0,3605.0,3700.0,100550.0,372219750.0,38461500000.0,10395000,KOSPI,tradable_ohlcv
2002-04-12,3600.0,3860.0,3600.0,3860.0,157090.0,592943400.0,40124700000.0,10395000,KOSPI,tradable_ohlcv
2002-04-15,3900.0,4020.0,3800.0,4005.0,271534.0,1066481470.0,41631975000.0,10395000,KOSPI,tradable_ohlcv
2002-04-16,4050.0,4110.0,3950.0,4000.0,212580.0,852154250.0,41580000000.0,10395000,KOSPI,tradable_ohlcv
2002-04-17,4120.0,4130.0,4000.0,4010.0,212970.0,859096150.0,41683950000.0,10395000,KOSPI,tradable_ohlcv
2002-04-18,4015.0,4040.0,3880.0,3900.0,145580.0,572229550.0,40540500000.0,10395000,KOSPI,tradable_ohlcv
2002-04-19,3950.0,4080.0,3845.0,3845.0,266150.0,1050059050.0,39968775000.0,10395000,KOSPI,tradable_ohlcv
2002-04-22,3845.0,3910.0,3630.0,3800.0,135440.0,512434500.0,39501000000.0,10395000,KOSPI,tradable_ohlcv
2002-04-23,3800.0,3800.0,3630.0,3670.0,97112.0,358513440.0,38149650000.0,10395000,KOSPI,tradable_ohlcv
2002-04-24,3630.0,3710.0,3550.0,3580.0,101910.0,369329550.0,37214100000.0,10395000,KOSPI,tradable_ohlcv
2002-04-25,3545.0,3550.0,3300.0,3450.0,120160.0,404903950.0,35862750000.0,10395000,KOSPI,tradable_ohlcv
2002-04-26,3600.0,3600.0,3450.0,3510.0,63940.0,224973550.0,36486450000.0,10395000,KOSPI,tradable_ohlcv
2002-04-29,3370.0,3500.0,3300.0,3350.0,62480.0,210691000.0,34823250000.0,10395000,KOSPI,tradable_ohlcv
2002-04-30,3330.0,3500.0,3200.0,3500.0,129950.0,431988200.0,36382500000.0,10395000,KOSPI,tradable_ohlcv
2002-05-02,3510.0,3640.0,3400.0,3640.0,59920.0,211303650.0,37837800000.0,10395000,KOSPI,tradable_ohlcv
2002-05-03,3700.0,3700.0,3515.0,3600.0,67400.0,241264950.0,37422000000.0,10395000,KOSPI,tradable_ohlcv
2002-05-06,3510.0,3600.0,3410.0,3410.0,57400.0,199114100.0,35446950000.0,10395000,KOSPI,tradable_ohlcv
2002-05-07,3510.0,3510.0,3350.0,3510.0,82090.0,283157900.0,36486450000.0,10395000,KOSPI,tradable_ohlcv
2002-05-08,3510.0,3800.0,3510.0,3800.0,105710.0,388115400.0,39501000000.0,10395000,KOSPI,tradable_ohlcv
2002-05-09,3800.0,3830.0,3650.0,3730.0,59143.0,220171840.0,38773350000.0,10395000,KOSPI,tradable_ohlcv
2002-05-10,3670.0,3785.0,3650.0,3690.0,64030.0,237290200.0,38357550000.0,10395000,KOSPI,tradable_ohlcv
2002-05-13,3700.0,3720.0,3620.0,3700.0,52070.0,191552350.0,38461500000.0,10395000,KOSPI,tradable_ohlcv
2002-05-14,3800.0,3800.0,3630.0,3670.0,65210.0,239116050.0,38149650000.0,10395000,KOSPI,tradable_ohlcv
2002-05-15,3710.0,3800.0,3560.0,3790.0,139020.0,514091750.0,39397050000.0,10395000,KOSPI,tradable_ohlcv
2002-05-16,3750.0,3800.0,3700.0,3700.0,78230.0,292155350.0,38461500000.0,10395000,KOSPI,tradable_ohlcv
2002-05-17,3650.0,3770.0,3560.0,3650.0,165350.0,603402600.0,37941750000.0,10395000,KOSPI,tradable_ohlcv
2002-05-20,3620.0,3695.0,3560.0,3575.0,88140.0,318625550.0,37162125000.0,10395000,KOSPI,tradable_ohlcv
2002-05-21,3545.0,3545.0,3350.0,3350.0,115490.0,396718100.0,34823250000.0,10395000,KOSPI,tradable_ohlcv
2002-05-22,3300.0,3440.0,3300.0,3350.0,49042.0,164254600.0,34823250000.0,10395000,KOSPI,tradable_ohlcv
2002-05-23,3305.0,3395.0,3275.0,3275.0,78790.0,261226400.0,34043625000.0,10395000,KOSPI,tradable_ohlcv
2002-05-24,3300.0,3300.0,3200.0,3300.0,98300.0,320107300.0,34303500000.0,10395000,KOSPI,tradable_ohlcv
2002-05-27,3250.0,3350.0,3140.0,3200.0,32750.0,106037000.0,33264000000.0,10395000,KOSPI,tradable_ohlcv
2002-05-28,3150.0,3315.0,3100.0,3300.0,79050.0,253237350.0,34303500000.0,10395000,KOSPI,tradable_ohlcv
2002-05-29,3400.0,3400.0,3175.0,3290.0,43490.0,141777450.0,34199550000.0,10395000,KOSPI,tradable_ohlcv
2002-05-30,3180.0,3350.0,3105.0,3250.0,80840.0,257317750.0,33783750000.0,10395000,KOSPI,tradable_ohlcv
2002-05-31,3180.0,3265.0,3150.0,3230.0,41750.0,133782950.0,33575850000.0,10395000,KOSPI,tradable_ohlcv
2002-06-03,3180.0,3210.0,3055.0,3195.0,27350.0,86713100.0,33212025000.0,10395000,KOSPI,tradable_ohlcv
2002-06-04,3060.0,3270.0,3060.0,3270.0,50800.0,160075100.0,33991650000.0,10395000,KOSPI,tradable_ohlcv
2002-06-05,3270.0,3390.0,3245.0,3315.0,18526.0,61157240.0,34459425000.0,10395000,KOSPI,tradable_ohlcv
2002-06-07,3220.0,3250.0,3170.0,3180.0,12200.0,39015100.0,33056100000.0,10395000,KOSPI,tradable_ohlcv
2002-06-10,3160.0,3255.0,3150.0,3180.0,20380.0,65110800.0,33056100000.0,10395000,KOSPI,tradable_ohlcv
2002-06-11,3140.0,3180.0,3120.0,3120.0,19990.0,62765350.0,32432400000.0,10395000,KOSPI,tradable_ohlcv
2002-06-12,3110.0,3265.0,3070.0,3210.0,46250.0,146891550.0,33367950000.0,10395000,KOSPI,tradable_ohlcv
2002-06-14,3130.0,3225.0,3090.0,3110.0,57172.0,179424720.0,32328450000.0,10395000,KOSPI,tradable_ohlcv
2002-06-17,3100.0,3110.0,3080.0,3100.0,16440.0,50861050.0,32224500000.0,10395000,KOSPI,tradable_ohlcv
2002-06-18,3115.0,3175.0,3090.0,3150.0,65150.0,203432900.0,32744250000.0,10395000,KOSPI,tradable_ohlcv
2002-06-19,3100.0,3175.0,2940.0,3000.0,46340.0,140299700.0,31185000000.0,10395000,KOSPI,tradable_ohlcv
2002-06-20,2950.0,3000.0,2920.0,3000.0,49650.0,148580300.0,31185000000.0,10395000,KOSPI,tradable_ohlcv
2002-06-21,2940.0,3100.0,2900.0,3100.0,50460.0,151190000.0,32224500000.0,10395000,KOSPI,tradable_ohlcv
2002-06-24,2975.0,3060.0,2910.0,3000.0,38520.0,115259200.0,31185000000.0,10395000,KOSPI,tradable_ohlcv
2002-06-25,3000.0,3080.0,2900.0,2900.0,31760.0,93028400.0,30145500000.0,10395000,KOSPI,tradable_ohlcv
2002-06-26,2840.0,2950.0,2500.0,2850.0,168060.0,443120300.0,29625750000.0,10395000,KOSPI,tradable_ohlcv
2002-06-27,2930.0,2930.0,2760.0,2850.0,4880.0,13926300.0,29625750000.0,10395000,KOSPI,tradable_ohlcv
2002-06-28,2845.0,2950.0,2845.0,2900.0,83176.0,238523200.0,30145500000.0,10395000,KOSPI,tradable_ohlcv
2002-07-02,2840.0,2940.0,2810.0,2870.0,11970.0,34195650.0,29833650000.0,10395000,KOSPI,tradable_ohlcv
2002-07-03,2810.0,2920.0,2780.0,2790.0,18080.0,50764250.0,29002050000.0,10395000,KOSPI,tradable_ohlcv
2002-07-04,2835.0,2900.0,2730.0,2900.0,93700.0,264939800.0,30145500000.0,10395000,KOSPI,tradable_ohlcv
2002-07-05,2850.0,2945.0,2850.0,2900.0,60010.0,173521400.0,30145500000.0,10395000,KOSPI,tradable_ohlcv
2002-07-08,2935.0,2980.0,2840.0,2860.0,48120.0,138915250.0,29729700000.0,10395000,KOSPI,tradable_ohlcv
2002-07-09,2930.0,2950.0,2870.0,2920.0,113410.0,329953800.0,30353400000.0,10395000,KOSPI,tradable_ohlcv
2002-07-10,3000.0,3135.0,2950.0,3100.0,505890.0,1540965300.0,32224500000.0,10395000,KOSPI,tradable_ohlcv
2002-07-11,3150.0,3150.0,3020.0,3070.0,264470.0,818514450.0,31912650000.0,10395000,KOSPI,tradable_ohlcv
2002-07-12,3090.0,3120.0,2970.0,3040.0,149310.0,452930350.0,31600800000.0,10395000,KOSPI,tradable_ohlcv
2002-07-15,3000.0,3045.0,2910.0,2910.0,95570.0,284565650.0,30249450000.0,10395000,KOSPI,tradable_ohlcv
2002-07-16,2850.0,2900.0,2750.0,2870.0,149500.0,421067100.0,29833650000.0,10395000,KOSPI,tradable_ohlcv
2002-07-18,2870.0,2880.0,2810.0,2815.0,35985.0,102108825.0,29261925000.0,10395000,KOSPI,tradable_ohlcv
2002-07-19,2710.0,2850.0,2660.0,2690.0,53860.0,145656850.0,27962550000.0,10395000,KOSPI,tradable_ohlcv
2002-07-22,2560.0,2600.0,2290.0,2290.0,252080.0,596464450.0,23804550000.0,10395000,KOSPI,tradable_ohlcv
2002-07-23,2270.0,2370.0,2210.0,2370.0,125310.0,286393650.0,24636150000.0,10395000,KOSPI,tradable_ohlcv
2002-07-24,2300.0,2300.0,2180.0,2200.0,78580.0,174604950.0,22869000000.0,10395000,KOSPI,tradable_ohlcv
2002-07-25,2280.0,2340.0,2255.0,2295.0,63470.0,145374900.0,23856525000.0,10395000,KOSPI,tradable_ohlcv
2002-07-26,2200.0,2290.0,2050.0,2250.0,259132.0,549173600.0,23388750000.0,10395000,KOSPI,tradable_ohlcv
2002-07-29,2310.0,2335.0,2190.0,2235.0,87790.0,197404200.0,23232825000.0,10395000,KOSPI,tradable_ohlcv
2002-07-30,2290.0,2375.0,2265.0,2320.0,96590.0,223853700.0,24116400000.0,10395000,KOSPI,tradable_ohlcv
2002-07-31,2340.0,2340.0,2265.0,2300.0,31110.0,71581100.0,23908500000.0,10395000,KOSPI,tradable_ohlcv
2002-08-01,2300.0,2345.0,2280.0,2290.0,93470.0,215792050.0,23804550000.0,10395000,KOSPI,tradable_ohlcv
2002-08-02,2260.0,2370.0,2250.0,2320.0,111850.0,261136700.0,24116400000.0,10395000,KOSPI,tradable_ohlcv
2002-08-05,2330.0,2390.0,2300.0,2380.0,97360.0,230003850.0,24740100000.0,10395000,KOSPI,tradable_ohlcv
2002-08-06,2380.0,2410.0,2330.0,2330.0,59240.0,139948800.0,24220350000.0,10395000,KOSPI,tradable_ohlcv
2002-08-07,2400.0,2420.0,2330.0,2370.0,39250.0,92558800.0,24636150000.0,10395000,KOSPI,tradable_ohlcv
2002-08-08,2370.0,2395.0,2330.0,2375.0,46801.0,110848075.0,24688125000.0,10395000,KOSPI,tradable_ohlcv
2002-08-09,2440.0,2460.0,2315.0,2315.0,55280.0,130481950.0,24064425000.0,10395000,KOSPI,tradable_ohlcv
2002-08-12,2270.0,2330.0,2270.0,2285.0,45930.0,105675950.0,23752575000.0,10395000,KOSPI,tradable_ohlcv
2002-08-13,2290.0,2335.0,2270.0,2310.0,44520.0,101707150.0,24012450000.0,10395000,KOSPI,tradable_ohlcv
2002-08-14,2310.0,2310.0,2220.0,2260.0,120750.0,273369050.0,23492700000.0,10395000,KOSPI,tradable_ohlcv
2002-08-16,2360.0,2365.0,2270.0,2280.0,69960.0,162282950.0,23700600000.0,10395000,KOSPI,tradable_ohlcv
2002-08-19,2260.0,2360.0,2260.0,2285.0,38990.0,89562450.0,23752575000.0,10395000,KOSPI,tradable_ohlcv
2002-08-20,2360.0,2360.0,2280.0,2280.0,67400.0,155367850.0,23700600000.0,10395000,KOSPI,tradable_ohlcv
2002-08-21,2270.0,2350.0,2250.0,2350.0,89950.0,207871600.0,24428250000.0,10395000,KOSPI,tradable_ohlcv
2002-08-22,2395.0,2440.0,2350.0,2360.0,63733.0,151597580.0,24532200000.0,10395000,KOSPI,tradable_ohlcv
2002-08-23,2400.0,2600.0,2390.0,2520.0,355091.0,901750070.0,26195400000.0,10395000,KOSPI,tradable_ohlcv
2002-08-26,2470.0,2560.0,2450.0,2455.0,64830.0,160532000.0,25519725000.0,10395000,KOSPI,tradable_ohlcv
2002-08-27,2530.0,2530.0,2385.0,2385.0,48519.0,116825465.0,24792075000.0,10395000,KOSPI,tradable_ohlcv
2002-08-28,2375.0,2420.0,2330.0,2330.0,50630.0,119789000.0,24220350000.0,10395000,KOSPI,tradable_ohlcv
2002-08-29,2260.0,2365.0,2260.0,2350.0,19171.0,44686500.0,24428250000.0,10395000,KOSPI,tradable_ohlcv
2002-08-30,2360.0,2425.0,2360.0,2380.0,32141.0,76535180.0,24740100000.0,10395000,KOSPI,tradable_ohlcv
2002-09-02,2380.0,2435.0,2370.0,2420.0,32240.0,77363050.0,25155900000.0,10395000,KOSPI,tradable_ohlcv
2002-09-03,2450.0,2450.0,2340.0,2350.0,48270.0,115515250.0,24428250000.0,10395000,KOSPI,tradable_ohlcv
2002-09-04,2360.0,2380.0,2280.0,2330.0,45140.0,104736800.0,24220350000.0,10395000,KOSPI,tradable_ohlcv
2002-09-05,2450.0,2460.0,2400.0,2430.0,94663.0,229861740.0,25259850000.0,10395000,KOSPI,tradable_ohlcv
2002-09-06,2370.0,2420.0,2350.0,2350.0,31500.0,74770600.0,24428250000.0,10395000,KOSPI,tradable_ohlcv
2002-09-09,2380.0,2380.0,2255.0,2255.0,29910.0,69147050.0,23440725000.0,10395000,KOSPI,tradable_ohlcv
2002-09-10,2255.0,2320.0,2255.0,2265.0,14520.0,33142350.0,23544675000.0,10395000,KOSPI,tradable_ohlcv
2002-09-11,2300.0,2320.0,2260.0,2320.0,23630.0,54218550.0,24116400000.0,10395000,KOSPI,tradable_ohlcv
2002-09-12,2265.0,2350.0,2265.0,2300.0,90500.0,208927400.0,23908500000.0,10395000,KOSPI,tradable_ohlcv
2002-09-13,2310.0,2320.0,2265.0,2270.0,11420.0,26086050.0,23596650000.0,10395000,KOSPI,tradable_ohlcv
2002-09-16,2290.0,2320.0,2255.0,2270.0,27130.0,61952650.0,23596650000.0,10395000,KOSPI,tradable_ohlcv
2002-09-17,2260.0,2310.0,2260.0,2310.0,28950.0,66353250.0,24012450000.0,10395000,KOSPI,tradable_ohlcv
2002-09-18,2280.0,2310.0,2230.0,2240.0,27090.0,61217100.0,23284800000.0,10395000,KOSPI,tradable_ohlcv
2002-09-19,2240.0,2285.0,2215.0,2240.0,14910.0,33267200.0,23284800000.0,10395000,KOSPI,tradable_ohlcv
2002-09-23,2200.0,2230.0,2140.0,2185.0,27050.0,58861000.0,22713075000.0,10395000,KOSPI,tradable_ohlcv
2002-09-24,2085.0,2140.0,2070.0,2070.0,41090.0,86292450.0,21517650000.0,10395000,KOSPI,tradable_ohlcv
2002-09-25,2030.0,2380.0,2030.0,2100.0,595420.0,1298147550.0,21829500000.0,10395000,KOSPI,tradable_ohlcv
2002-09-26,2160.0,2180.0,2050.0,2055.0,207690.0,437475050.0,21361725000.0,10395000,KOSPI,tradable_ohlcv
2002-09-27,2065.0,2090.0,1800.0,1970.0,165790.0,325493950.0,20478150000.0,10395000,KOSPI,tradable_ohlcv
2002-09-30,1910.0,1965.0,1780.0,1780.0,91892.0,172305310.0,18503100000.0,10395000,KOSPI,tradable_ohlcv
2002-10-01,1680.0,1855.0,1680.0,1820.0,44060.0,78644350.0,18918900000.0,10395000,KOSPI,tradable_ohlcv
2002-10-02,1830.0,1885.0,1780.0,1795.0,33800.0,61511300.0,18659025000.0,10395000,KOSPI,tradable_ohlcv
2002-10-04,1685.0,2000.0,1670.0,1880.0,154300.0,283178950.0,19542600000.0,10395000,KOSPI,tradable_ohlcv
2002-10-07,1880.0,1880.0,1805.0,1805.0,34547.0,63013935.0,18762975000.0,10395000,KOSPI,tradable_ohlcv
2002-10-08,1800.0,1870.0,1720.0,1800.0,59760.0,106152550.0,18711000000.0,10395000,KOSPI,tradable_ohlcv
2002-10-09,1785.0,1820.0,1725.0,1750.0,68540.0,121810550.0,18191250000.0,10395000,KOSPI,tradable_ohlcv
2002-10-10,1725.0,1725.0,1610.0,1625.0,40130.0,67029200.0,16891875000.0,10395000,KOSPI,tradable_ohlcv
2002-10-11,1685.0,1710.0,1615.0,1640.0,52430.0,86844050.0,17047800000.0,10395000,KOSPI,tradable_ohlcv
2002-10-14,1630.0,1720.0,1630.0,1705.0,43850.0,74353950.0,17723475000.0,10395000,KOSPI,tradable_ohlcv
2002-10-15,1790.0,1790.0,1700.0,1725.0,93100.0,160127450.0,17931375000.0,10395000,KOSPI,tradable_ohlcv
2002-10-16,1750.0,1810.0,1720.0,1720.0,89023.0,157952960.0,17879400000.0,10395000,KOSPI,tradable_ohlcv
2002-10-17,1710.0,1755.0,1680.0,1750.0,49347.0,85221550.0,18191250000.0,10395000,KOSPI,tradable_ohlcv
2002-10-18,1840.0,1845.0,1785.0,1830.0,98380.0,178702950.0,19022850000.0,10395000,KOSPI,tradable_ohlcv
2002-10-21,1820.0,1850.0,1750.0,1750.0,77740.0,140172750.0,18191250000.0,10395000,KOSPI,tradable_ohlcv
2002-10-22,1800.0,1810.0,1735.0,1770.0,41990.0,74876200.0,18399150000.0,10395000,KOSPI,tradable_ohlcv
2002-10-23,1830.0,2035.0,1815.0,1850.0,995060.0,1979114450.0,19230750000.0,10395000,KOSPI,tradable_ohlcv
2002-10-24,1860.0,1870.0,1820.0,1840.0,209551.0,385192440.0,19126800000.0,10395000,KOSPI,tradable_ohlcv
2002-10-25,1780.0,1835.0,1770.0,1770.0,102800.0,184201650.0,18399150000.0,10395000,KOSPI,tradable_ohlcv
2002-10-28,1765.0,1840.0,1765.0,1825.0,131110.0,236386450.0,18970875000.0,10395000,KOSPI,tradable_ohlcv
2002-10-29,1825.0,1840.0,1785.0,1790.0,64790.0,118200900.0,18607050000.0,10395000,KOSPI,tradable_ohlcv
2002-10-30,1780.0,1790.0,1760.0,1770.0,64580.0,114403750.0,18399150000.0,10395000,KOSPI,tradable_ohlcv
2002-10-31,1775.0,1860.0,1770.0,1845.0,123403.0,225603685.0,19178775000.0,10395000,KOSPI,tradable_ohlcv
2002-11-01,1840.0,1840.0,1780.0,1785.0,61510.0,111051450.0,18555075000.0,10395000,KOSPI,tradable_ohlcv
2002-11-04,1810.0,1855.0,1790.0,1855.0,97228.0,177620590.0,19282725000.0,10395000,KOSPI,tradable_ohlcv
2002-11-05,1860.0,1910.0,1815.0,1840.0,150260.0,280663400.0,19126800000.0,10395000,KOSPI,tradable_ohlcv
2002-11-06,1860.0,1890.0,1830.0,1870.0,114750.0,214060700.0,19438650000.0,10395000,KOSPI,tradable_ohlcv
2002-11-07,1850.0,1930.0,1835.0,1840.0,179410.0,335649300.0,19126800000.0,10395000,KOSPI,tradable_ohlcv
2002-11-08,1825.0,1865.0,1770.0,1790.0,76790.0,138802300.0,18607050000.0,10395000,KOSPI,tradable_ohlcv
2002-11-11,1760.0,1800.0,1740.0,1745.0,71860.0,125921050.0,18139275000.0,10395000,KOSPI,tradable_ohlcv
2002-11-12,1675.0,1715.0,1675.0,1690.0,75350.0,127587450.0,17567550000.0,10395000,KOSPI,tradable_ohlcv
2002-11-13,1720.0,1765.0,1710.0,1710.0,89760.0,155195850.0,17775450000.0,10395000,KOSPI,tradable_ohlcv
2002-11-14,1710.0,1750.0,1710.0,1715.0,26310.0,45288650.0,17827425000.0,10395000,KOSPI,tradable_ohlcv
2002-11-15,1750.0,1750.0,1710.0,1720.0,55002.0,94859840.0,17879400000.0,10395000,KOSPI,tradable_ohlcv
2002-11-18,1720.0,1720.0,1670.0,1690.0,43391.0,73805540.0,17567550000.0,10395000,KOSPI,tradable_ohlcv
2002-11-19,1670.0,1715.0,1670.0,1680.0,36040.0,60762650.0,17463600000.0,10395000,KOSPI,tradable_ohlcv
2002-11-20,1680.0,1695.0,1680.0,1695.0,43661.0,73657245.0,17619525000.0,10395000,KOSPI,tradable_ohlcv
2002-11-21,1710.0,1740.0,1700.0,1725.0,75840.0,130157500.0,17931375000.0,10395000,KOSPI,tradable_ohlcv
2002-11-22,1750.0,1760.0,1700.0,1700.0,74030.0,127270100.0,17671500000.0,10395000,KOSPI,tradable_ohlcv
2002-11-25,1725.0,1725.0,1700.0,1720.0,63500.0,108652350.0,17879400000.0,10395000,KOSPI,tradable_ohlcv
2002-11-26,1725.0,1745.0,1725.0,1745.0,92184.0,159868780.0,18139275000.0,10395000,KOSPI,tradable_ohlcv
2002-11-27,1755.0,1885.0,1755.0,1820.0,355023.0,652831610.0,18918900000.0,10395000,KOSPI,tradable_ohlcv
2002-11-28,1860.0,1905.0,1800.0,1855.0,202560.0,374816100.0,19282725000.0,10395000,KOSPI,tradable_ohlcv
2002-11-29,1885.0,2020.0,1860.0,1960.0,340455.0,665631200.0,20374200000.0,10395000,KOSPI,tradable_ohlcv
2002-12-02,1985.0,2020.0,1920.0,1980.0,190640.0,372992100.0,20582100000.0,10395000,KOSPI,tradable_ohlcv
2002-12-03,1960.0,2010.0,1935.0,2010.0,200616.0,396585960.0,20893950000.0,10395000,KOSPI,tradable_ohlcv
2002-12-04,1975.0,1975.0,1875.0,1890.0,167310.0,322125100.0,19646550000.0,10395000,KOSPI,tradable_ohlcv
2002-12-05,1860.0,1920.0,1860.0,1920.0,104510.0,198472300.0,19958400000.0,10395000,KOSPI,tradable_ohlcv
2002-12-06,1910.0,1910.0,1890.0,1895.0,64600.0,122765400.0,19698525000.0,10395000,KOSPI,tradable_ohlcv
2002-12-09,1895.0,1920.0,1875.0,1890.0,82670.0,157006150.0,19646550000.0,10395000,KOSPI,tradable_ohlcv
2002-12-10,1850.0,1890.0,1825.0,1885.0,76130.0,141173400.0,19594575000.0,10395000,KOSPI,tradable_ohlcv
2002-12-11,1870.0,1945.0,1865.0,1930.0,105310.0,201466250.0,20062350000.0,10395000,KOSPI,tradable_ohlcv
2002-12-12,1920.0,1950.0,1870.0,1930.0,122095.0,234319350.0,20062350000.0,10395000,KOSPI,tradable_ohlcv
2002-12-13,1950.0,2100.0,1950.0,2000.0,445290.0,892720550.0,20790000000.0,10395000,KOSPI,tradable_ohlcv
2002-12-16,2000.0,2040.0,1970.0,2030.0,161992.0,324502260.0,21101850000.0,10395000,KOSPI,tradable_ohlcv
2002-12-17,2050.0,2060.0,1975.0,2055.0,184648.0,373592490.0,21361725000.0,10395000,KOSPI,tradable_ohlcv
2002-12-18,2055.0,2070.0,2010.0,2020.0,82840.0,168765300.0,20997900000.0,10395000,KOSPI,tradable_ohlcv
2002-12-20,2020.0,2020.0,1900.0,1910.0,121660.0,235659950.0,19854450000.0,10395000,KOSPI,tradable_ohlcv
2002-12-23,1890.0,1890.0,1720.0,1720.0,162210.0,291915700.0,17879400000.0,10395000,KOSPI,tradable_ohlcv
2002-12-24,1720.0,1760.0,1650.0,1690.0,68790.0,117478500.0,17567550000.0,10395000,KOSPI,tradable_ohlcv
2002-12-26,1640.0,1710.0,1640.0,1695.0,57290.0,96378500.0,17619525000.0,10395000,KOSPI,tradable_ohlcv
2002-12-27,1630.0,1680.0,1630.0,1670.0,33680.0,55663050.0,17359650000.0,10395000,KOSPI,tradable_ohlcv
2002-12-30,1620.0,1625.0,1550.0,1570.0,46150.0,72638050.0,16320150000.0,10395000,KOSPI,tradable_ohlcv
