d,o,h,l,c,v,a,mc,s,m
2008-01-02,2870.0,2935.0,2805.0,2805.0,92664.0,264064720.0,113501615370.0,40464034,KOSDAQ
2008-01-03,2785.0,2855.0,2775.0,2835.0,75726.0,212162345.0,114715536390.0,40464034,KOSDAQ
2008-01-04,2795.0,2845.0,2795.0,2805.0,100942.0,284437015.0,113501615370.0,40464034,KOSDAQ
2008-01-07,2745.0,2780.0,2690.0,2690.0,134784.0,365714290.0,108848251460.0,40464034,KOSDAQ
2008-01-08,2685.0,2700.0,2550.0,2550.0,130222.0,341477895.0,103183286700.0,40464034,KOSDAQ
2008-01-09,2550.0,2590.0,2530.0,2555.0,149971.0,382619200.0,103385606870.0,40464034,KOSDAQ
2008-01-10,2570.0,2730.0,2515.0,2680.0,115342.0,306530450.0,108443611120.0,40464034,KOSDAQ
2008-01-11,2655.0,2780.0,2545.0,2545.0,61093.0,159260130.0,102980966530.0,40464034,KOSDAQ
2008-01-14,2485.0,2715.0,2435.0,2460.0,185731.0,464339200.0,99541523640.0,40464034,KOSDAQ
2008-01-15,2460.0,2590.0,2410.0,2435.0,197859.0,490198070.0,98529922790.0,40464034,KOSDAQ
2008-01-16,2390.0,2470.0,2300.0,2300.0,184788.0,436322320.0,93067278200.0,40464034,KOSDAQ
2008-01-17,2315.0,2450.0,2265.0,2360.0,119089.0,277040170.0,95495120240.0,40464034,KOSDAQ
2008-01-18,2315.0,2490.0,2280.0,2485.0,111776.0,263093660.0,100553124490.0,40464034,KOSDAQ
2008-01-21,2380.0,2445.0,2310.0,2320.0,88319.0,210832540.0,93876558880.0,40464034,KOSDAQ
2008-01-22,2280.0,2280.0,2030.0,2220.0,202423.0,436891030.0,89830155480.0,40464034,KOSDAQ
2008-01-23,2260.0,2310.0,2165.0,2210.0,82645.0,182468945.0,89425515140.0,40464034,KOSDAQ
2008-01-24,2295.0,2310.0,2230.0,2265.0,91014.0,205129765.0,91651037010.0,40464034,KOSDAQ
2008-01-25,2330.0,2380.0,2255.0,2370.0,68378.0,158093420.0,95899760580.0,40464034,KOSDAQ
2008-01-28,2320.0,2390.0,2255.0,2255.0,93576.0,215773240.0,91246396670.0,40464034,KOSDAQ
2008-01-29,2295.0,2350.0,2225.0,2260.0,92641.0,208577775.0,91448716840.0,40464034,KOSDAQ
2008-01-30,2380.0,2380.0,2180.0,2245.0,90426.0,201120385.0,90841756330.0,40464034,KOSDAQ
2008-01-31,2120.0,2340.0,2120.0,2250.0,110083.0,244525960.0,91044076500.0,40464034,KOSDAQ
2008-02-01,2280.0,2300.0,2180.0,2265.0,152489.0,341424360.0,91651037010.0,40464034,KOSDAQ
2008-02-04,2265.0,2265.0,2210.0,2220.0,107565.0,239506095.0,89830155480.0,40464034,KOSDAQ
2008-02-05,2185.0,2250.0,2175.0,2220.0,99133.0,218974580.0,89830155480.0,40464034,KOSDAQ
2008-02-11,2215.0,2220.0,2130.0,2220.0,69797.0,152281555.0,89830155480.0,40464034,KOSDAQ
2008-02-12,2220.0,2400.0,2220.0,2300.0,93628.0,213458685.0,93067278200.0,40464034,KOSDAQ
2008-02-13,2300.0,2355.0,2260.0,2275.0,96263.0,219580360.0,92055677350.0,40464034,KOSDAQ
2008-02-14,2310.0,2380.0,2265.0,2340.0,144498.0,333005105.0,94685839560.0,40464034,KOSDAQ
2008-02-15,2330.0,2330.0,2250.0,2295.0,88292.0,201765875.0,92864958030.0,40464034,KOSDAQ
2008-02-18,2310.0,2360.0,2275.0,2300.0,72009.0,165512465.0,93067278200.0,40464034,KOSDAQ
2008-02-19,2335.0,2370.0,2290.0,2360.0,67505.0,157049460.0,95495120240.0,40464034,KOSDAQ
2008-02-20,2490.0,2490.0,2350.0,2375.0,99333.0,238576350.0,96102080750.0,40464034,KOSDAQ
2008-02-21,2450.0,2450.0,2370.0,2400.0,45091.0,107844620.0,97113681600.0,40464034,KOSDAQ
2008-02-22,2400.0,2400.0,2335.0,2390.0,35557.0,84136945.0,96709041260.0,40464034,KOSDAQ
2008-02-25,2385.0,2425.0,2305.0,2360.0,84551.0,200158725.0,95495120240.0,40464034,KOSDAQ
2008-02-26,2435.0,2435.0,2275.0,2370.0,87606.0,204614930.0,95899760580.0,40464034,KOSDAQ
2008-02-27,2370.0,2380.0,2295.0,2370.0,30241.0,70587150.0,95899760580.0,40464034,KOSDAQ
2008-02-28,2370.0,2390.0,2340.0,2390.0,37176.0,88068095.0,96709041260.0,40464034,KOSDAQ
2008-02-29,2425.0,2470.0,2395.0,2470.0,118354.0,288286595.0,99946163980.0,40464034,KOSDAQ
2008-03-03,2430.0,2540.0,2410.0,2500.0,123377.0,307009485.0,101160085000.0,40464034,KOSDAQ
2008-03-04,2500.0,2530.0,2440.0,2440.0,117396.0,291084485.0,98732242960.0,40464034,KOSDAQ
2008-03-05,2455.0,2495.0,2425.0,2440.0,80750.0,197770850.0,98732242960.0,40464034,KOSDAQ
2008-03-06,2425.0,2515.0,2425.0,2495.0,71959.0,178688635.0,100957764830.0,40464034,KOSDAQ
2008-03-07,2430.0,2510.0,2420.0,2450.0,77833.0,190804325.0,99136883300.0,40464034,KOSDAQ
2008-03-10,2335.0,2460.0,2335.0,2440.0,94895.0,227211770.0,98732242960.0,40464034,KOSDAQ
2008-03-11,2440.0,2460.0,2370.0,2450.0,54444.0,132632605.0,99136883300.0,40464034,KOSDAQ
2008-03-12,2480.0,2480.0,2420.0,2455.0,38131.0,93362390.0,99339203470.0,40464034,KOSDAQ
2008-03-13,2430.0,2480.0,2405.0,2445.0,52217.0,127302075.0,98934563130.0,40464034,KOSDAQ
2008-03-14,2445.0,2455.0,2385.0,2430.0,40135.0,96440555.0,98327602620.0,40464034,KOSDAQ
2008-03-17,2455.0,2455.0,2200.0,2320.0,115970.0,264260275.0,93876558880.0,40464034,KOSDAQ
2008-03-18,2320.0,2320.0,2260.0,2300.0,36908.0,84093200.0,93067278200.0,40464034,KOSDAQ
2008-03-19,2355.0,2440.0,2345.0,2420.0,94925.0,228397510.0,97922962280.0,40464034,KOSDAQ
2008-03-20,2460.0,2460.0,2375.0,2380.0,67631.0,161880745.0,96304400920.0,40464034,KOSDAQ
2008-03-21,2380.0,2400.0,2340.0,2380.0,65144.0,154260035.0,96304400920.0,40464034,KOSDAQ
2008-03-24,2320.0,2395.0,2320.0,2355.0,31641.0,74794405.0,95292800070.0,40464034,KOSDAQ
2008-03-25,2390.0,2390.0,2340.0,2390.0,67704.0,159608990.0,96709041260.0,40464034,KOSDAQ
2008-03-26,2390.0,2400.0,2320.0,2350.0,47526.0,112021530.0,95090479900.0,40464034,KOSDAQ
2008-03-27,2340.0,2390.0,2280.0,2330.0,34912.0,80655150.0,94281199220.0,40464034,KOSDAQ
2008-03-28,2345.0,2400.0,2270.0,2390.0,51890.0,120646445.0,96709041260.0,40464034,KOSDAQ
2008-03-31,2330.0,2390.0,2330.0,2370.0,20647.0,48790450.0,95899760580.0,40464034,KOSDAQ
2008-04-01,2360.0,2470.0,2320.0,2470.0,185869.0,448386870.0,99946163980.0,40464034,KOSDAQ
2008-04-02,2480.0,2700.0,2465.0,2680.0,359136.0,932702035.0,108443611120.0,40464034,KOSDAQ
2008-04-03,2660.0,2700.0,2630.0,2685.0,108315.0,289192430.0,108645931290.0,40464034,KOSDAQ
2008-04-04,2695.0,2780.0,2665.0,2775.0,148015.0,401853910.0,112287694350.0,40464034,KOSDAQ
2008-04-07,2790.0,2790.0,2720.0,2745.0,105903.0,291195710.0,111073773330.0,40464034,KOSDAQ
2008-04-08,2705.0,2750.0,2630.0,2720.0,83450.0,224434480.0,110062172480.0,40464034,KOSDAQ
2008-04-10,2680.0,2715.0,2625.0,2695.0,43156.0,114612035.0,109050571630.0,40464034,KOSDAQ
2008-04-11,2715.0,2745.0,2650.0,2710.0,77994.0,210714330.0,109657532140.0,40464034,KOSDAQ
2008-04-14,2700.0,2700.0,2585.0,2585.0,84558.0,222894705.0,104599527890.0,40464034,KOSDAQ
2008-04-15,2595.0,2630.0,2500.0,2630.0,98329.0,252225670.0,106420409420.0,40464034,KOSDAQ
2008-04-16,2585.0,2690.0,2585.0,2685.0,38009.0,100364090.0,108645931290.0,40464034,KOSDAQ
2008-04-17,2700.0,2780.0,2670.0,2740.0,117115.0,318232120.0,110871453160.0,40464034,KOSDAQ
2008-04-18,2770.0,2820.0,2745.0,2775.0,226738.0,630941575.0,112287694350.0,40464034,KOSDAQ
2008-04-21,2710.0,2800.0,2710.0,2775.0,72299.0,200291535.0,112287694350.0,40464034,KOSDAQ
2008-04-22,2775.0,2775.0,2650.0,2715.0,82315.0,222214675.0,109859852310.0,40464034,KOSDAQ
2008-04-23,2640.0,2715.0,2575.0,2650.0,148607.0,391123935.0,107229690100.0,40464034,KOSDAQ
2008-04-24,2600.0,2685.0,2590.0,2660.0,104403.0,272699200.0,107634330440.0,40464034,KOSDAQ
2008-04-25,2610.0,2695.0,2600.0,2600.0,100408.0,264190515.0,105206488400.0,40464034,KOSDAQ
2008-04-28,2600.0,2645.0,2530.0,2600.0,97356.0,254514115.0,105206488400.0,40464034,KOSDAQ
2008-04-29,2560.0,2630.0,2420.0,2450.0,101655.0,254771800.0,99136883300.0,40464034,KOSDAQ
2008-04-30,2420.0,2500.0,2400.0,2440.0,107714.0,263345570.0,98732242960.0,40464034,KOSDAQ
2008-05-02,2445.0,2495.0,2390.0,2440.0,91293.0,221360400.0,98732242960.0,40464034,KOSDAQ
2008-05-06,2450.0,2505.0,2390.0,2415.0,93363.0,226871200.0,97720642110.0,40464034,KOSDAQ
2008-05-07,2440.0,2440.0,2360.0,2395.0,88849.0,212410320.0,96911361430.0,40464034,KOSDAQ
2008-05-08,2390.0,2415.0,2350.0,2400.0,97410.0,232212920.0,97113681600.0,40464034,KOSDAQ
2008-05-09,2405.0,2440.0,2370.0,2375.0,49600.0,118731135.0,96102080750.0,40464034,KOSDAQ
2008-05-13,2345.0,2440.0,2310.0,2415.0,75118.0,179663875.0,97720642110.0,40464034,KOSDAQ
2008-05-14,2415.0,2415.0,2355.0,2400.0,78076.0,185520275.0,97113681600.0,40464034,KOSDAQ
2008-05-15,2410.0,2410.0,2370.0,2395.0,56762.0,135293050.0,96911361430.0,40464034,KOSDAQ
2008-05-16,2400.0,2430.0,2320.0,2350.0,106132.0,251341565.0,95090479900.0,40464034,KOSDAQ
2008-05-19,2350.0,2380.0,2250.0,2270.0,107009.0,245467410.0,91853357180.0,40464034,KOSDAQ
2008-05-20,2235.0,2320.0,2215.0,2255.0,65852.0,148341905.0,91246396670.0,40464034,KOSDAQ
2008-05-21,2235.0,2250.0,2195.0,2205.0,71600.0,159011900.0,89223194970.0,40464034,KOSDAQ
2008-05-22,2200.0,2200.0,2100.0,2125.0,69190.0,147837125.0,85986072250.0,40464034,KOSDAQ
2008-05-23,2130.0,2200.0,2100.0,2160.0,65529.0,141183460.0,87402313440.0,40464034,KOSDAQ
2008-05-26,2130.0,2210.0,2130.0,2180.0,44168.0,96109775.0,88211594120.0,40464034,KOSDAQ
2008-05-27,2180.0,2250.0,2180.0,2210.0,35178.0,77954940.0,89425515140.0,40464034,KOSDAQ
2008-05-28,2210.0,2225.0,2120.0,2175.0,38832.0,84278830.0,88009273950.0,40464034,KOSDAQ
2008-05-29,2175.0,2200.0,2130.0,2150.0,46890.0,100968520.0,86997673100.0,40464034,KOSDAQ
2008-05-30,2155.0,2215.0,2140.0,2185.0,41811.0,90764335.0,88413914290.0,40464034,KOSDAQ
2008-06-02,2170.0,2205.0,2140.0,2200.0,57339.0,123956570.0,89020874800.0,40464034,KOSDAQ
2008-06-03,2155.0,2260.0,2155.0,2250.0,51168.0,114081225.0,91044076500.0,40464034,KOSDAQ
2008-06-04,2275.0,2395.0,2260.0,2340.0,78577.0,185216365.0,94685839560.0,40464034,KOSDAQ
2008-06-05,2350.0,2390.0,2300.0,2350.0,37496.0,87907920.0,95090479900.0,40464034,KOSDAQ
2008-06-09,2340.0,2370.0,2315.0,2345.0,42769.0,100118675.0,94888159730.0,40464034,KOSDAQ
2008-06-10,2300.0,2335.0,2245.0,2320.0,108428.0,249174475.0,93876558880.0,40464034,KOSDAQ
2008-06-11,2340.0,2350.0,2300.0,2320.0,52255.0,121600150.0,93876558880.0,40464034,KOSDAQ
2008-06-12,2325.0,2370.0,2300.0,2340.0,38666.0,89861300.0,94685839560.0,40464034,KOSDAQ
2008-06-13,2340.0,2370.0,2290.0,2360.0,37247.0,86574115.0,95495120240.0,40464034,KOSDAQ
2008-06-16,2360.0,2400.0,2345.0,2390.0,24599.0,58440455.0,96709041260.0,40464034,KOSDAQ
2008-06-17,2395.0,2540.0,2395.0,2540.0,143216.0,354916945.0,102778646360.0,40464034,KOSDAQ
2008-06-18,2580.0,2650.0,2470.0,2570.0,103703.0,267940570.0,103992567380.0,40464034,KOSDAQ
2008-06-19,2575.0,2575.0,2475.0,2530.0,122546.0,305845430.0,102374006020.0,40464034,KOSDAQ
2008-06-20,2530.0,2535.0,2485.0,2515.0,33623.0,84220695.0,101767045510.0,40464034,KOSDAQ
2008-06-23,2470.0,2540.0,2470.0,2500.0,51390.0,128466160.0,101160085000.0,40464034,KOSDAQ
2008-06-24,2500.0,2500.0,2405.0,2430.0,18213.0,44816405.0,98327602620.0,40464034,KOSDAQ
2008-06-25,2410.0,2450.0,2380.0,2400.0,15206.0,36527115.0,97113681600.0,40464034,KOSDAQ
2008-06-26,2400.0,2470.0,2365.0,2390.0,49527.0,118974995.0,96709041260.0,40464034,KOSDAQ
2008-06-27,2390.0,2415.0,2295.0,2295.0,68800.0,158825445.0,92864958030.0,40464034,KOSDAQ
2008-06-30,2295.0,2295.0,2210.0,2260.0,24336.0,54555725.0,91448716840.0,40464034,KOSDAQ
2008-07-01,2240.0,2355.0,2205.0,2215.0,20860.0,46865565.0,89627835310.0,40464034,KOSDAQ
2008-07-02,2215.0,2215.0,2100.0,2105.0,68194.0,144730900.0,85176791570.0,40464034,KOSDAQ
2008-07-03,2000.0,2100.0,1970.0,2100.0,60930.0,124152805.0,84974471400.0,40464034,KOSDAQ
2008-07-04,2130.0,2275.0,2065.0,2180.0,24402.0,52668700.0,88211594120.0,40464034,KOSDAQ
2008-07-07,2160.0,2220.0,2140.0,2165.0,24673.0,53263430.0,87604633610.0,40464034,KOSDAQ
2008-07-08,2195.0,2200.0,2010.0,2065.0,53255.0,113056150.0,83558230210.0,40464034,KOSDAQ
2008-07-09,2125.0,2150.0,2000.0,2045.0,51945.0,105300880.0,82748949530.0,40464034,KOSDAQ
2008-07-10,2000.0,2080.0,1995.0,2080.0,16236.0,32823430.0,84165190720.0,40464034,KOSDAQ
2008-07-11,2110.0,2120.0,2025.0,2105.0,47496.0,98558090.0,85176791570.0,40464034,KOSDAQ
2008-07-14,2105.0,2105.0,2050.0,2105.0,13721.0,28575720.0,85176791570.0,40464034,KOSDAQ
2008-07-15,2115.0,2115.0,2010.0,2060.0,10205.0,20810210.0,83355910040.0,40464034,KOSDAQ
2008-07-16,2060.0,2060.0,1975.0,2030.0,43379.0,87843560.0,82141989020.0,40464034,KOSDAQ
2008-07-17,2060.0,2060.0,2000.0,2020.0,15172.0,30847380.0,81737348680.0,40464034,KOSDAQ
2008-07-18,2050.0,2050.0,1980.0,2025.0,16327.0,32971075.0,81939668850.0,40464034,KOSDAQ
2008-07-21,2050.0,2050.0,1980.0,2040.0,26492.0,53082210.0,82546629360.0,40464034,KOSDAQ
2008-07-22,2010.0,2035.0,1990.0,2010.0,20263.0,40628660.0,81332708340.0,40464034,KOSDAQ
2008-07-23,2010.0,2030.0,1990.0,2030.0,22873.0,45856340.0,82141989020.0,40464034,KOSDAQ
2008-07-24,2040.0,2120.0,2030.0,2115.0,40516.0,84735950.0,85581431910.0,40464034,KOSDAQ
2008-07-25,2065.0,2140.0,2065.0,2130.0,8354.0,17660910.0,86188392420.0,40464034,KOSDAQ
2008-07-28,2150.0,2150.0,2080.0,2120.0,22530.0,47148470.0,85783752080.0,40464034,KOSDAQ
2008-07-29,2145.0,2145.0,2005.0,2055.0,16932.0,34828740.0,83153589870.0,40464034,KOSDAQ
2008-07-30,2035.0,2140.0,2010.0,2095.0,17048.0,35700340.0,84772151230.0,40464034,KOSDAQ
2008-07-31,2090.0,2100.0,2035.0,2050.0,16285.0,33348770.0,82951269700.0,40464034,KOSDAQ
2008-08-01,2070.0,2070.0,2000.0,2035.0,18563.0,37287915.0,82344309190.0,40464034,KOSDAQ
2008-08-04,2065.0,2065.0,1970.0,2025.0,14242.0,28462930.0,81939668850.0,40464034,KOSDAQ
2008-08-05,2040.0,2040.0,1955.0,1955.0,27299.0,53774660.0,79107186470.0,40464034,KOSDAQ
2008-08-06,1975.0,2010.0,1955.0,2010.0,32247.0,63400585.0,81332708340.0,40464034,KOSDAQ
2008-08-07,2040.0,2040.0,1960.0,1990.0,13551.0,26728435.0,80523427660.0,40464034,KOSDAQ
2008-08-08,1980.0,1985.0,1940.0,1985.0,28033.0,54919970.0,80321107490.0,40464034,KOSDAQ
2008-08-11,2010.0,2130.0,1975.0,2100.0,39440.0,79874065.0,84974471400.0,40464034,KOSDAQ
2008-08-12,2100.0,2100.0,2025.0,2075.0,9100.0,18646530.0,83962870550.0,40464034,KOSDAQ
2008-08-13,2075.0,2085.0,2025.0,2085.0,6630.0,13596730.0,84367510890.0,40464034,KOSDAQ
2008-08-14,2100.0,2100.0,2085.0,2085.0,1005.0,2095470.0,84367510890.0,40464034,KOSDAQ
2008-08-18,2010.0,2075.0,2010.0,2030.0,6674.0,13596490.0,82141989020.0,40464034,KOSDAQ
2008-08-19,2010.0,2010.0,1965.0,1995.0,36029.0,71175090.0,80725747830.0,40464034,KOSDAQ
2008-08-20,2040.0,2040.0,1955.0,1995.0,14634.0,28870765.0,80725747830.0,40464034,KOSDAQ
2008-08-21,2050.0,2050.0,1950.0,1990.0,3407.0,6706370.0,80523427660.0,40464034,KOSDAQ
2008-08-22,1930.0,1935.0,1850.0,1910.0,31451.0,59494965.0,77286304940.0,40464034,KOSDAQ
2008-08-25,1900.0,1960.0,1855.0,1860.0,36549.0,69738450.0,75263103240.0,40464034,KOSDAQ
2008-08-26,1860.0,1860.0,1780.0,1850.0,27226.0,49277455.0,74858462900.0,40464034,KOSDAQ
2008-08-27,1845.0,1845.0,1610.0,1670.0,15962.0,27822555.0,67574936780.0,40464034,KOSDAQ
2008-08-28,1700.0,1700.0,1600.0,1675.0,34065.0,55605380.0,67777256950.0,40464034,KOSDAQ
2008-08-29,1730.0,1750.0,1700.0,1720.0,8839.0,15255155.0,69598138480.0,40464034,KOSDAQ
2008-09-01,1700.0,1700.0,1465.0,1525.0,104486.0,162587760.0,61707651850.0,40464034,KOSDAQ
2008-09-02,1525.0,1620.0,1450.0,1480.0,25837.0,38488450.0,59886770320.0,40464034,KOSDAQ
2008-09-03,1375.0,1540.0,1315.0,1520.0,32407.0,47078070.0,61505331680.0,40464034,KOSDAQ
2008-09-04,1420.0,1620.0,1420.0,1575.0,21267.0,32492010.0,63730853550.0,40464034,KOSDAQ
2008-09-05,1615.0,1615.0,1525.0,1590.0,24221.0,37951050.0,64337814060.0,40464034,KOSDAQ
2008-09-08,1640.0,1770.0,1620.0,1740.0,10700.0,18030435.0,70407419160.0,40464034,KOSDAQ
2008-09-09,1755.0,1810.0,1585.0,1735.0,16541.0,28605410.0,70205098990.0,40464034,KOSDAQ
2008-09-10,1665.0,1875.0,1660.0,1730.0,16073.0,27067610.0,70002778820.0,40464034,KOSDAQ
2008-09-11,1730.0,1800.0,1730.0,1785.0,8903.0,15588010.0,72228300690.0,40464034,KOSDAQ
2008-09-12,1785.0,1900.0,1785.0,1860.0,13758.0,25369840.0,75263103240.0,40464034,KOSDAQ
2008-09-16,1605.0,1800.0,1605.0,1740.0,20329.0,34682910.0,70407419160.0,40464034,KOSDAQ
2008-09-17,1780.0,1815.0,1765.0,1815.0,9851.0,17691580.0,73442221710.0,40464034,KOSDAQ
2008-09-18,1820.0,1890.0,1700.0,1710.0,22021.0,38980260.0,69193498140.0,40464034,KOSDAQ
2008-09-19,1800.0,1800.0,1740.0,1790.0,4787.0,8457615.0,72430620860.0,40464034,KOSDAQ
2008-09-22,1775.0,1790.0,1705.0,1755.0,9985.0,17420300.0,71014379670.0,40464034,KOSDAQ
2008-09-23,1755.0,1755.0,1640.0,1730.0,12297.0,20887480.0,70002778820.0,40464034,KOSDAQ
2008-09-24,1720.0,1785.0,1655.0,1665.0,11892.0,20214245.0,67372616610.0,40464034,KOSDAQ
2008-09-25,1750.0,1750.0,1605.0,1700.0,7503.0,12390375.0,68788857800.0,40464034,KOSDAQ
2008-09-26,1790.0,1790.0,1650.0,1700.0,10587.0,17549755.0,68788857800.0,40464034,KOSDAQ
2008-09-29,1760.0,1760.0,1620.0,1620.0,11425.0,18826380.0,65551735080.0,40464034,KOSDAQ
2008-09-30,1500.0,1690.0,1485.0,1625.0,2924.0,4693325.0,65754055250.0,40464034,KOSDAQ
2008-10-01,1630.0,1700.0,1625.0,1675.0,5724.0,9404830.0,67777256950.0,40464034,KOSDAQ
2008-10-02,1700.0,1700.0,1585.0,1695.0,6209.0,10497210.0,68586537630.0,40464034,KOSDAQ
2008-10-06,1635.0,1720.0,1600.0,1680.0,6027.0,9789650.0,67979577120.0,40464034,KOSDAQ
2008-10-07,1510.0,1670.0,1510.0,1630.0,2145.0,3480600.0,65956375420.0,40464034,KOSDAQ
2008-10-08,1600.0,1700.0,1500.0,1600.0,16364.0,25176665.0,64742454400.0,40464034,KOSDAQ
2008-10-09,1700.0,1700.0,1480.0,1580.0,7030.0,11010790.0,63933173720.0,40464034,KOSDAQ
2008-10-10,1660.0,1660.0,1355.0,1550.0,12756.0,18605695.0,62719252700.0,40464034,KOSDAQ
2008-10-13,1740.0,1740.0,1340.0,1560.0,10479.0,16306270.0,63123893040.0,40464034,KOSDAQ
2008-10-14,1635.0,1730.0,1540.0,1660.0,33046.0,52910110.0,67170296440.0,40464034,KOSDAQ
2008-10-15,1690.0,1690.0,1580.0,1650.0,2243.0,3673985.0,66765656100.0,40464034,KOSDAQ
2008-10-16,1640.0,1640.0,1480.0,1555.0,10959.0,16738410.0,62921572870.0,40464034,KOSDAQ
2008-10-17,1555.0,1685.0,1400.0,1515.0,14970.0,22552760.0,61303011510.0,40464034,KOSDAQ
2008-10-20,1675.0,1675.0,1420.0,1500.0,8322.0,12321255.0,60696051000.0,40464034,KOSDAQ
2008-10-21,1500.0,1600.0,1435.0,1530.0,16674.0,25073885.0,61909972020.0,40464034,KOSDAQ
2008-10-22,1580.0,1580.0,1345.0,1400.0,16624.0,23333620.0,56649647600.0,40464034,KOSDAQ
2008-10-23,1450.0,1450.0,1190.0,1190.0,134580.0,160653070.0,48152200460.0,40464034,KOSDAQ
2008-10-24,1015.0,1180.0,1015.0,1015.0,51616.0,54732495.0,41070994510.0,40464034,KOSDAQ
2008-10-27,980.0,1165.0,865.0,1140.0,150914.0,136865815.0,46128998760.0,40464034,KOSDAQ
2008-10-28,1080.0,1270.0,1000.0,1270.0,60791.0,66105050.0,51389323180.0,40464034,KOSDAQ
2008-10-29,1335.0,1335.0,1160.0,1290.0,18018.0,22843375.0,52198603860.0,40464034,KOSDAQ
2008-10-30,1400.0,1480.0,1160.0,1410.0,109680.0,154854715.0,57054287940.0,40464034,KOSDAQ
2008-10-31,1560.0,1590.0,1335.0,1400.0,35141.0,48982295.0,56649647600.0,40464034,KOSDAQ
2008-11-03,1490.0,1490.0,1330.0,1420.0,17217.0,23897680.0,57458928280.0,40464034,KOSDAQ
2008-11-04,1450.0,1450.0,1315.0,1375.0,14304.0,19367575.0,55638046750.0,40464034,KOSDAQ
2008-11-05,1380.0,1420.0,1315.0,1330.0,38807.0,53023595.0,53817165220.0,40464034,KOSDAQ
2008-11-06,1250.0,1400.0,1230.0,1265.0,12888.0,16374810.0,51187003010.0,40464034,KOSDAQ
2008-11-07,1105.0,1300.0,1105.0,1240.0,18892.0,23454165.0,50175402160.0,40464034,KOSDAQ
2008-11-10,1240.0,1350.0,1195.0,1200.0,24577.0,30174910.0,48556840800.0,40464034,KOSDAQ
2008-11-11,1200.0,1270.0,1170.0,1210.0,19521.0,23586765.0,48961481140.0,40464034,KOSDAQ
2008-11-12,1130.0,1235.0,1125.0,1145.0,17848.0,20641870.0,46331318930.0,40464034,KOSDAQ
2008-11-13,975.0,1200.0,975.0,1165.0,62570.0,64436450.0,47140599610.0,40464034,KOSDAQ
2008-11-14,1165.0,1280.0,1095.0,1190.0,16546.0,18649735.0,48152200460.0,40464034,KOSDAQ
2008-11-17,1190.0,1190.0,1040.0,1180.0,7197.0,8180035.0,47747560120.0,40464034,KOSDAQ
2008-11-18,1195.0,1195.0,1075.0,1075.0,21093.0,22987665.0,43498836550.0,40464034,KOSDAQ
2008-11-19,1040.0,1120.0,1040.0,1100.0,14709.0,15703655.0,44510437400.0,40464034,KOSDAQ
2008-11-20,1120.0,1120.0,995.0,995.0,9580.0,9850160.0,40261713830.0,40464034,KOSDAQ
2008-11-21,950.0,1020.0,935.0,1005.0,17175.0,17011675.0,40666354170.0,40464034,KOSDAQ
2008-11-24,990.0,1045.0,985.0,990.0,10658.0,10576825.0,40059393660.0,40464034,KOSDAQ
2008-11-25,1000.0,1040.0,950.0,990.0,28434.0,27898750.0,40059393660.0,40464034,KOSDAQ
2008-11-26,960.0,1030.0,915.0,985.0,24547.0,23501470.0,39857073490.0,40464034,KOSDAQ
2008-11-27,1010.0,1010.0,970.0,980.0,11979.0,11767140.0,39654753320.0,40464034,KOSDAQ
2008-11-28,1025.0,1025.0,925.0,985.0,19824.0,19422910.0,39857073490.0,40464034,KOSDAQ
2008-12-01,985.0,1000.0,965.0,1000.0,11216.0,11072390.0,40464034000.0,40464034,KOSDAQ
2008-12-02,950.0,1025.0,950.0,995.0,1643.0,1577415.0,40261713830.0,40464034,KOSDAQ
2008-12-03,995.0,1000.0,970.0,990.0,7471.0,7346770.0,40059393660.0,40464034,KOSDAQ
2008-12-04,1000.0,1000.0,910.0,980.0,14361.0,13746065.0,39654753320.0,40464034,KOSDAQ
2008-12-05,980.0,995.0,950.0,985.0,13939.0,13657430.0,39857073490.0,40464034,KOSDAQ
2008-12-08,985.0,1000.0,950.0,995.0,28801.0,28457080.0,40261713830.0,40464034,KOSDAQ
2008-12-09,1010.0,1095.0,990.0,1045.0,17540.0,17725120.0,42284915530.0,40464034,KOSDAQ
2008-12-10,1075.0,1080.0,1000.0,1010.0,39011.0,39430085.0,40868674340.0,40464034,KOSDAQ
2008-12-11,1025.0,1025.0,985.0,1005.0,39973.0,40006040.0,40666354170.0,40464034,KOSDAQ
2008-12-12,970.0,1015.0,970.0,1015.0,48306.0,48214690.0,41070994510.0,40464034,KOSDAQ
2008-12-15,1080.0,1080.0,1010.0,1030.0,17337.0,17706190.0,41677955020.0,40464034,KOSDAQ
2008-12-16,1010.0,1035.0,1010.0,1035.0,10147.0,10375540.0,41880275190.0,40464034,KOSDAQ
2008-12-17,1090.0,1090.0,1005.0,1055.0,29283.0,30425850.0,42689555870.0,40464034,KOSDAQ
2008-12-18,1035.0,1055.0,1020.0,1040.0,18793.0,19350090.0,42082595360.0,40464034,KOSDAQ
2008-12-19,1075.0,1075.0,1035.0,1055.0,1982.0,2082850.0,42689555870.0,40464034,KOSDAQ
2008-12-22,1090.0,1110.0,1040.0,1110.0,48988.0,52872610.0,44915077740.0,40464034,KOSDAQ
2008-12-23,1120.0,1235.0,1070.0,1165.0,127078.0,146688535.0,47140599610.0,40464034,KOSDAQ
2008-12-24,1200.0,1200.0,1070.0,1115.0,22359.0,25010410.0,45117397910.0,40464034,KOSDAQ
2008-12-26,1120.0,1170.0,1040.0,1060.0,51422.0,54964440.0,42891876040.0,40464034,KOSDAQ
2008-12-29,1080.0,1120.0,1040.0,1075.0,15319.0,16297775.0,43498836550.0,40464034,KOSDAQ
2008-12-30,1090.0,1100.0,1050.0,1100.0,16664.0,17711610.0,44510437400.0,40464034,KOSDAQ
