d,o,h,l,c,v,a,mc,s,m
2018-01-02,1885.0,1925.0,1885.0,1925.0,173255.0,330257780.0,68144819050.0,35399906,KOSDAQ
2018-01-03,1920.0,1990.0,1915.0,1960.0,348628.0,681679020.0,69383815760.0,35399906,KOSDAQ
2018-01-04,1965.0,2000.0,1930.0,1940.0,267393.0,524547595.0,68675817640.0,35399906,KOSDAQ
2018-01-05,1970.0,2010.0,1925.0,1950.0,294533.0,575806100.0,69029816700.0,35399906,KOSDAQ
2018-01-08,1955.0,1995.0,1940.0,1960.0,265607.0,520628245.0,69383815760.0,35399906,KOSDAQ
2018-01-09,1970.0,2545.0,1955.0,2455.0,20215808.0,48591803035.0,86906769230.0,35399906,KOSDAQ
2018-01-10,2370.0,2440.0,2225.0,2330.0,5859952.0,13586178635.0,82481780980.0,35399906,KOSDAQ
2018-01-11,2270.0,2380.0,2255.0,2350.0,3130954.0,7244281670.0,83189779100.0,35399906,KOSDAQ
2018-01-12,2320.0,2330.0,2195.0,2220.0,2071647.0,4649068500.0,78587791320.0,35399906,KOSDAQ
2018-01-15,2195.0,2265.0,2180.0,2225.0,1142197.0,2528774415.0,78764790850.0,35399906,KOSDAQ
2018-01-16,2235.0,2340.0,2180.0,2340.0,2213690.0,5021866730.0,82835780040.0,35399906,KOSDAQ
2018-01-17,2370.0,2430.0,2270.0,2290.0,2843083.0,6705100575.0,81065784740.0,35399906,KOSDAQ
2018-01-18,2290.0,2435.0,2260.0,2300.0,1518925.0,3547253395.0,81419783800.0,35399906,KOSDAQ
2018-01-19,2315.0,2365.0,2280.0,2325.0,1093080.0,2534697615.0,82304781450.0,35399906,KOSDAQ
2018-01-22,2385.0,2430.0,2335.0,2390.0,2678766.0,6404285480.0,84605775340.0,35399906,KOSDAQ
2018-01-23,2410.0,2415.0,2310.0,2360.0,973171.0,2289246015.0,83543778160.0,35399906,KOSDAQ
2018-01-24,2360.0,2390.0,2250.0,2280.0,880434.0,2037174830.0,80711785680.0,35399906,KOSDAQ
2018-01-25,2280.0,2370.0,2280.0,2365.0,862190.0,2015097250.0,83720777690.0,35399906,KOSDAQ
2018-01-26,2400.0,2520.0,2360.0,2485.0,3175761.0,7789160075.0,87968766410.0,35399906,KOSDAQ
2018-01-29,2485.0,2525.0,2390.0,2440.0,1470078.0,3605640795.0,86375770640.0,35399906,KOSDAQ
2018-01-30,2450.0,2545.0,2380.0,2545.0,1443845.0,3553213455.0,90092760770.0,35399906,KOSDAQ
2018-01-31,2540.0,3245.0,2510.0,2920.0,27166883.0,79946902570.0,103367725520.0,35399906,KOSDAQ
2018-02-01,2880.0,2965.0,2830.0,2925.0,5274983.0,15316466115.0,103544725050.0,35399906,KOSDAQ
2018-02-02,2910.0,2970.0,2750.0,2870.0,2623356.0,7537421935.0,101597730220.0,35399906,KOSDAQ
2018-02-05,2725.0,2790.0,2660.0,2720.0,1936861.0,5270062055.0,96287744320.0,35399906,KOSDAQ
2018-02-06,2620.0,2665.0,2470.0,2645.0,2804759.0,7207927880.0,93632751370.0,35399906,KOSDAQ
2018-02-07,2695.0,3195.0,2620.0,2890.0,17042965.0,50659902670.0,102305728340.0,35399906,KOSDAQ
2018-02-08,2810.0,3170.0,2785.0,2800.0,6560568.0,19488052770.0,99119736800.0,35399906,KOSDAQ
2018-02-09,2690.0,2950.0,2650.0,2855.0,3705627.0,10536426835.0,101066731630.0,35399906,KOSDAQ
2018-02-12,2945.0,3275.0,2870.0,3015.0,11287367.0,34919196030.0,106730716590.0,35399906,KOSDAQ
2018-02-13,3090.0,3090.0,2800.0,2800.0,3220404.0,9420059125.0,99119736800.0,35399906,KOSDAQ
2018-02-14,2890.0,3340.0,2875.0,2980.0,18893374.0,58886413475.0,105491719880.0,35399906,KOSDAQ
2018-02-19,3050.0,3185.0,3015.0,3075.0,4184577.0,12946290535.0,108854710950.0,35399906,KOSDAQ
2018-02-20,3140.0,3160.0,2955.0,3000.0,2711427.0,8261567750.0,106199718000.0,35399906,KOSDAQ
2018-02-21,3105.0,3670.0,3070.0,3330.0,23632121.0,79837017000.0,117881686980.0,35399906,KOSDAQ
2018-02-22,3290.0,3355.0,3220.0,3290.0,2984280.0,9775658625.0,116465690740.0,35399906,KOSDAQ
2018-02-23,3295.0,3320.0,3155.0,3195.0,2371121.0,7650270180.0,113102699670.0,35399906,KOSDAQ
2018-02-26,3220.0,3265.0,3135.0,3200.0,1983877.0,6345727590.0,113279699200.0,35399906,KOSDAQ
2018-02-27,3200.0,3235.0,2995.0,3000.0,2616424.0,8017959675.0,106199718000.0,35399906,KOSDAQ
2018-02-28,2985.0,2990.0,2775.0,2835.0,2093690.0,5980403590.0,100358733510.0,35399906,KOSDAQ
2018-03-02,2800.0,2865.0,2725.0,2845.0,1363207.0,3832168195.0,100712732570.0,35399906,KOSDAQ
2018-03-05,2845.0,3100.0,2805.0,2935.0,4264257.0,12720984730.0,103898724110.0,35399906,KOSDAQ
2018-03-06,2970.0,3025.0,2855.0,2895.0,1227425.0,3594059480.0,102482727870.0,35399906,KOSDAQ
2018-03-07,2885.0,2905.0,2705.0,2720.0,1102654.0,3087110105.0,96287744320.0,35399906,KOSDAQ
2018-03-08,2775.0,2890.0,2730.0,2875.0,1072691.0,3043736290.0,101774729750.0,35399906,KOSDAQ
2018-03-09,2910.0,2945.0,2850.0,2875.0,939806.0,2719057220.0,101774729750.0,35399906,KOSDAQ
2018-03-12,2905.0,3020.0,2855.0,2975.0,1121816.0,3307732490.0,105314720350.0,35399906,KOSDAQ
2018-03-13,2980.0,2980.0,2880.0,2915.0,703307.0,2044453160.0,103190725990.0,35399906,KOSDAQ
2018-03-14,2905.0,2910.0,2820.0,2825.0,710560.0,2028598490.0,100004734450.0,35399906,KOSDAQ
2018-03-15,2820.0,2845.0,2770.0,2820.0,503254.0,1406986440.0,99827734920.0,35399906,KOSDAQ
2018-03-16,2825.0,2840.0,2775.0,2815.0,417263.0,1171867975.0,99650735390.0,35399906,KOSDAQ
2018-03-19,2840.0,2840.0,2660.0,2665.0,913337.0,2488620880.0,94340749490.0,35399906,KOSDAQ
2018-03-20,2665.0,2750.0,2650.0,2700.0,552365.0,1489121380.0,95579746200.0,35399906,KOSDAQ
2018-03-21,2700.0,2740.0,2635.0,2640.0,575640.0,1539816745.0,93455751840.0,35399906,KOSDAQ
2018-03-22,2645.0,2810.0,2635.0,2750.0,1687075.0,4614179745.0,97349741500.0,35399906,KOSDAQ
2018-03-23,2630.0,2700.0,2560.0,2575.0,947288.0,2499140720.0,91154757950.0,35399906,KOSDAQ
2018-03-26,2540.0,2660.0,2510.0,2650.0,421477.0,1091950690.0,93809750900.0,35399906,KOSDAQ
2018-03-27,2660.0,2765.0,2660.0,2740.0,704147.0,1915923805.0,96995742440.0,35399906,KOSDAQ
2018-03-28,2700.0,2810.0,2700.0,2760.0,691800.0,1913999560.0,97703740560.0,35399906,KOSDAQ
2018-03-29,2755.0,2810.0,2730.0,2745.0,471934.0,1306494260.0,97172741970.0,35399906,KOSDAQ
2018-03-30,2745.0,2820.0,2745.0,2800.0,410197.0,1140709455.0,99119736800.0,35399906,KOSDAQ
2018-04-02,2790.0,2925.0,2785.0,2910.0,1592382.0,4582170370.0,103013726460.0,35399906,KOSDAQ
2018-04-03,2865.0,2940.0,2840.0,2870.0,879259.0,2551031770.0,101597730220.0,35399906,KOSDAQ
2018-04-04,2875.0,2900.0,2635.0,2740.0,843305.0,2351113105.0,96995742440.0,35399906,KOSDAQ
2018-04-05,2780.0,2795.0,2715.0,2720.0,514826.0,1411753100.0,96287744320.0,35399906,KOSDAQ
2018-04-06,2725.0,2850.0,2720.0,2795.0,675594.0,1885427320.0,98942737270.0,35399906,KOSDAQ
2018-04-09,2765.0,2955.0,2765.0,2935.0,1925140.0,5604348120.0,103898724110.0,35399906,KOSDAQ
2018-04-10,2925.0,2955.0,2855.0,2945.0,817108.0,2374595215.0,104252723170.0,35399906,KOSDAQ
2018-04-11,2955.0,3175.0,2955.0,3050.0,5095670.0,15801045720.0,107969713300.0,35399906,KOSDAQ
2018-04-12,3065.0,3110.0,2910.0,2910.0,1370999.0,4112715250.0,103013726460.0,35399906,KOSDAQ
2018-04-13,2930.0,3030.0,2850.0,2985.0,926534.0,2730789995.0,105668719410.0,35399906,KOSDAQ
2018-04-16,3015.0,3230.0,2980.0,3065.0,4014332.0,12551686970.0,108500711890.0,35399906,KOSDAQ
2018-04-17,3120.0,3245.0,3095.0,3210.0,3626660.0,11533312360.0,113633698260.0,35399906,KOSDAQ
2018-04-18,3240.0,3320.0,3090.0,3100.0,2540480.0,8159607855.0,109739708600.0,35399906,KOSDAQ
2018-04-19,3145.0,3260.0,3015.0,3260.0,2744422.0,8672899440.0,115403693560.0,35399906,KOSDAQ
2018-04-20,3260.0,3310.0,3165.0,3170.0,1637165.0,5274001360.0,112217702020.0,35399906,KOSDAQ
2018-04-23,3150.0,3150.0,2960.0,2960.0,1347066.0,4077931985.0,104783721760.0,35399906,KOSDAQ
2018-04-24,2970.0,3015.0,2910.0,2930.0,662618.0,1968893785.0,103721724580.0,35399906,KOSDAQ
2018-04-25,2885.0,2970.0,2850.0,2905.0,592861.0,1723743815.0,102836726930.0,35399906,KOSDAQ
2018-04-26,2945.0,3045.0,2905.0,2965.0,902636.0,2691927760.0,104960721290.0,35399906,KOSDAQ
2018-04-27,2970.0,3015.0,2870.0,2875.0,696477.0,2038554775.0,101774729750.0,35399906,KOSDAQ
2018-04-30,2860.0,2875.0,2700.0,2725.0,1184468.0,3260209350.0,96464743850.0,35399906,KOSDAQ
2018-05-02,2690.0,2755.0,2630.0,2755.0,707496.0,1904279110.0,97526741030.0,35399906,KOSDAQ
2018-05-03,2785.0,2795.0,2675.0,2685.0,514204.0,1398396645.0,95048747610.0,35399906,KOSDAQ
2018-05-04,2660.0,2745.0,2645.0,2670.0,400893.0,1071056165.0,94517749020.0,35399906,KOSDAQ
2018-05-08,2680.0,2745.0,2605.0,2615.0,397477.0,1062845835.0,92570754190.0,35399906,KOSDAQ
2018-05-09,2605.0,2815.0,2535.0,2670.0,955666.0,2569367860.0,94517749020.0,35399906,KOSDAQ
2018-05-10,2670.0,2750.0,2655.0,2735.0,259213.0,699998110.0,96818742910.0,35399906,KOSDAQ
2018-05-11,2760.0,2760.0,2700.0,2745.0,230197.0,627258370.0,97172741970.0,35399906,KOSDAQ
2018-05-14,2750.0,2785.0,2660.0,2760.0,566143.0,1542544440.0,97703740560.0,35399906,KOSDAQ
2018-05-15,2780.0,2810.0,2720.0,2725.0,303476.0,832765190.0,96464743850.0,35399906,KOSDAQ
2018-05-16,2725.0,2745.0,2645.0,2645.0,2663585.0,7061616950.0,93632751370.0,35399906,KOSDAQ
2018-05-17,2650.0,2735.0,2600.0,2690.0,375174.0,1011074980.0,95225747140.0,35399906,KOSDAQ
2018-05-18,2705.0,2865.0,2705.0,2830.0,828634.0,2330162540.0,100181733980.0,35399906,KOSDAQ
2018-05-21,2835.0,2865.0,2795.0,2825.0,421415.0,1194803240.0,100004734450.0,35399906,KOSDAQ
2018-05-23,2855.0,2885.0,2800.0,2835.0,554615.0,1576341720.0,100358733510.0,35399906,KOSDAQ
2018-05-24,2800.0,2895.0,2800.0,2855.0,476568.0,1351596085.0,101066731630.0,35399906,KOSDAQ
2018-05-25,2840.0,2840.0,2720.0,2780.0,400731.0,1114563535.0,98411738680.0,35399906,KOSDAQ
2018-05-28,2750.0,2850.0,2730.0,2810.0,405792.0,1136192330.0,99473735860.0,35399906,KOSDAQ
2018-05-29,2790.0,3040.0,2790.0,3000.0,2526539.0,7493521825.0,106199718000.0,35399906,KOSDAQ
2018-05-30,3025.0,3085.0,2950.0,2985.0,1377770.0,4147211540.0,105668719410.0,35399906,KOSDAQ
2018-05-31,3020.0,3100.0,2955.0,3010.0,1364929.0,4145122780.0,106553717060.0,35399906,KOSDAQ
2018-06-01,3020.0,3080.0,2935.0,2955.0,935616.0,2811316470.0,104606722230.0,35399906,KOSDAQ
2018-06-04,3000.0,3150.0,2985.0,3075.0,2039942.0,6278035205.0,108854710950.0,35399906,KOSDAQ
2018-06-05,3120.0,3175.0,3005.0,3040.0,1844341.0,5688324140.0,107615714240.0,35399906,KOSDAQ
2018-06-07,3055.0,3095.0,3015.0,3040.0,702309.0,2138740485.0,107615714240.0,35399906,KOSDAQ
2018-06-08,3040.0,3105.0,2920.0,2930.0,1042136.0,3139195615.0,103721724580.0,35399906,KOSDAQ
2018-06-11,2950.0,3040.0,2900.0,3020.0,580378.0,1739507380.0,106907716120.0,35399906,KOSDAQ
2018-06-12,3220.0,3290.0,2985.0,3045.0,4034143.0,12729527160.0,107792713770.0,35399906,KOSDAQ
2018-06-14,3045.0,3090.0,2975.0,3010.0,556780.0,1685579050.0,106553717060.0,35399906,KOSDAQ
2018-06-15,3015.0,3050.0,2950.0,2955.0,488137.0,1452933880.0,104606722230.0,35399906,KOSDAQ
2018-06-18,2955.0,2960.0,2755.0,2800.0,916858.0,2583468465.0,99119736800.0,35399906,KOSDAQ
2018-06-19,2805.0,2830.0,2665.0,2680.0,551758.0,1510984750.0,94871748080.0,35399906,KOSDAQ
2018-06-20,2650.0,2755.0,2625.0,2755.0,418248.0,1125901475.0,97526741030.0,35399906,KOSDAQ
2018-06-21,2750.0,2750.0,2640.0,2640.0,488415.0,1312728485.0,93455751840.0,35399906,KOSDAQ
2018-06-22,2615.0,2690.0,2570.0,2650.0,402635.0,1058541920.0,93809750900.0,35399906,KOSDAQ
2018-06-25,2680.0,3080.0,2680.0,2940.0,4312892.0,12794183050.0,104075723640.0,35399906,KOSDAQ
2018-06-26,2900.0,3045.0,2845.0,2990.0,1508120.0,4471450460.0,105845718940.0,35399906,KOSDAQ
2018-06-27,3040.0,3050.0,2950.0,2950.0,872879.0,2616104550.0,104429722700.0,35399906,KOSDAQ
2018-06-28,2945.0,3175.0,2900.0,3060.0,3634843.0,11240693080.0,108323712360.0,35399906,KOSDAQ
2018-06-29,3110.0,3160.0,2995.0,3100.0,1138764.0,3499368940.0,109739708600.0,35399906,KOSDAQ
2018-07-02,3125.0,3155.0,2905.0,2905.0,1184586.0,3601696050.0,102836726930.0,35399906,KOSDAQ
2018-07-03,2920.0,3020.0,2780.0,2920.0,984228.0,2865721110.0,103367725520.0,35399906,KOSDAQ
2018-07-04,2945.0,2965.0,2835.0,2870.0,578514.0,1681672870.0,101597730220.0,35399906,KOSDAQ
2018-07-05,2870.0,2895.0,2700.0,2730.0,622383.0,1720690805.0,96641743380.0,35399906,KOSDAQ
2018-07-06,2735.0,2850.0,2705.0,2820.0,475592.0,1318319060.0,99827734920.0,35399906,KOSDAQ
2018-07-09,2820.0,2860.0,2760.0,2790.0,348179.0,975867840.0,98765737740.0,35399906,KOSDAQ
2018-07-10,2815.0,3095.0,2815.0,3065.0,2916656.0,8790321225.0,108500711890.0,35399906,KOSDAQ
2018-07-11,3025.0,3110.0,2995.0,3065.0,1190706.0,3635003615.0,108500711890.0,35399906,KOSDAQ
2018-07-12,3120.0,3120.0,3005.0,3090.0,788125.0,2421292965.0,109385709540.0,35399906,KOSDAQ
2018-07-13,3130.0,3445.0,3080.0,3230.0,8010174.0,26462224780.0,114341696380.0,35399906,KOSDAQ
2018-07-16,3265.0,3380.0,3215.0,3340.0,3128526.0,10344023090.0,118235686040.0,35399906,KOSDAQ
2018-07-17,3340.0,3375.0,3200.0,3200.0,1463040.0,4772953985.0,113279699200.0,35399906,KOSDAQ
2018-07-18,3125.0,3280.0,3080.0,3200.0,1551228.0,4931973400.0,113279699200.0,35399906,KOSDAQ
2018-07-19,3205.0,3475.0,3205.0,3315.0,5964699.0,20069510740.0,117350688390.0,35399906,KOSDAQ
2018-07-20,3290.0,3340.0,3135.0,3165.0,1541005.0,4993321425.0,112040702490.0,35399906,KOSDAQ
2018-07-23,3165.0,3260.0,2925.0,2925.0,1756640.0,5339914405.0,103544725050.0,35399906,KOSDAQ
2018-07-24,2965.0,3000.0,2900.0,2950.0,1143852.0,3370009915.0,104429722700.0,35399906,KOSDAQ
2018-07-25,2975.0,3005.0,2820.0,2850.0,1017927.0,2948605970.0,100889732100.0,35399906,KOSDAQ
2018-07-26,2855.0,2930.0,2855.0,2910.0,567985.0,1642699760.0,103013726460.0,35399906,KOSDAQ
2018-07-27,2920.0,3020.0,2865.0,2990.0,984016.0,2907993000.0,105845718940.0,35399906,KOSDAQ
2018-07-30,3020.0,3020.0,2945.0,2995.0,467617.0,1398129005.0,106022718470.0,35399906,KOSDAQ
2018-07-31,2995.0,3120.0,2970.0,3105.0,992584.0,3051301245.0,109916708130.0,35399906,KOSDAQ
2018-08-01,3125.0,3125.0,3060.0,3085.0,495820.0,1535408665.0,109208710010.0,35399906,KOSDAQ
2018-08-02,3115.0,3275.0,3065.0,3150.0,2117733.0,6741135175.0,111509703900.0,35399906,KOSDAQ
2018-08-03,3170.0,3200.0,3060.0,3100.0,717919.0,2231188705.0,109739708600.0,35399906,KOSDAQ
2018-08-06,3110.0,3130.0,2990.0,2990.0,558596.0,1696661920.0,105845718940.0,35399906,KOSDAQ
2018-08-07,3010.0,3065.0,2975.0,3065.0,382730.0,1155957245.0,108500711890.0,35399906,KOSDAQ
2018-08-08,3060.0,3210.0,3055.0,3140.0,1093289.0,3449283370.0,111155704840.0,35399906,KOSDAQ
2018-08-09,3145.0,3225.0,3095.0,3155.0,756597.0,2389490750.0,111686703430.0,35399906,KOSDAQ
2018-08-10,3145.0,3200.0,2990.0,3050.0,635949.0,1946530380.0,107969713300.0,35399906,KOSDAQ
2018-08-13,3025.0,3050.0,2890.0,2930.0,740804.0,2190712685.0,103721724580.0,35399906,KOSDAQ
2018-08-14,2930.0,3085.0,2930.0,3085.0,672507.0,2021659960.0,109208710010.0,35399906,KOSDAQ
2018-08-16,3020.0,3130.0,2985.0,3095.0,550320.0,1680440085.0,109562709070.0,35399906,KOSDAQ
2018-08-17,3125.0,3180.0,3065.0,3095.0,651157.0,2031419735.0,109562709070.0,35399906,KOSDAQ
2018-08-20,3100.0,3140.0,3035.0,3100.0,345470.0,1065254755.0,109739708600.0,35399906,KOSDAQ
2018-08-21,3125.0,3250.0,3120.0,3250.0,1399904.0,4455232805.0,115049694500.0,35399906,KOSDAQ
2018-08-22,3230.0,3295.0,3140.0,3140.0,1086310.0,3473551735.0,111155704840.0,35399906,KOSDAQ
2018-08-23,3155.0,3225.0,3140.0,3165.0,699171.0,2225003695.0,112040702490.0,35399906,KOSDAQ
2018-08-24,3160.0,3290.0,3130.0,3225.0,1457674.0,4723214885.0,114164696850.0,35399906,KOSDAQ
2018-08-27,3200.0,3210.0,3060.0,3085.0,1018460.0,3165403820.0,109208710010.0,35399906,KOSDAQ
2018-08-28,3110.0,3150.0,3040.0,3055.0,523024.0,1617570835.0,108146712830.0,35399906,KOSDAQ
2018-08-29,3055.0,3130.0,3055.0,3085.0,403940.0,1250249485.0,109208710010.0,35399906,KOSDAQ
2018-08-30,3100.0,3195.0,3100.0,3125.0,741133.0,2332001335.0,110624706250.0,35399906,KOSDAQ
2018-08-31,3125.0,4030.0,3045.0,3850.0,36223313.0,134205091790.0,136289638100.0,35399906,KOSDAQ
2018-09-03,3850.0,4050.0,3805.0,3955.0,10904252.0,42650348660.0,140006628230.0,35399906,KOSDAQ
2018-09-04,3995.0,4185.0,3895.0,4005.0,8978360.0,36242937680.0,141776623530.0,35399906,KOSDAQ
2018-09-05,3995.0,4125.0,3930.0,4010.0,3910533.0,15767821685.0,141953623060.0,35399906,KOSDAQ
2018-09-06,4050.0,4400.0,3805.0,3825.0,9609908.0,39229723000.0,135404640450.0,35399906,KOSDAQ
2018-09-07,3840.0,3965.0,3770.0,3950.0,2724827.0,10572378395.0,139829628700.0,35399906,KOSDAQ
2018-09-10,3980.0,4070.0,3850.0,4065.0,2734651.0,10938471770.0,143900617890.0,35399906,KOSDAQ
2018-09-11,4100.0,4145.0,4000.0,4000.0,1911439.0,7736274400.0,141599624000.0,35399906,KOSDAQ
2018-09-12,3965.0,4040.0,3880.0,3985.0,1511294.0,5972973115.0,141068625410.0,35399906,KOSDAQ
2018-09-13,4000.0,4345.0,4000.0,4145.0,6947384.0,28914151075.0,146732610370.0,35399906,KOSDAQ
2018-09-14,4150.0,4195.0,4070.0,4100.0,1731326.0,7139390475.0,145139614600.0,35399906,KOSDAQ
2018-09-17,4050.0,4070.0,3875.0,3910.0,1649256.0,6507351895.0,138413632460.0,35399906,KOSDAQ
2018-09-18,3875.0,4000.0,3875.0,3900.0,927530.0,3659325055.0,138059633400.0,35399906,KOSDAQ
2018-09-19,3905.0,3970.0,3780.0,3805.0,1168941.0,4515567580.0,134696642330.0,35399906,KOSDAQ
2018-09-20,3805.0,3940.0,3775.0,3875.0,1106449.0,4263916165.0,137174635750.0,35399906,KOSDAQ
2018-09-21,3850.0,4095.0,3815.0,4030.0,2443844.0,9757746340.0,142661621180.0,35399906,KOSDAQ
2018-09-27,3970.0,4065.0,3965.0,4040.0,729551.0,2934360335.0,143015620240.0,35399906,KOSDAQ
2018-09-28,4080.0,4255.0,3975.0,3975.0,2508444.0,10309214805.0,140714626350.0,35399906,KOSDAQ
2018-10-01,3975.0,3975.0,3680.0,3705.0,1924460.0,7299357660.0,131156651730.0,35399906,KOSDAQ
2018-10-02,3645.0,3750.0,3500.0,3520.0,2054813.0,7359130525.0,124607669120.0,35399906,KOSDAQ
2018-10-04,3520.0,3580.0,3425.0,3485.0,993385.0,3460757675.0,123368672410.0,35399906,KOSDAQ
2018-10-05,3470.0,3570.0,3440.0,3495.0,813125.0,2844092250.0,123722671470.0,35399906,KOSDAQ
2018-10-08,3445.0,3595.0,3445.0,3510.0,620501.0,2194336120.0,124253670060.0,35399906,KOSDAQ
2018-10-10,3500.0,3615.0,3455.0,3590.0,905754.0,3210909695.0,127085662540.0,35399906,KOSDAQ
2018-10-11,3410.0,3490.0,2910.0,2910.0,2377315.0,7599005550.0,103013726460.0,35399906,KOSDAQ
2018-10-12,2860.0,3085.0,2860.0,3040.0,1211505.0,3630118415.0,107615714240.0,35399906,KOSDAQ
2018-10-15,3015.0,3210.0,3010.0,3090.0,930677.0,2908265105.0,109385709540.0,35399906,KOSDAQ
2018-10-16,3075.0,3245.0,3075.0,3220.0,647709.0,2072220180.0,113987697320.0,35399906,KOSDAQ
2018-10-17,3280.0,3310.0,3175.0,3240.0,527303.0,1708010805.0,114695695440.0,35399906,KOSDAQ
2018-10-18,3240.0,3330.0,3220.0,3245.0,335987.0,1098799625.0,114872694970.0,35399906,KOSDAQ
2018-10-19,3225.0,3300.0,3175.0,3300.0,308976.0,999319345.0,116819689800.0,35399906,KOSDAQ
2018-10-22,3270.0,3310.0,3230.0,3290.0,176150.0,576564865.0,116465690740.0,35399906,KOSDAQ
2018-10-23,3320.0,3435.0,3170.0,3170.0,819611.0,2709584630.0,112217702020.0,35399906,KOSDAQ
2018-10-24,3205.0,3280.0,3070.0,3115.0,486276.0,1545182825.0,110270707190.0,35399906,KOSDAQ
2018-10-25,2950.0,3120.0,2950.0,3035.0,556465.0,1684986430.0,107438714710.0,35399906,KOSDAQ
2018-10-26,3100.0,3145.0,2850.0,2900.0,2465628.0,7179975910.0,102659727400.0,35399906,KOSDAQ
2018-10-29,2855.0,2960.0,2500.0,2500.0,1178367.0,3178429585.0,88499765000.0,35399906,KOSDAQ
2018-10-30,2450.0,2680.0,2320.0,2655.0,1089522.0,2713991845.0,93986750430.0,35399906,KOSDAQ
2018-10-31,2680.0,2810.0,2625.0,2770.0,679709.0,1857809365.0,98057739620.0,35399906,KOSDAQ
2018-11-01,2820.0,2910.0,2750.0,2815.0,614063.0,1734325360.0,99650735390.0,35399906,KOSDAQ
2018-11-02,2840.0,2940.0,2800.0,2925.0,844646.0,2431845005.0,103544725050.0,35399906,KOSDAQ
2018-11-05,2915.0,3155.0,2830.0,2965.0,1436161.0,4294846505.0,104960721290.0,35399906,KOSDAQ
2018-11-06,2990.0,3080.0,2945.0,3080.0,892545.0,2693349645.0,109031710480.0,35399906,KOSDAQ
2018-11-07,3135.0,3135.0,2850.0,2965.0,1218676.0,3665009670.0,104960721290.0,35399906,KOSDAQ
2018-11-08,3190.0,3195.0,2960.0,2980.0,3023786.0,9346852330.0,105491719880.0,35399906,KOSDAQ
2018-11-09,3015.0,3140.0,2950.0,2985.0,2326969.0,7110802360.0,105668719410.0,35399906,KOSDAQ
2018-11-12,2970.0,3060.0,2880.0,2965.0,1106332.0,3310624180.0,104960721290.0,35399906,KOSDAQ
2018-11-13,2880.0,2900.0,2745.0,2845.0,1043289.0,2938764320.0,100712732570.0,35399906,KOSDAQ
2018-11-14,2830.0,2910.0,2800.0,2845.0,541152.0,1542216810.0,100712732570.0,35399906,KOSDAQ
2018-11-15,2790.0,2830.0,2705.0,2765.0,686815.0,1893910915.0,97880740090.0,35399906,KOSDAQ
2018-11-16,2790.0,2835.0,2760.0,2785.0,473763.0,1322965670.0,98588738210.0,35399906,KOSDAQ
2018-11-19,2775.0,2880.0,2770.0,2850.0,457040.0,1294938660.0,100889732100.0,35399906,KOSDAQ
2018-11-20,2810.0,2850.0,2795.0,2835.0,357533.0,1009216350.0,100358733510.0,35399906,KOSDAQ
2018-11-21,2800.0,2810.0,2720.0,2780.0,455763.0,1260968025.0,98411738680.0,35399906,KOSDAQ
2018-11-22,2780.0,2845.0,2665.0,2665.0,548321.0,1517096195.0,94340749490.0,35399906,KOSDAQ
2018-11-23,2680.0,2710.0,2490.0,2515.0,626424.0,1616493095.0,89030763590.0,35399906,KOSDAQ
2018-11-26,2510.0,2650.0,2510.0,2625.0,472963.0,1232638740.0,92924753250.0,35399906,KOSDAQ
2018-11-27,2625.0,2660.0,2615.0,2635.0,238113.0,627351760.0,93278752310.0,35399906,KOSDAQ
2018-11-28,2635.0,2675.0,2610.0,2615.0,223733.0,589739730.0,92570754190.0,35399906,KOSDAQ
2018-11-29,2640.0,2665.0,2530.0,2540.0,389590.0,1016748465.0,89915761240.0,35399906,KOSDAQ
2018-11-30,2580.0,2590.0,2430.0,2470.0,375963.0,942661320.0,87437767820.0,35399906,KOSDAQ
2018-12-03,2510.0,2535.0,2470.0,2530.0,286571.0,719941815.0,89561762180.0,35399906,KOSDAQ
2018-12-04,2520.0,2645.0,2520.0,2600.0,370937.0,963339045.0,92039755600.0,35399906,KOSDAQ
2018-12-05,2550.0,2575.0,2525.0,2555.0,274727.0,699280100.0,90446759830.0,35399906,KOSDAQ
2018-12-06,2550.0,2560.0,2400.0,2405.0,461373.0,1135059315.0,85136773930.0,35399906,KOSDAQ
2018-12-07,2425.0,2465.0,2325.0,2385.0,398249.0,951877845.0,84428775810.0,35399906,KOSDAQ
2018-12-10,2340.0,2380.0,2250.0,2275.0,362229.0,834448330.0,80534786150.0,35399906,KOSDAQ
2018-12-11,2305.0,2370.0,2250.0,2250.0,283965.0,652228300.0,79649788500.0,35399906,KOSDAQ
2018-12-12,2220.0,2435.0,2220.0,2395.0,697309.0,1626485070.0,84782774870.0,35399906,KOSDAQ
2018-12-13,2415.0,2475.0,2395.0,2440.0,213546.0,520239460.0,86375770640.0,35399906,KOSDAQ
2018-12-14,2425.0,2440.0,2315.0,2315.0,323421.0,760601210.0,81950782390.0,35399906,KOSDAQ
2018-12-17,2305.0,2320.0,2245.0,2310.0,222009.0,506913135.0,81773782860.0,35399906,KOSDAQ
2018-12-18,2270.0,2405.0,2265.0,2370.0,296572.0,697793185.0,83897777220.0,35399906,KOSDAQ
2018-12-19,2355.0,2405.0,2325.0,2385.0,242769.0,574801555.0,84428775810.0,35399906,KOSDAQ
2018-12-20,2365.0,2425.0,2320.0,2325.0,209373.0,495459135.0,82304781450.0,35399906,KOSDAQ
2018-12-21,2305.0,2355.0,2275.0,2285.0,208402.0,480273685.0,80888785210.0,35399906,KOSDAQ
2018-12-24,2285.0,2295.0,2190.0,2200.0,297152.0,660558240.0,77879793200.0,35399906,KOSDAQ
2018-12-26,2140.0,2170.0,2060.0,2075.0,305535.0,644097920.0,73454804950.0,35399906,KOSDAQ
2018-12-27,2120.0,2210.0,2120.0,2180.0,276173.0,597991075.0,77171795080.0,35399906,KOSDAQ
2018-12-28,2160.0,2705.0,2160.0,2445.0,6966779.0,17684570740.0,86552770170.0,35399906,KOSDAQ
