d,o,h,l,c,v,a,mc,s,m,rs
2010-01-04,8980.0,8980.0,8750.0,8880.0,1263.0,11097240.0,60881280000.0,6856000,KOSPI,tradable_ohlcv
2010-01-05,8870.0,8870.0,8680.0,8870.0,170.0,1479400.0,60812720000.0,6856000,KOSPI,tradable_ohlcv
2010-01-06,8860.0,8860.0,7540.0,8670.0,2540.0,21051200.0,59441520000.0,6856000,KOSPI,tradable_ohlcv
2010-01-07,8670.0,8790.0,8500.0,8790.0,360.0,3105600.0,60264240000.0,6856000,KOSPI,tradable_ohlcv
2010-01-08,8600.0,8690.0,8550.0,8640.0,380.0,3270700.0,59235840000.0,6856000,KOSPI,tradable_ohlcv
2010-01-11,8600.0,8600.0,8600.0,8600.0,280.0,2408000.0,58961600000.0,6856000,KOSPI,tradable_ohlcv
2010-01-12,8410.0,8670.0,8410.0,8640.0,5410.0,46540800.0,59235840000.0,6856000,KOSPI,tradable_ohlcv
2010-01-13,8510.0,8700.0,8500.0,8700.0,430.0,3688700.0,59647200000.0,6856000,KOSPI,tradable_ohlcv
2010-01-14,0.0,0.0,0.0,8690.0,0.0,0.0,59578640000.0,6856000,KOSPI,non_tradable_zero_volume
2010-01-15,8710.0,8710.0,8620.0,8700.0,1260.0,10971700.0,59647200000.0,6856000,KOSPI,tradable_ohlcv
2010-01-18,8700.0,8710.0,8650.0,8710.0,420.0,3645800.0,59715760000.0,6856000,KOSPI,tradable_ohlcv
2010-01-19,8730.0,8730.0,8700.0,8700.0,990.0,8614200.0,59647200000.0,6856000,KOSPI,tradable_ohlcv
2010-01-20,8700.0,8870.0,8450.0,8670.0,1060.0,9091900.0,59441520000.0,6856000,KOSPI,tradable_ohlcv
2010-01-21,8740.0,8740.0,8570.0,8650.0,810.0,6976800.0,59304400000.0,6856000,KOSPI,tradable_ohlcv
2010-01-22,8650.0,8800.0,8600.0,8800.0,2820.0,24393900.0,60332800000.0,6856000,KOSPI,tradable_ohlcv
2010-01-25,8600.0,8760.0,8600.0,8760.0,200.0,1721700.0,60058560000.0,6856000,KOSPI,tradable_ohlcv
2010-01-26,8740.0,8740.0,8740.0,8740.0,10.0,87400.0,59921440000.0,6856000,KOSPI,tradable_ohlcv
2010-01-27,8600.0,8690.0,8500.0,8510.0,290.0,2475400.0,58344560000.0,6856000,KOSPI,tradable_ohlcv
2010-01-28,8580.0,8600.0,8500.0,8580.0,1800.0,15313900.0,58824480000.0,6856000,KOSPI,tradable_ohlcv
2010-01-29,8500.0,8650.0,8500.0,8650.0,310.0,2662400.0,59304400000.0,6856000,KOSPI,tradable_ohlcv
2010-02-01,8500.0,8600.0,8500.0,8600.0,60.0,511000.0,58961600000.0,6856000,KOSPI,tradable_ohlcv
2010-02-02,8500.0,8680.0,8500.0,8660.0,40.0,344200.0,59372960000.0,6856000,KOSPI,tradable_ohlcv
2010-02-03,8620.0,8730.0,8620.0,8730.0,130.0,1122800.0,59852880000.0,6856000,KOSPI,tradable_ohlcv
2010-02-04,8530.0,8700.0,8530.0,8700.0,20.0,172300.0,59647200000.0,6856000,KOSPI,tradable_ohlcv
2010-02-05,8640.0,8680.0,8640.0,8680.0,20.0,173200.0,59510080000.0,6856000,KOSPI,tradable_ohlcv
2010-02-08,8650.0,8670.0,8370.0,8650.0,1360.0,11549900.0,59304400000.0,6856000,KOSPI,tradable_ohlcv
2010-02-09,8380.0,8630.0,8350.0,8620.0,120.0,1021900.0,59098720000.0,6856000,KOSPI,tradable_ohlcv
2010-02-10,8450.0,8590.0,8450.0,8590.0,340.0,2881300.0,58893040000.0,6856000,KOSPI,tradable_ohlcv
2010-02-11,8400.0,9290.0,8400.0,8650.0,460.0,4118200.0,59304400000.0,6856000,KOSPI,tradable_ohlcv
2010-02-12,8520.0,8720.0,8450.0,8720.0,460.0,3907100.0,59784320000.0,6856000,KOSPI,tradable_ohlcv
2010-02-16,8600.0,8710.0,8600.0,8600.0,50.0,432700.0,58961600000.0,6856000,KOSPI,tradable_ohlcv
2010-02-17,8600.0,8600.0,8450.0,8460.0,670.0,5665500.0,58001760000.0,6856000,KOSPI,tradable_ohlcv
2010-02-18,8560.0,8560.0,8500.0,8530.0,120.0,1022700.0,58481680000.0,6856000,KOSPI,tradable_ohlcv
2010-02-19,8590.0,8630.0,8470.0,8590.0,2630.0,22519200.0,58893040000.0,6856000,KOSPI,tradable_ohlcv
2010-02-22,8510.0,8670.0,8500.0,8630.0,4360.0,37420300.0,59167280000.0,6856000,KOSPI,tradable_ohlcv
2010-02-23,8890.0,8890.0,8540.0,8670.0,3290.0,28181900.0,59441520000.0,6856000,KOSPI,tradable_ohlcv
2010-02-24,8530.0,8670.0,8520.0,8620.0,530.0,4542300.0,59098720000.0,6856000,KOSPI,tradable_ohlcv
2010-02-25,8750.0,8750.0,8600.0,8600.0,1070.0,9259200.0,58961600000.0,6856000,KOSPI,tradable_ohlcv
2010-02-26,8600.0,8600.0,8600.0,8600.0,1250.0,10750000.0,58961600000.0,6856000,KOSPI,tradable_ohlcv
2010-03-02,8600.0,8600.0,8480.0,8600.0,1410.0,12088800.0,58961600000.0,6856000,KOSPI,tradable_ohlcv
2010-03-03,8750.0,9290.0,8620.0,8890.0,5770.0,51211400.0,60949840000.0,6856000,KOSPI,tradable_ohlcv
2010-03-04,8800.0,8800.0,8670.0,8670.0,380.0,3306800.0,59441520000.0,6856000,KOSPI,tradable_ohlcv
2010-03-05,8670.0,8740.0,8640.0,8730.0,90.0,784500.0,59852880000.0,6856000,KOSPI,tradable_ohlcv
2010-03-08,8680.0,8800.0,8630.0,8740.0,630.0,5480600.0,59921440000.0,6856000,KOSPI,tradable_ohlcv
2010-03-09,8690.0,8980.0,8630.0,8750.0,710.0,6163800.0,59990000000.0,6856000,KOSPI,tradable_ohlcv
2010-03-10,8760.0,8760.0,8610.0,8750.0,2420.0,21151200.0,59990000000.0,6856000,KOSPI,tradable_ohlcv
2010-03-11,8640.0,8830.0,8640.0,8830.0,1510.0,13189900.0,60538480000.0,6856000,KOSPI,tradable_ohlcv
2010-03-12,8690.0,8820.0,8690.0,8810.0,800.0,6956700.0,60401360000.0,6856000,KOSPI,tradable_ohlcv
2010-03-15,9000.0,9000.0,8850.0,8940.0,3600.0,32031000.0,61292640000.0,6856000,KOSPI,tradable_ohlcv
2010-03-16,8760.0,8960.0,8760.0,8930.0,1980.0,17483200.0,61224080000.0,6856000,KOSPI,tradable_ohlcv
2010-03-17,8810.0,9100.0,8810.0,8930.0,2190.0,19755300.0,61224080000.0,6856000,KOSPI,tradable_ohlcv
2010-03-18,8640.0,9280.0,8640.0,9000.0,8131.0,70817900.0,61704000000.0,6856000,KOSPI,tradable_ohlcv
2010-03-19,9000.0,9330.0,8950.0,9280.0,20180.0,182378600.0,63623680000.0,6856000,KOSPI,tradable_ohlcv
2010-03-22,9280.0,9280.0,9050.0,9050.0,146730.0,1328109800.0,62046800000.0,6856000,KOSPI,tradable_ohlcv
2010-03-23,9100.0,10400.0,9100.0,10400.0,36108.0,368608400.0,71302400000.0,6856000,KOSPI,tradable_ohlcv
2010-03-24,11000.0,11950.0,11000.0,11950.0,471942.0,4634406450.0,81929200000.0,6856000,KOSPI,tradable_ohlcv
2010-03-25,13700.0,13700.0,13700.0,13700.0,19340.0,264958000.0,93927200000.0,6856000,KOSPI,tradable_ohlcv
2010-03-26,15750.0,15750.0,12500.0,13050.0,388980.0,5367491500.0,89470800000.0,6856000,KOSPI,tradable_ohlcv
2010-03-29,12650.0,12750.0,11250.0,11350.0,130167.0,1560684250.0,77815600000.0,6856000,KOSPI,tradable_ohlcv
2010-03-30,11500.0,12800.0,11300.0,12000.0,165099.0,1987020800.0,82272000000.0,6856000,KOSPI,tradable_ohlcv
2010-03-31,12000.0,12500.0,11200.0,12200.0,103893.0,1223555300.0,83643200000.0,6856000,KOSPI,tradable_ohlcv
2010-04-01,12200.0,13300.0,11800.0,11800.0,108140.0,1367527700.0,80900800000.0,6856000,KOSPI,tradable_ohlcv
2010-04-02,11700.0,12450.0,11550.0,11950.0,51248.0,613911600.0,81929200000.0,6856000,KOSPI,tradable_ohlcv
2010-04-05,12250.0,13700.0,12050.0,13700.0,182588.0,2395673600.0,93927200000.0,6856000,KOSPI,tradable_ohlcv
2010-04-06,14500.0,14650.0,12500.0,12500.0,133168.0,1759982500.0,85700000000.0,6856000,KOSPI,tradable_ohlcv
2010-04-07,12450.0,13000.0,11900.0,12950.0,67248.0,831669850.0,88785200000.0,6856000,KOSPI,tradable_ohlcv
2010-04-08,12850.0,12900.0,12400.0,12500.0,21930.0,276419500.0,85700000000.0,6856000,KOSPI,tradable_ohlcv
2010-04-09,12500.0,12650.0,11750.0,11750.0,40907.0,492774600.0,80558000000.0,6856000,KOSPI,tradable_ohlcv
2010-04-12,11750.0,12000.0,11450.0,11700.0,191964.0,2244527500.0,80215200000.0,6856000,KOSPI,tradable_ohlcv
2010-04-13,12300.0,12300.0,11450.0,11950.0,23667.0,277435450.0,81929200000.0,6856000,KOSPI,tradable_ohlcv
2010-04-14,11750.0,12000.0,11400.0,11500.0,23135.0,267726000.0,78844000000.0,6856000,KOSPI,tradable_ohlcv
2010-04-15,11650.0,11700.0,11100.0,11100.0,21580.0,245026000.0,76101600000.0,6856000,KOSPI,tradable_ohlcv
2010-04-16,11150.0,11200.0,10400.0,10400.0,24180.0,256753500.0,71302400000.0,6856000,KOSPI,tradable_ohlcv
2010-04-19,10200.0,10750.0,10000.0,10350.0,18280.0,189396500.0,70959600000.0,6856000,KOSPI,tradable_ohlcv
2010-04-20,10350.0,10750.0,10350.0,10400.0,14190.0,148731500.0,71302400000.0,6856000,KOSPI,tradable_ohlcv
2010-04-21,10400.0,10900.0,10350.0,10700.0,13733.0,147081600.0,73359200000.0,6856000,KOSPI,tradable_ohlcv
2010-04-22,10800.0,10950.0,10550.0,10750.0,12384.0,133025900.0,73702000000.0,6856000,KOSPI,tradable_ohlcv
2010-04-23,10650.0,10850.0,10500.0,10550.0,9750.0,103521000.0,72330800000.0,6856000,KOSPI,tradable_ohlcv
2010-04-26,10650.0,10750.0,10300.0,10500.0,10567.0,110871000.0,71988000000.0,6856000,KOSPI,tradable_ohlcv
2010-04-27,10600.0,10600.0,10050.0,10300.0,9173.0,94237800.0,70616800000.0,6856000,KOSPI,tradable_ohlcv
2010-04-28,10100.0,10200.0,9930.0,10000.0,17434.0,174013600.0,68560000000.0,6856000,KOSPI,tradable_ohlcv
2010-04-29,10000.0,10450.0,9900.0,10450.0,37038.0,372565100.0,71645200000.0,6856000,KOSPI,tradable_ohlcv
2010-04-30,10400.0,10800.0,10300.0,10400.0,9460.0,99225000.0,71302400000.0,6856000,KOSPI,tradable_ohlcv
2010-05-03,10400.0,10550.0,10200.0,10500.0,7770.0,80421500.0,71988000000.0,6856000,KOSPI,tradable_ohlcv
2010-05-04,10800.0,10800.0,10400.0,10400.0,13200.0,139313500.0,71302400000.0,6856000,KOSPI,tradable_ohlcv
2010-05-06,10050.0,10300.0,10000.0,10200.0,9350.0,94527000.0,69931200000.0,6856000,KOSPI,tradable_ohlcv
2010-05-07,9920.0,10000.0,9800.0,9990.0,12510.0,123519800.0,68491440000.0,6856000,KOSPI,tradable_ohlcv
2010-05-10,10100.0,10150.0,9900.0,10150.0,3022.0,30333400.0,69588400000.0,6856000,KOSPI,tradable_ohlcv
2010-05-11,10250.0,10300.0,10000.0,10300.0,6760.0,68651500.0,70616800000.0,6856000,KOSPI,tradable_ohlcv
2010-05-12,10100.0,10300.0,9940.0,10050.0,8310.0,83285100.0,68902800000.0,6856000,KOSPI,tradable_ohlcv
2010-05-13,9950.0,10100.0,9900.0,10050.0,10860.0,108348600.0,68902800000.0,6856000,KOSPI,tradable_ohlcv
2010-05-14,10000.0,10000.0,9900.0,10000.0,7080.0,70387400.0,68560000000.0,6856000,KOSPI,tradable_ohlcv
2010-05-17,9910.0,10350.0,9900.0,10000.0,9500.0,95511300.0,68560000000.0,6856000,KOSPI,tradable_ohlcv
2010-05-18,10000.0,10100.0,9940.0,10000.0,5120.0,50972000.0,68560000000.0,6856000,KOSPI,tradable_ohlcv
2010-05-19,10000.0,10100.0,9860.0,9990.0,7074.0,70101160.0,68491440000.0,6856000,KOSPI,tradable_ohlcv
2010-05-20,9900.0,10100.0,9850.0,9850.0,14686.0,146237200.0,67531600000.0,6856000,KOSPI,tradable_ohlcv
2010-05-24,9850.0,9990.0,9850.0,9960.0,2640.0,26065100.0,68285760000.0,6856000,KOSPI,tradable_ohlcv
2010-05-25,9860.0,10600.0,9000.0,10300.0,49710.0,487890500.0,70616800000.0,6856000,KOSPI,tradable_ohlcv
2010-05-26,10000.0,10400.0,9910.0,10300.0,5951.0,60089800.0,70616800000.0,6856000,KOSPI,tradable_ohlcv
2010-05-27,10350.0,10350.0,10000.0,10250.0,3991.0,40438750.0,70274000000.0,6856000,KOSPI,tradable_ohlcv
2010-05-28,10250.0,10300.0,10000.0,10150.0,3376.0,34150900.0,69588400000.0,6856000,KOSPI,tradable_ohlcv
2010-05-31,10200.0,10200.0,9940.0,9970.0,2751.0,27450000.0,68354320000.0,6856000,KOSPI,tradable_ohlcv
2010-06-01,10100.0,10100.0,9940.0,9960.0,3111.0,31058560.0,68285760000.0,6856000,KOSPI,tradable_ohlcv
2010-06-03,9950.0,10100.0,9860.0,10100.0,12130.0,120796400.0,69245600000.0,6856000,KOSPI,tradable_ohlcv
2010-06-04,9950.0,10100.0,9910.0,9910.0,2160.0,21441300.0,67942960000.0,6856000,KOSPI,tradable_ohlcv
2010-06-07,9910.0,10250.0,9850.0,9990.0,3600.0,35624000.0,68491440000.0,6856000,KOSPI,tradable_ohlcv
2010-06-08,9920.0,10050.0,9900.0,10000.0,5990.0,59715500.0,68560000000.0,6856000,KOSPI,tradable_ohlcv
2010-06-09,10200.0,10200.0,9950.0,10050.0,2970.0,29647400.0,68902800000.0,6856000,KOSPI,tradable_ohlcv
2010-06-10,9940.0,10600.0,9940.0,10500.0,7400.0,75898500.0,71988000000.0,6856000,KOSPI,tradable_ohlcv
2010-06-11,10650.0,10650.0,10300.0,10550.0,1170.0,12246500.0,72330800000.0,6856000,KOSPI,tradable_ohlcv
2010-06-14,10200.0,10550.0,10200.0,10200.0,820.0,8389500.0,69931200000.0,6856000,KOSPI,tradable_ohlcv
2010-06-15,10350.0,10350.0,10100.0,10350.0,1190.0,12140500.0,70959600000.0,6856000,KOSPI,tradable_ohlcv
2010-06-16,10450.0,10450.0,10100.0,10300.0,1010.0,10346500.0,70616800000.0,6856000,KOSPI,tradable_ohlcv
2010-06-17,10200.0,10250.0,10100.0,10250.0,1270.0,12885500.0,70274000000.0,6856000,KOSPI,tradable_ohlcv
2010-06-18,10100.0,10850.0,10100.0,10800.0,9180.0,96581500.0,74044800000.0,6856000,KOSPI,tradable_ohlcv
2010-06-21,10750.0,10800.0,10400.0,10500.0,2470.0,26089500.0,71988000000.0,6856000,KOSPI,tradable_ohlcv
2010-06-22,10350.0,11600.0,10250.0,11300.0,11678.0,127894900.0,77472800000.0,6856000,KOSPI,tradable_ohlcv
2010-06-23,11100.0,12000.0,11100.0,11650.0,11782.0,138623300.0,79872400000.0,6856000,KOSPI,tradable_ohlcv
2010-06-24,11700.0,12150.0,11300.0,11950.0,4090.0,47372500.0,81929200000.0,6856000,KOSPI,tradable_ohlcv
2010-06-25,11900.0,11900.0,11600.0,11850.0,1830.0,21360000.0,81243600000.0,6856000,KOSPI,tradable_ohlcv
2010-06-28,11750.0,11750.0,11350.0,11500.0,7030.0,80800500.0,78844000000.0,6856000,KOSPI,tradable_ohlcv
2010-06-29,11700.0,12000.0,11300.0,12000.0,6200.0,72829000.0,82272000000.0,6856000,KOSPI,tradable_ohlcv
2010-06-30,11550.0,13000.0,11550.0,13000.0,8660.0,107231000.0,89128000000.0,6856000,KOSPI,tradable_ohlcv
2010-07-01,12700.0,13000.0,12650.0,12800.0,1990.0,25364000.0,87756800000.0,6856000,KOSPI,tradable_ohlcv
2010-07-02,12400.0,12900.0,12350.0,12500.0,2000.0,25500500.0,85700000000.0,6856000,KOSPI,tradable_ohlcv
2010-07-05,12200.0,13200.0,12200.0,12750.0,5220.0,66970500.0,87414000000.0,6856000,KOSPI,tradable_ohlcv
2010-07-06,13100.0,13100.0,12700.0,12750.0,1260.0,16112500.0,87414000000.0,6856000,KOSPI,tradable_ohlcv
2010-07-07,12600.0,12750.0,12500.0,12750.0,290.0,3672000.0,87414000000.0,6856000,KOSPI,tradable_ohlcv
2010-07-08,12500.0,12900.0,12500.0,12900.0,3080.0,38987000.0,88442400000.0,6856000,KOSPI,tradable_ohlcv
2010-07-09,12700.0,13250.0,12500.0,12650.0,1970.0,24901500.0,86728400000.0,6856000,KOSPI,tradable_ohlcv
2010-07-12,12700.0,12750.0,12650.0,12750.0,1390.0,17684500.0,87414000000.0,6856000,KOSPI,tradable_ohlcv
2010-07-13,12800.0,12800.0,12550.0,12600.0,2040.0,25796000.0,86385600000.0,6856000,KOSPI,tradable_ohlcv
2010-07-14,12600.0,12600.0,12300.0,12550.0,200.0,2474000.0,86042800000.0,6856000,KOSPI,tradable_ohlcv
2010-07-15,12550.0,12700.0,12200.0,12650.0,3900.0,48847500.0,86728400000.0,6856000,KOSPI,tradable_ohlcv
2010-07-16,12400.0,12550.0,12350.0,12450.0,5201.0,64581950.0,85357200000.0,6856000,KOSPI,tradable_ohlcv
2010-07-19,12200.0,12450.0,12150.0,12200.0,1630.0,19892500.0,83643200000.0,6856000,KOSPI,tradable_ohlcv
2010-07-20,12150.0,12500.0,12150.0,12500.0,2000.0,24702500.0,85700000000.0,6856000,KOSPI,tradable_ohlcv
2010-07-21,12600.0,12650.0,12300.0,12500.0,1660.0,20570000.0,85700000000.0,6856000,KOSPI,tradable_ohlcv
2010-07-22,12500.0,12850.0,12400.0,12850.0,4400.0,55757500.0,88099600000.0,6856000,KOSPI,tradable_ohlcv
2010-07-23,13100.0,13100.0,12450.0,12800.0,792.0,10181700.0,87756800000.0,6856000,KOSPI,tradable_ohlcv
2010-07-26,12950.0,13100.0,12950.0,13100.0,2140.0,27801000.0,89813600000.0,6856000,KOSPI,tradable_ohlcv
2010-07-27,13000.0,13300.0,12650.0,12650.0,470.0,6054000.0,86728400000.0,6856000,KOSPI,tradable_ohlcv
2010-07-28,12900.0,12900.0,12600.0,12800.0,1623.0,20458400.0,87756800000.0,6856000,KOSPI,tradable_ohlcv
2010-07-29,12900.0,14700.0,12900.0,13100.0,11320.0,157831500.0,89813600000.0,6856000,KOSPI,tradable_ohlcv
2010-07-30,13050.0,13900.0,12950.0,13900.0,940.0,12627000.0,95298400000.0,6856000,KOSPI,tradable_ohlcv
2010-08-02,14250.0,14250.0,13650.0,13650.0,853.0,11867450.0,93584400000.0,6856000,KOSPI,tradable_ohlcv
2010-08-03,13700.0,14150.0,13700.0,13700.0,640.0,8798000.0,93927200000.0,6856000,KOSPI,tradable_ohlcv
2010-08-04,13200.0,14150.0,13100.0,13600.0,1430.0,19049000.0,93241600000.0,6856000,KOSPI,tradable_ohlcv
2010-08-05,13600.0,13600.0,13600.0,13600.0,10.0,136000.0,93241600000.0,6856000,KOSPI,tradable_ohlcv
2010-08-06,13250.0,13850.0,13250.0,13750.0,1570.0,21200000.0,94270000000.0,6856000,KOSPI,tradable_ohlcv
2010-08-09,13700.0,13800.0,13400.0,13550.0,2020.0,27652000.0,92898800000.0,6856000,KOSPI,tradable_ohlcv
2010-08-10,13550.0,14450.0,13400.0,13700.0,1010.0,13664000.0,93927200000.0,6856000,KOSPI,tradable_ohlcv
2010-08-11,13450.0,13750.0,13400.0,13650.0,2960.0,39911000.0,93584400000.0,6856000,KOSPI,tradable_ohlcv
2010-08-12,13500.0,13550.0,13300.0,13550.0,1420.0,19045500.0,92898800000.0,6856000,KOSPI,tradable_ohlcv
2010-08-13,13300.0,13650.0,13300.0,13500.0,6770.0,91057000.0,92556000000.0,6856000,KOSPI,tradable_ohlcv
2010-08-16,13500.0,13900.0,13400.0,13900.0,1910.0,25947000.0,95298400000.0,6856000,KOSPI,tradable_ohlcv
2010-08-17,13750.0,14250.0,13750.0,14250.0,730.0,10286500.0,97698000000.0,6856000,KOSPI,tradable_ohlcv
2010-08-18,14100.0,14650.0,14100.0,14400.0,5950.0,85753000.0,98726400000.0,6856000,KOSPI,tradable_ohlcv
2010-08-19,14300.0,15700.0,14300.0,15300.0,4050.0,61206500.0,104896800000.0,6856000,KOSPI,tradable_ohlcv
2010-08-20,15300.0,15650.0,14700.0,14850.0,5979.0,88804050.0,101811600000.0,6856000,KOSPI,tradable_ohlcv
2010-08-23,14900.0,15200.0,14900.0,15200.0,1680.0,25208000.0,104211200000.0,6856000,KOSPI,tradable_ohlcv
2010-08-24,15300.0,15500.0,15050.0,15200.0,3700.0,56631000.0,104211200000.0,6856000,KOSPI,tradable_ohlcv
2010-08-25,15550.0,15550.0,15400.0,15550.0,9611.0,149391050.0,106610800000.0,6856000,KOSPI,tradable_ohlcv
2010-08-26,15550.0,15600.0,15350.0,15600.0,1101.0,16988100.0,106953600000.0,6856000,KOSPI,tradable_ohlcv
2010-08-27,15700.0,17400.0,15700.0,16500.0,18069.0,291863000.0,113124000000.0,6856000,KOSPI,tradable_ohlcv
2010-08-30,16800.0,16850.0,16400.0,16500.0,6711.0,110880000.0,113124000000.0,6856000,KOSPI,tradable_ohlcv
2010-08-31,16300.0,16650.0,16300.0,16400.0,980.0,16050000.0,112438400000.0,6856000,KOSPI,tradable_ohlcv
2010-09-01,16300.0,16900.0,16300.0,16900.0,2490.0,41497000.0,115866400000.0,6856000,KOSPI,tradable_ohlcv
2010-09-02,16900.0,17000.0,16500.0,16900.0,12710.0,214184000.0,115866400000.0,6856000,KOSPI,tradable_ohlcv
2010-09-03,17100.0,17450.0,16850.0,17000.0,2800.0,47589500.0,116552000000.0,6856000,KOSPI,tradable_ohlcv
2010-09-06,17000.0,17100.0,16750.0,16850.0,1122.0,18904100.0,115523600000.0,6856000,KOSPI,tradable_ohlcv
2010-09-07,16900.0,17300.0,16900.0,17300.0,730.0,12391500.0,118608800000.0,6856000,KOSPI,tradable_ohlcv
2010-09-08,17000.0,17300.0,16900.0,16900.0,380.0,6460000.0,115866400000.0,6856000,KOSPI,tradable_ohlcv
2010-09-09,17250.0,17250.0,16900.0,17100.0,230.0,3937000.0,117237600000.0,6856000,KOSPI,tradable_ohlcv
2010-09-10,17450.0,17450.0,16850.0,17150.0,1220.0,20820000.0,117580400000.0,6856000,KOSPI,tradable_ohlcv
2010-09-13,17350.0,17350.0,17350.0,17350.0,100.0,1735000.0,118951600000.0,6856000,KOSPI,tradable_ohlcv
2010-09-14,16800.0,17150.0,16800.0,17050.0,2000.0,33923500.0,116894800000.0,6856000,KOSPI,tradable_ohlcv
2010-09-15,17050.0,17800.0,17050.0,17600.0,15950.0,277094500.0,120665600000.0,6856000,KOSPI,tradable_ohlcv
2010-09-16,17350.0,17650.0,17350.0,17600.0,580.0,10101000.0,120665600000.0,6856000,KOSPI,tradable_ohlcv
2010-09-17,17700.0,19750.0,17350.0,19750.0,4160.0,81526000.0,135406000000.0,6856000,KOSPI,tradable_ohlcv
2010-09-20,18650.0,19800.0,18100.0,19800.0,5806.0,112250500.0,135748800000.0,6856000,KOSPI,tradable_ohlcv
2010-09-24,19800.0,19800.0,19200.0,19650.0,1020.0,19819500.0,134720400000.0,6856000,KOSPI,tradable_ohlcv
2010-09-27,19650.0,20000.0,19500.0,19600.0,1150.0,22643500.0,134377600000.0,6856000,KOSPI,tradable_ohlcv
2010-09-28,19600.0,19950.0,19450.0,19850.0,880.0,17304000.0,136091600000.0,6856000,KOSPI,tradable_ohlcv
2010-09-29,19900.0,19900.0,19400.0,19800.0,300.0,5916000.0,135748800000.0,6856000,KOSPI,tradable_ohlcv
2010-09-30,19450.0,19750.0,19350.0,19650.0,1670.0,32634000.0,134720400000.0,6856000,KOSPI,tradable_ohlcv
2010-10-01,19400.0,19600.0,19200.0,19600.0,530.0,10260500.0,134377600000.0,6856000,KOSPI,tradable_ohlcv
2010-10-04,19600.0,19600.0,19200.0,19500.0,860.0,16661000.0,133692000000.0,6856000,KOSPI,tradable_ohlcv
2010-10-05,19500.0,19550.0,19050.0,19400.0,960.0,18498500.0,133006400000.0,6856000,KOSPI,tradable_ohlcv
2010-10-06,19100.0,19350.0,18850.0,19000.0,1088.0,20695500.0,130264000000.0,6856000,KOSPI,tradable_ohlcv
2010-10-07,18700.0,18950.0,18200.0,18550.0,1490.0,27579500.0,127178800000.0,6856000,KOSPI,tradable_ohlcv
2010-10-08,18400.0,18400.0,17450.0,17650.0,10510.0,185576500.0,121008400000.0,6856000,KOSPI,tradable_ohlcv
2010-10-11,17500.0,17700.0,17350.0,17700.0,2370.0,41377500.0,121351200000.0,6856000,KOSPI,tradable_ohlcv
2010-10-12,17950.0,17950.0,17500.0,17700.0,581.0,10215700.0,121351200000.0,6856000,KOSPI,tradable_ohlcv
2010-10-13,17700.0,18750.0,17700.0,18500.0,250.0,4602000.0,126836000000.0,6856000,KOSPI,tradable_ohlcv
2010-10-14,18450.0,19900.0,18050.0,19900.0,82990.0,1656670000.0,136434400000.0,6856000,KOSPI,tradable_ohlcv
2010-10-15,19100.0,19250.0,18600.0,18800.0,1020.0,19306000.0,128892800000.0,6856000,KOSPI,tradable_ohlcv
2010-10-18,18800.0,18950.0,18300.0,18500.0,9820.0,180674000.0,126836000000.0,6856000,KOSPI,tradable_ohlcv
2010-10-19,18500.0,18500.0,18450.0,18500.0,80.0,1479500.0,126836000000.0,6856000,KOSPI,tradable_ohlcv
2010-10-20,18150.0,18850.0,18150.0,18700.0,210.0,3869000.0,128207200000.0,6856000,KOSPI,tradable_ohlcv
2010-10-21,18700.0,18700.0,18700.0,18700.0,480.0,8976000.0,128207200000.0,6856000,KOSPI,tradable_ohlcv
2010-10-22,18700.0,18700.0,18700.0,18700.0,14.0,261800.0,128207200000.0,6856000,KOSPI,tradable_ohlcv
2010-10-25,18600.0,18700.0,18150.0,18150.0,300.0,5469000.0,124436400000.0,6856000,KOSPI,tradable_ohlcv
2010-10-26,18500.0,18500.0,18000.0,18150.0,450.0,8116000.0,124436400000.0,6856000,KOSPI,tradable_ohlcv
2010-10-27,18250.0,18250.0,17550.0,18000.0,1590.0,28258000.0,123408000000.0,6856000,KOSPI,tradable_ohlcv
2010-10-28,17800.0,18400.0,17750.0,18400.0,300.0,5405500.0,126150400000.0,6856000,KOSPI,tradable_ohlcv
2010-10-29,17950.0,18250.0,17900.0,18250.0,320.0,5770500.0,125122000000.0,6856000,KOSPI,tradable_ohlcv
2010-11-01,18000.0,18550.0,18000.0,18550.0,100.0,1805500.0,127178800000.0,6856000,KOSPI,tradable_ohlcv
2010-11-02,18200.0,18200.0,18000.0,18050.0,740.0,13405000.0,123750800000.0,6856000,KOSPI,tradable_ohlcv
2010-11-03,18050.0,18800.0,18000.0,18400.0,700.0,12653000.0,126150400000.0,6856000,KOSPI,tradable_ohlcv
2010-11-04,18700.0,18700.0,18700.0,18700.0,20.0,374000.0,128207200000.0,6856000,KOSPI,tradable_ohlcv
2010-11-05,18150.0,18600.0,15900.0,18600.0,4840.0,83622500.0,127521600000.0,6856000,KOSPI,tradable_ohlcv
2010-11-08,18400.0,18400.0,18100.0,18250.0,120.0,2176500.0,125122000000.0,6856000,KOSPI,tradable_ohlcv
2010-11-09,18350.0,18350.0,18000.0,18250.0,800.0,14412000.0,125122000000.0,6856000,KOSPI,tradable_ohlcv
2010-11-10,18000.0,18200.0,18000.0,18200.0,2430.0,43744000.0,124779200000.0,6856000,KOSPI,tradable_ohlcv
2010-11-11,18650.0,18650.0,17950.0,18000.0,470.0,8462000.0,123408000000.0,6856000,KOSPI,tradable_ohlcv
2010-11-12,17900.0,18000.0,17650.0,17950.0,800.0,14251500.0,123065200000.0,6856000,KOSPI,tradable_ohlcv
2010-11-15,18200.0,18200.0,17850.0,17850.0,1910.0,34250000.0,122379600000.0,6856000,KOSPI,tradable_ohlcv
2010-11-16,17850.0,18100.0,17800.0,18100.0,3010.0,54207500.0,124093600000.0,6856000,KOSPI,tradable_ohlcv
2010-11-17,18000.0,18100.0,17800.0,18100.0,230.0,4119000.0,124093600000.0,6856000,KOSPI,tradable_ohlcv
2010-11-18,18100.0,18900.0,18100.0,18800.0,3720.0,69902000.0,128892800000.0,6856000,KOSPI,tradable_ohlcv
2010-11-19,18750.0,18750.0,18700.0,18700.0,200.0,3745000.0,128207200000.0,6856000,KOSPI,tradable_ohlcv
2010-11-22,18600.0,18600.0,18600.0,18600.0,10.0,186000.0,127521600000.0,6856000,KOSPI,tradable_ohlcv
2010-11-23,18150.0,18550.0,18100.0,18550.0,220.0,3996500.0,127178800000.0,6856000,KOSPI,tradable_ohlcv
2010-11-24,17700.0,18800.0,17700.0,18600.0,1079.0,19600400.0,127521600000.0,6856000,KOSPI,tradable_ohlcv
2010-11-25,18000.0,18000.0,18000.0,18000.0,10.0,180000.0,123408000000.0,6856000,KOSPI,tradable_ohlcv
2010-11-26,18450.0,18450.0,18000.0,18350.0,550.0,9917500.0,125807600000.0,6856000,KOSPI,tradable_ohlcv
2010-11-29,18000.0,18300.0,18000.0,18300.0,140.0,2526000.0,125464800000.0,6856000,KOSPI,tradable_ohlcv
2010-11-30,18900.0,18900.0,18850.0,18850.0,20.0,377500.0,129235600000.0,6856000,KOSPI,tradable_ohlcv
2010-12-01,0.0,0.0,0.0,18700.0,0.0,0.0,128207200000.0,6856000,KOSPI,non_tradable_zero_volume
2010-12-02,19000.0,19000.0,18450.0,18500.0,1280.0,23625000.0,126836000000.0,6856000,KOSPI,tradable_ohlcv
2010-12-03,17850.0,18400.0,17850.0,18000.0,10110.0,181930500.0,123408000000.0,6856000,KOSPI,tradable_ohlcv
2010-12-06,18800.0,18800.0,18550.0,18550.0,40.0,746500.0,127178800000.0,6856000,KOSPI,tradable_ohlcv
2010-12-07,0.0,0.0,0.0,18450.0,0.0,0.0,126493200000.0,6856000,KOSPI,non_tradable_zero_volume
2010-12-08,17950.0,18300.0,17950.0,18250.0,80.0,1446000.0,125122000000.0,6856000,KOSPI,tradable_ohlcv
2010-12-09,18200.0,18200.0,18200.0,18200.0,60.0,1092000.0,124779200000.0,6856000,KOSPI,tradable_ohlcv
2010-12-10,18300.0,18900.0,18300.0,18900.0,30.0,560500.0,129578400000.0,6856000,KOSPI,tradable_ohlcv
2010-12-13,18000.0,18350.0,18000.0,18300.0,230.0,4149500.0,125464800000.0,6856000,KOSPI,tradable_ohlcv
2010-12-14,18000.0,18350.0,18000.0,18200.0,510.0,9248000.0,124779200000.0,6856000,KOSPI,tradable_ohlcv
2010-12-15,18150.0,18200.0,18000.0,18200.0,370.0,6716500.0,124779200000.0,6856000,KOSPI,tradable_ohlcv
2010-12-16,18200.0,18800.0,18000.0,18800.0,680.0,12359500.0,128892800000.0,6856000,KOSPI,tradable_ohlcv
2010-12-17,18550.0,18600.0,17200.0,18550.0,6500.0,116532500.0,127178800000.0,6856000,KOSPI,tradable_ohlcv
2010-12-20,18550.0,18600.0,18550.0,18600.0,510.0,9474000.0,127521600000.0,6856000,KOSPI,tradable_ohlcv
2010-12-21,18250.0,18350.0,18250.0,18350.0,30.0,549500.0,125807600000.0,6856000,KOSPI,tradable_ohlcv
2010-12-22,18450.0,18450.0,18350.0,18350.0,70.0,1290500.0,125807600000.0,6856000,KOSPI,tradable_ohlcv
2010-12-23,18800.0,18800.0,18150.0,18800.0,70.0,1303000.0,128892800000.0,6856000,KOSPI,tradable_ohlcv
2010-12-24,18100.0,18800.0,18100.0,18800.0,60.0,1110500.0,128892800000.0,6856000,KOSPI,tradable_ohlcv
2010-12-27,18800.0,18800.0,18800.0,18800.0,50.0,940000.0,128892800000.0,6856000,KOSPI,tradable_ohlcv
2010-12-28,18800.0,19600.0,18800.0,19600.0,60.0,1136000.0,134377600000.0,6856000,KOSPI,tradable_ohlcv
2010-12-29,0.0,0.0,0.0,19600.0,0.0,0.0,134377600000.0,6856000,KOSPI,non_tradable_zero_volume
2010-12-30,19600.0,19600.0,19600.0,19600.0,40.0,784000.0,134377600000.0,6856000,KOSPI,tradable_ohlcv
