d,o,h,l,c,v,a,mc,s,m,rs
2024-01-02,2475.0,2565.0,2435.0,2535.0,234087.0,584814515.0,59336940195.0,23407077,KOSDAQ,tradable_ohlcv
2024-01-03,2535.0,2710.0,2490.0,2595.0,923428.0,2428757870.0,60741364815.0,23407077,KOSDAQ,tradable_ohlcv
2024-01-04,2615.0,2650.0,2530.0,2545.0,218156.0,564812810.0,59571010965.0,23407077,KOSDAQ,tradable_ohlcv
2024-01-05,2555.0,2660.0,2550.0,2635.0,286378.0,751459110.0,61677647895.0,23407077,KOSDAQ,tradable_ohlcv
2024-01-08,2655.0,2685.0,2605.0,2655.0,217413.0,575635845.0,62145789435.0,23407077,KOSDAQ,tradable_ohlcv
2024-01-09,2655.0,2750.0,2635.0,2670.0,418812.0,1123686225.0,62496895590.0,23407077,KOSDAQ,tradable_ohlcv
2024-01-10,2670.0,2670.0,2625.0,2625.0,127699.0,336897875.0,61443577125.0,23407077,KOSDAQ,tradable_ohlcv
2024-01-11,2650.0,2710.0,2610.0,2690.0,221346.0,593358345.0,62965037130.0,23407077,KOSDAQ,tradable_ohlcv
2024-01-12,2670.0,2710.0,2590.0,2615.0,161043.0,422233865.0,61209506355.0,23407077,KOSDAQ,tradable_ohlcv
2024-01-15,2615.0,2740.0,2615.0,2720.0,380877.0,1028511270.0,63667249440.0,23407077,KOSDAQ,tradable_ohlcv
2024-01-16,2715.0,2715.0,2580.0,2595.0,230818.0,605996485.0,60741364815.0,23407077,KOSDAQ,tradable_ohlcv
2024-01-17,2570.0,2570.0,2445.0,2470.0,298635.0,742827750.0,57815480190.0,23407077,KOSDAQ,tradable_ohlcv
2024-01-18,2470.0,2970.0,2470.0,2685.0,17534724.0,49467601435.0,62848001745.0,23407077,KOSDAQ,tradable_ohlcv
2024-01-19,2660.0,2745.0,2635.0,2735.0,1524204.0,4112713650.0,64018355595.0,23407077,KOSDAQ,tradable_ohlcv
2024-01-22,2750.0,2780.0,2705.0,2755.0,1218390.0,3347809490.0,64486497135.0,23407077,KOSDAQ,tradable_ohlcv
2024-01-23,2725.0,2790.0,2665.0,2765.0,744477.0,2037990450.0,64720567905.0,23407077,KOSDAQ,tradable_ohlcv
2024-01-24,2770.0,3270.0,2755.0,3025.0,22047119.0,67404248170.0,70806407925.0,23407077,KOSDAQ,tradable_ohlcv
2024-01-25,2910.0,3025.0,2820.0,2990.0,3342320.0,9721198070.0,69987160230.0,23407077,KOSDAQ,tradable_ohlcv
2024-01-26,2915.0,2975.0,2845.0,2910.0,1412897.0,4110493910.0,68114594070.0,23407077,KOSDAQ,tradable_ohlcv
2024-01-29,2915.0,2955.0,2750.0,2815.0,1033443.0,2953888455.0,65890921755.0,23407077,KOSDAQ,tradable_ohlcv
2024-01-30,2820.0,3175.0,2740.0,2795.0,7713258.0,23041007505.0,65422780215.0,23407077,KOSDAQ,tradable_ohlcv
2024-01-31,2795.0,2870.0,2615.0,2640.0,1246071.0,3386585760.0,61794683280.0,23407077,KOSDAQ,tradable_ohlcv
2024-02-01,2640.0,2855.0,2625.0,2750.0,1793394.0,4949416405.0,64369461750.0,23407077,KOSDAQ,tradable_ohlcv
2024-02-02,2770.0,2880.0,2750.0,2855.0,1019000.0,2899576010.0,66827204835.0,23407077,KOSDAQ,tradable_ohlcv
2024-02-05,2885.0,3115.0,2815.0,3060.0,6212297.0,19202940315.0,71625655620.0,23407077,KOSDAQ,tradable_ohlcv
2024-02-06,3515.0,3670.0,2975.0,2995.0,22166019.0,75820537405.0,70104195615.0,23407077,KOSDAQ,tradable_ohlcv
2024-02-07,3000.0,3095.0,2850.0,2850.0,1956714.0,5764157155.0,66710169450.0,23407077,KOSDAQ,tradable_ohlcv
2024-02-08,2845.0,2895.0,2710.0,2710.0,1586323.0,4414584325.0,63433178670.0,23407077,KOSDAQ,tradable_ohlcv
2024-02-13,2710.0,2755.0,2685.0,2715.0,949824.0,2578526940.0,63550214055.0,23407077,KOSDAQ,tradable_ohlcv
2024-02-14,2690.0,3130.0,2670.0,2895.0,5608190.0,16407991630.0,67763487915.0,23407077,KOSDAQ,tradable_ohlcv
2024-02-15,2880.0,2895.0,2800.0,2815.0,761534.0,2162447915.0,65890921755.0,23407077,KOSDAQ,tradable_ohlcv
2024-02-16,2825.0,2885.0,2725.0,2885.0,928279.0,2610525270.0,67529417145.0,23407077,KOSDAQ,tradable_ohlcv
2024-02-19,2885.0,3280.0,2885.0,3135.0,8998554.0,28209255645.0,73381186395.0,23407077,KOSDAQ,tradable_ohlcv
2024-02-20,3090.0,3450.0,3070.0,3325.0,14253034.0,46609689235.0,77828531025.0,23407077,KOSDAQ,tradable_ohlcv
2024-02-21,3220.0,3370.0,3050.0,3080.0,3356379.0,10814189390.0,72093797160.0,23407077,KOSDAQ,tradable_ohlcv
2024-02-22,3105.0,3300.0,2950.0,3280.0,3888858.0,12353560695.0,76775212560.0,23407077,KOSDAQ,tradable_ohlcv
2024-02-23,3190.0,3345.0,3165.0,3250.0,2500543.0,8163071665.0,76073000250.0,23407077,KOSDAQ,tradable_ohlcv
2024-02-26,3305.0,3410.0,3115.0,3220.0,2598365.0,8551369155.0,75370787940.0,23407077,KOSDAQ,tradable_ohlcv
2024-02-27,3150.0,3225.0,3020.0,3030.0,1216641.0,3773906330.0,70923443310.0,23407077,KOSDAQ,tradable_ohlcv
2024-02-28,3000.0,3115.0,2920.0,3015.0,890141.0,2669380180.0,70572337155.0,23407077,KOSDAQ,tradable_ohlcv
2024-02-29,2990.0,3130.0,2945.0,3040.0,747876.0,2290186795.0,71157514080.0,23407077,KOSDAQ,tradable_ohlcv
2024-03-04,3105.0,3390.0,3095.0,3315.0,6299642.0,20746904715.0,77594460255.0,23407077,KOSDAQ,tradable_ohlcv
2024-03-05,3315.0,3555.0,3205.0,3240.0,7937414.0,26751332380.0,75838929480.0,23407077,KOSDAQ,tradable_ohlcv
2024-03-06,3195.0,3320.0,3100.0,3145.0,1151287.0,3716856565.0,73615257165.0,23407077,KOSDAQ,tradable_ohlcv
2024-03-07,3100.0,3150.0,2985.0,3010.0,1159745.0,3536460025.0,70455301770.0,23407077,KOSDAQ,tradable_ohlcv
2024-03-08,3005.0,3050.0,2910.0,2965.0,639142.0,1893614925.0,69401983305.0,23407077,KOSDAQ,tradable_ohlcv
2024-03-11,2945.0,3025.0,2855.0,2890.0,561661.0,1647596355.0,67646452530.0,23407077,KOSDAQ,tradable_ohlcv
2024-03-12,2850.0,2965.0,2840.0,2855.0,400404.0,1160714875.0,66827204835.0,23407077,KOSDAQ,tradable_ohlcv
2024-03-13,2905.0,3000.0,2875.0,2945.0,711940.0,2100739455.0,68933841765.0,23407077,KOSDAQ,tradable_ohlcv
2024-03-14,2950.0,2960.0,2805.0,2870.0,278450.0,799440430.0,67178310990.0,23407077,KOSDAQ,tradable_ohlcv
2024-03-15,2845.0,2910.0,2750.0,2870.0,375281.0,1062065995.0,67178310990.0,23407077,KOSDAQ,tradable_ohlcv
2024-03-18,2845.0,2935.0,2820.0,2930.0,276509.0,792975295.0,68582735610.0,23407077,KOSDAQ,tradable_ohlcv
2024-03-19,2930.0,3260.0,2870.0,3080.0,4215477.0,13184937515.0,72093797160.0,23407077,KOSDAQ,tradable_ohlcv
2024-03-20,3030.0,3105.0,2855.0,2880.0,1210259.0,3604955280.0,67412381760.0,23407077,KOSDAQ,tradable_ohlcv
2024-03-21,2925.0,2940.0,2850.0,2855.0,382604.0,1101949350.0,66827204835.0,23407077,KOSDAQ,tradable_ohlcv
2024-03-22,2880.0,2925.0,2810.0,2845.0,320680.0,919973870.0,66593134065.0,23407077,KOSDAQ,tradable_ohlcv
2024-03-25,2835.0,2855.0,2735.0,2755.0,374127.0,1041164430.0,64486497135.0,23407077,KOSDAQ,tradable_ohlcv
2024-03-26,2755.0,2785.0,2700.0,2785.0,183131.0,502673610.0,65188709445.0,23407077,KOSDAQ,tradable_ohlcv
2024-03-27,2785.0,2785.0,2710.0,2725.0,169754.0,463417025.0,63784284825.0,23407077,KOSDAQ,tradable_ohlcv
2024-03-28,2715.0,2745.0,2665.0,2685.0,188118.0,508584055.0,62848001745.0,23407077,KOSDAQ,tradable_ohlcv
2024-03-29,2665.0,2750.0,2660.0,2750.0,142322.0,384513255.0,64369461750.0,23407077,KOSDAQ,tradable_ohlcv
2024-04-01,2745.0,2840.0,2735.0,2765.0,215913.0,603422735.0,64720567905.0,23407077,KOSDAQ,tradable_ohlcv
2024-04-02,2740.0,2800.0,2675.0,2700.0,151293.0,410124400.0,63199107900.0,23407077,KOSDAQ,tradable_ohlcv
2024-04-03,2700.0,2700.0,2580.0,2630.0,143293.0,376493590.0,61560612510.0,23407077,KOSDAQ,tradable_ohlcv
2024-04-04,2620.0,2650.0,2580.0,2590.0,98672.0,256590305.0,60624329430.0,23407077,KOSDAQ,tradable_ohlcv
2024-04-05,2575.0,2605.0,2510.0,2580.0,88643.0,227447020.0,60390258660.0,23407077,KOSDAQ,tradable_ohlcv
2024-04-08,2580.0,2580.0,2480.0,2510.0,190448.0,478333485.0,58751763270.0,23407077,KOSDAQ,tradable_ohlcv
2024-04-09,2505.0,2530.0,2470.0,2475.0,141841.0,353602415.0,57932515575.0,23407077,KOSDAQ,tradable_ohlcv
2024-04-11,2450.0,2480.0,2430.0,2460.0,116398.0,285514280.0,57581409420.0,23407077,KOSDAQ,tradable_ohlcv
2024-04-12,2445.0,2465.0,2380.0,2410.0,167226.0,404582365.0,56411055570.0,23407077,KOSDAQ,tradable_ohlcv
2024-04-15,2400.0,2440.0,2335.0,2400.0,140673.0,332257300.0,56176984800.0,23407077,KOSDAQ,tradable_ohlcv
2024-04-16,2385.0,2610.0,2305.0,2345.0,902395.0,2206364035.0,54889595565.0,23407077,KOSDAQ,tradable_ohlcv
2024-04-17,2315.0,2420.0,2295.0,2305.0,162924.0,381435430.0,53953312485.0,23407077,KOSDAQ,tradable_ohlcv
2024-04-18,2280.0,2380.0,2280.0,2315.0,151666.0,352347705.0,54187383255.0,23407077,KOSDAQ,tradable_ohlcv
2024-04-19,2315.0,2315.0,2205.0,2280.0,181112.0,408062175.0,53368135560.0,23407077,KOSDAQ,tradable_ohlcv
2024-04-22,2255.0,2295.0,2240.0,2265.0,90844.0,205373505.0,53017029405.0,23407077,KOSDAQ,tradable_ohlcv
2024-04-23,2250.0,2295.0,2215.0,2235.0,80705.0,181105130.0,52314817095.0,23407077,KOSDAQ,tradable_ohlcv
2024-04-24,2235.0,2335.0,2235.0,2305.0,119696.0,274021760.0,53953312485.0,23407077,KOSDAQ,tradable_ohlcv
2024-04-25,2285.0,2325.0,2285.0,2310.0,66656.0,153803565.0,54070347870.0,23407077,KOSDAQ,tradable_ohlcv
2024-04-26,2310.0,2340.0,2270.0,2280.0,66768.0,153058345.0,53368135560.0,23407077,KOSDAQ,tradable_ohlcv
2024-04-29,2300.0,2370.0,2300.0,2355.0,74210.0,173722345.0,55123666335.0,23407077,KOSDAQ,tradable_ohlcv
2024-04-30,2335.0,2430.0,2335.0,2345.0,62230.0,147303080.0,54889595565.0,23407077,KOSDAQ,tradable_ohlcv
2024-05-02,2345.0,2430.0,2335.0,2390.0,103351.0,245669160.0,55942914030.0,23407077,KOSDAQ,tradable_ohlcv
2024-05-03,2410.0,2410.0,2365.0,2400.0,60225.0,143540765.0,56176984800.0,23407077,KOSDAQ,tradable_ohlcv
2024-05-07,2390.0,2415.0,2365.0,2370.0,73803.0,175509345.0,55474772490.0,23407077,KOSDAQ,tradable_ohlcv
2024-05-08,2350.0,2390.0,2330.0,2385.0,86922.0,205622985.0,55825878645.0,23407077,KOSDAQ,tradable_ohlcv
2024-05-09,2390.0,2420.0,2350.0,2370.0,127417.0,304582400.0,55474772490.0,23407077,KOSDAQ,tradable_ohlcv
2024-05-10,2370.0,2400.0,2335.0,2340.0,77626.0,183460130.0,54772560180.0,23407077,KOSDAQ,tradable_ohlcv
2024-05-13,2350.0,2350.0,2280.0,2315.0,80367.0,185134410.0,54187383255.0,23407077,KOSDAQ,tradable_ohlcv
2024-05-14,2305.0,2390.0,2305.0,2355.0,65489.0,154016935.0,55123666335.0,23407077,KOSDAQ,tradable_ohlcv
2024-05-16,2355.0,2500.0,2355.0,2500.0,512083.0,1296559450.0,58517692500.0,23407077,KOSDAQ,tradable_ohlcv
2024-05-17,2715.0,3135.0,2600.0,2620.0,21397635.0,62758925390.0,61326541740.0,23407077,KOSDAQ,tradable_ohlcv
2024-05-20,2615.0,2670.0,2540.0,2540.0,1175287.0,3065622240.0,59453975580.0,23407077,KOSDAQ,tradable_ohlcv
2024-05-21,2520.0,2660.0,2515.0,2595.0,1009739.0,2602639500.0,60741364815.0,23407077,KOSDAQ,tradable_ohlcv
2024-05-22,2540.0,2560.0,2470.0,2480.0,563473.0,1415492000.0,58049550960.0,23407077,KOSDAQ,tradable_ohlcv
2024-05-23,2460.0,2505.0,2440.0,2485.0,272821.0,675332620.0,58166586345.0,23407077,KOSDAQ,tradable_ohlcv
2024-05-24,2545.0,2780.0,2520.0,2580.0,4334775.0,11637046495.0,60390258660.0,23407077,KOSDAQ,tradable_ohlcv
2024-05-27,2795.0,2825.0,2545.0,2565.0,2296865.0,6162705720.0,60039152505.0,23407077,KOSDAQ,tradable_ohlcv
2024-05-28,2550.0,2580.0,2510.0,2555.0,462458.0,1176159710.0,59805081735.0,23407077,KOSDAQ,tradable_ohlcv
2024-05-29,2550.0,2710.0,2525.0,2700.0,1075785.0,2836256270.0,63199107900.0,23407077,KOSDAQ,tradable_ohlcv
2024-05-30,2640.0,2700.0,2575.0,2575.0,989194.0,2610142700.0,60273223275.0,23407077,KOSDAQ,tradable_ohlcv
2024-05-31,2555.0,2625.0,2545.0,2570.0,350699.0,901818625.0,60156187890.0,23407077,KOSDAQ,tradable_ohlcv
2024-06-03,2550.0,2620.0,2495.0,2555.0,422568.0,1074920740.0,59805081735.0,23407077,KOSDAQ,tradable_ohlcv
2024-06-04,2550.0,2565.0,2465.0,2465.0,402848.0,1006953415.0,57698444805.0,23407077,KOSDAQ,tradable_ohlcv
2024-06-05,2460.0,2595.0,2410.0,2420.0,611929.0,1512280485.0,56645126340.0,23407077,KOSDAQ,tradable_ohlcv
2024-06-07,2415.0,2485.0,2415.0,2420.0,135226.0,329876590.0,56645126340.0,23407077,KOSDAQ,tradable_ohlcv
2024-06-10,2430.0,2440.0,2385.0,2405.0,141102.0,338917580.0,56294020185.0,23407077,KOSDAQ,tradable_ohlcv
2024-06-11,2385.0,2415.0,2365.0,2370.0,119666.0,284861360.0,55474772490.0,23407077,KOSDAQ,tradable_ohlcv
2024-06-12,2360.0,2410.0,2340.0,2340.0,110633.0,261480430.0,54772560180.0,23407077,KOSDAQ,tradable_ohlcv
2024-06-13,2340.0,2415.0,2340.0,2400.0,273406.0,647674480.0,56176984800.0,23407077,KOSDAQ,tradable_ohlcv
2024-06-14,2395.0,2420.0,2350.0,2385.0,111470.0,265646785.0,55825878645.0,23407077,KOSDAQ,tradable_ohlcv
2024-06-17,2400.0,2400.0,2330.0,2370.0,182907.0,439712785.0,55474772490.0,23407077,KOSDAQ,tradable_ohlcv
2024-06-18,2410.0,2445.0,2335.0,2445.0,301561.0,721969420.0,57230303265.0,23407077,KOSDAQ,tradable_ohlcv
2024-06-19,2445.0,2445.0,2365.0,2420.0,213840.0,518733520.0,56645126340.0,23407077,KOSDAQ,tradable_ohlcv
2024-06-20,2430.0,2530.0,2385.0,2385.0,514578.0,1264273620.0,55825878645.0,23407077,KOSDAQ,tradable_ohlcv
2024-06-21,2355.0,2375.0,2330.0,2330.0,140215.0,328742430.0,54538489410.0,23407077,KOSDAQ,tradable_ohlcv
2024-06-24,2335.0,2345.0,2250.0,2250.0,141598.0,323533200.0,52665923250.0,23407077,KOSDAQ,tradable_ohlcv
2024-06-25,2225.0,2265.0,2225.0,2245.0,78061.0,175219735.0,52548887865.0,23407077,KOSDAQ,tradable_ohlcv
2024-06-26,2245.0,2285.0,2240.0,2270.0,43647.0,98993425.0,53134064790.0,23407077,KOSDAQ,tradable_ohlcv
2024-06-27,2265.0,2290.0,2250.0,2250.0,45952.0,103837775.0,52665923250.0,23407077,KOSDAQ,tradable_ohlcv
2024-06-28,2250.0,2270.0,2220.0,2235.0,42170.0,94257120.0,52314817095.0,23407077,KOSDAQ,tradable_ohlcv
2024-07-01,2230.0,2270.0,2220.0,2270.0,37478.0,84366980.0,53134064790.0,23407077,KOSDAQ,tradable_ohlcv
2024-07-02,2260.0,2285.0,2190.0,2200.0,85756.0,189810110.0,51495569400.0,23407077,KOSDAQ,tradable_ohlcv
2024-07-03,2195.0,2200.0,2115.0,2115.0,161195.0,345098685.0,49505967855.0,23407077,KOSDAQ,tradable_ohlcv
2024-07-04,2095.0,2135.0,2035.0,2055.0,155231.0,322169665.0,48101543235.0,23407077,KOSDAQ,tradable_ohlcv
2024-07-05,2070.0,2070.0,2020.0,2030.0,133829.0,272883465.0,47516366310.0,23407077,KOSDAQ,tradable_ohlcv
2024-07-08,2035.0,2480.0,2015.0,2155.0,7008338.0,16377568665.0,50442250935.0,23407077,KOSDAQ,tradable_ohlcv
2024-07-09,2155.0,2205.0,2135.0,2200.0,597974.0,1309754445.0,51495569400.0,23407077,KOSDAQ,tradable_ohlcv
2024-07-10,2210.0,2360.0,2170.0,2230.0,831701.0,1879203135.0,52197781710.0,23407077,KOSDAQ,tradable_ohlcv
2024-07-11,2225.0,2260.0,2200.0,2210.0,120046.0,266638395.0,51729640170.0,23407077,KOSDAQ,tradable_ohlcv
2024-07-12,2210.0,2235.0,2195.0,2215.0,80709.0,178761025.0,51846675555.0,23407077,KOSDAQ,tradable_ohlcv
2024-07-15,2220.0,2235.0,2185.0,2200.0,88064.0,194305810.0,51495569400.0,23407077,KOSDAQ,tradable_ohlcv
2024-07-16,2200.0,2260.0,2170.0,2190.0,62761.0,137699755.0,51261498630.0,23407077,KOSDAQ,tradable_ohlcv
2024-07-17,2190.0,2220.0,2170.0,2180.0,71799.0,157268505.0,51027427860.0,23407077,KOSDAQ,tradable_ohlcv
2024-07-18,2195.0,2195.0,2110.0,2155.0,110797.0,237187290.0,50442250935.0,23407077,KOSDAQ,tradable_ohlcv
2024-07-19,2135.0,2150.0,2100.0,2140.0,81178.0,172659285.0,50091144780.0,23407077,KOSDAQ,tradable_ohlcv
2024-07-22,2120.0,2155.0,2085.0,2100.0,101099.0,212916450.0,49154861700.0,23407077,KOSDAQ,tradable_ohlcv
2024-07-23,2080.0,2125.0,2070.0,2100.0,89615.0,187576945.0,49154861700.0,23407077,KOSDAQ,tradable_ohlcv
2024-07-24,2070.0,2175.0,2070.0,2115.0,127330.0,270200605.0,49505967855.0,23407077,KOSDAQ,tradable_ohlcv
2024-07-25,2065.0,2170.0,2055.0,2100.0,201441.0,422313620.0,49154861700.0,23407077,KOSDAQ,tradable_ohlcv
2024-07-26,2085.0,2125.0,2085.0,2100.0,68872.0,144860020.0,49154861700.0,23407077,KOSDAQ,tradable_ohlcv
2024-07-29,2100.0,2130.0,2090.0,2130.0,49975.0,105681065.0,49857074010.0,23407077,KOSDAQ,tradable_ohlcv
2024-07-30,2110.0,2220.0,2080.0,2080.0,69064.0,145283380.0,48686720160.0,23407077,KOSDAQ,tradable_ohlcv
2024-07-31,2100.0,2110.0,2070.0,2085.0,42537.0,88884095.0,48803755545.0,23407077,KOSDAQ,tradable_ohlcv
2024-08-01,2090.0,2170.0,2090.0,2130.0,74227.0,158503420.0,49857074010.0,23407077,KOSDAQ,tradable_ohlcv
2024-08-02,2120.0,2125.0,2030.0,2035.0,98728.0,203341225.0,47633401695.0,23407077,KOSDAQ,tradable_ohlcv
2024-08-05,2005.0,2035.0,1647.0,1740.0,306837.0,573536733.0,40728313980.0,23407077,KOSDAQ,tradable_ohlcv
2024-08-06,1700.0,1872.0,1700.0,1837.0,228683.0,406841438.0,42998800449.0,23407077,KOSDAQ,tradable_ohlcv
2024-08-07,1796.0,1920.0,1796.0,1910.0,103984.0,193490366.0,44707517070.0,23407077,KOSDAQ,tradable_ohlcv
2024-08-08,1891.0,1947.0,1830.0,1908.0,52234.0,99608461.0,44660702916.0,23407077,KOSDAQ,tradable_ohlcv
2024-08-09,1905.0,1970.0,1905.0,1970.0,62123.0,121387911.0,46111941690.0,23407077,KOSDAQ,tradable_ohlcv
2024-08-12,1972.0,2090.0,1972.0,2040.0,89718.0,182100627.0,47750437080.0,23407077,KOSDAQ,tradable_ohlcv
2024-08-13,2040.0,2045.0,2005.0,2020.0,47302.0,95545470.0,47282295540.0,23407077,KOSDAQ,tradable_ohlcv
2024-08-14,2040.0,2350.0,2020.0,2210.0,2116694.0,4742282510.0,51729640170.0,23407077,KOSDAQ,tradable_ohlcv
2024-08-16,2220.0,2440.0,2220.0,2440.0,2036351.0,4772491090.0,57113267880.0,23407077,KOSDAQ,tradable_ohlcv
2024-08-19,2435.0,2705.0,2285.0,2500.0,13513353.0,34444614515.0,58517692500.0,23407077,KOSDAQ,tradable_ohlcv
2024-08-20,2455.0,2555.0,2340.0,2340.0,1835891.0,4474861190.0,54772560180.0,23407077,KOSDAQ,tradable_ohlcv
2024-08-21,2340.0,2380.0,2230.0,2265.0,669636.0,1533991755.0,53017029405.0,23407077,KOSDAQ,tradable_ohlcv
2024-08-22,2235.0,2245.0,2100.0,2120.0,538589.0,1155446095.0,49623003240.0,23407077,KOSDAQ,tradable_ohlcv
2024-08-23,2100.0,2115.0,2040.0,2080.0,315998.0,655565080.0,48686720160.0,23407077,KOSDAQ,tradable_ohlcv
2024-08-26,2080.0,2150.0,2070.0,2075.0,179187.0,376249830.0,48569684775.0,23407077,KOSDAQ,tradable_ohlcv
2024-08-27,2060.0,2380.0,2060.0,2210.0,7529157.0,17016820470.0,51729640170.0,23407077,KOSDAQ,tradable_ohlcv
2024-08-28,2210.0,2360.0,2170.0,2195.0,2455042.0,5580698985.0,51378534015.0,23407077,KOSDAQ,tradable_ohlcv
2024-08-29,2180.0,2260.0,2115.0,2135.0,543445.0,1181334540.0,49974109395.0,23407077,KOSDAQ,tradable_ohlcv
2024-08-30,2130.0,2170.0,2130.0,2155.0,152898.0,329348835.0,50442250935.0,23407077,KOSDAQ,tradable_ohlcv
2024-09-02,2165.0,2190.0,2115.0,2175.0,119401.0,257486970.0,50910392475.0,23407077,KOSDAQ,tradable_ohlcv
2024-09-03,2150.0,2185.0,2150.0,2175.0,113462.0,245471625.0,50910392475.0,23407077,KOSDAQ,tradable_ohlcv
2024-09-04,2160.0,2160.0,2090.0,2115.0,176209.0,372181355.0,49505967855.0,23407077,KOSDAQ,tradable_ohlcv
2024-09-05,2105.0,2175.0,2095.0,2110.0,169791.0,359745865.0,49388932470.0,23407077,KOSDAQ,tradable_ohlcv
2024-09-06,2100.0,2135.0,2050.0,2060.0,122924.0,255877730.0,48218578620.0,23407077,KOSDAQ,tradable_ohlcv
2024-09-09,2005.0,2090.0,2005.0,2070.0,70652.0,144563160.0,48452649390.0,23407077,KOSDAQ,tradable_ohlcv
2024-09-10,2060.0,2220.0,2030.0,2035.0,931184.0,1974804585.0,47633401695.0,23407077,KOSDAQ,tradable_ohlcv
2024-09-11,2035.0,2160.0,2030.0,2035.0,584913.0,1224356765.0,47633401695.0,23407077,KOSDAQ,tradable_ohlcv
2024-09-12,2050.0,2185.0,2050.0,2125.0,653872.0,1388539250.0,49740038625.0,23407077,KOSDAQ,tradable_ohlcv
2024-09-13,2120.0,2135.0,2105.0,2130.0,89826.0,190368820.0,49857074010.0,23407077,KOSDAQ,tradable_ohlcv
2024-09-19,2115.0,2150.0,2105.0,2145.0,99296.0,211188050.0,50208180165.0,23407077,KOSDAQ,tradable_ohlcv
2024-09-20,2135.0,2250.0,2125.0,2145.0,731048.0,1595048850.0,50208180165.0,23407077,KOSDAQ,tradable_ohlcv
2024-09-23,2145.0,2190.0,2125.0,2180.0,104214.0,225950360.0,51027427860.0,23407077,KOSDAQ,tradable_ohlcv
2024-09-24,2215.0,2275.0,2170.0,2260.0,970031.0,2179010850.0,52899994020.0,23407077,KOSDAQ,tradable_ohlcv
2024-09-25,2220.0,2250.0,2195.0,2195.0,266970.0,592610035.0,51378534015.0,23407077,KOSDAQ,tradable_ohlcv
2024-09-26,2200.0,2275.0,2185.0,2235.0,145633.0,325558145.0,52314817095.0,23407077,KOSDAQ,tradable_ohlcv
2024-09-27,2240.0,2265.0,2230.0,2245.0,103156.0,231730910.0,52548887865.0,23407077,KOSDAQ,tradable_ohlcv
2024-09-30,2240.0,2260.0,2220.0,2225.0,48081.0,107352020.0,52080746325.0,23407077,KOSDAQ,tradable_ohlcv
2024-10-02,2205.0,2230.0,2165.0,2185.0,52599.0,115026925.0,51144463245.0,23407077,KOSDAQ,tradable_ohlcv
2024-10-04,2185.0,2205.0,2145.0,2155.0,190501.0,412482060.0,50442250935.0,23407077,KOSDAQ,tradable_ohlcv
2024-10-07,2160.0,2210.0,2150.0,2205.0,55571.0,121479835.0,51612604785.0,23407077,KOSDAQ,tradable_ohlcv
2024-10-08,2205.0,2215.0,2175.0,2200.0,20639.0,45235075.0,51495569400.0,23407077,KOSDAQ,tradable_ohlcv
2024-10-10,2190.0,2205.0,2155.0,2170.0,59483.0,129080225.0,50793357090.0,23407077,KOSDAQ,tradable_ohlcv
2024-10-11,2170.0,2205.0,2155.0,2185.0,96145.0,210151680.0,51144463245.0,23407077,KOSDAQ,tradable_ohlcv
2024-10-14,2155.0,2165.0,2115.0,2140.0,83177.0,177348475.0,50091144780.0,23407077,KOSDAQ,tradable_ohlcv
2024-10-15,2135.0,2150.0,2110.0,2120.0,54714.0,116031495.0,49623003240.0,23407077,KOSDAQ,tradable_ohlcv
2024-10-16,2120.0,2120.0,2085.0,2090.0,39017.0,81756490.0,48920790930.0,23407077,KOSDAQ,tradable_ohlcv
2024-10-17,2090.0,2105.0,2075.0,2080.0,60377.0,125952780.0,48686720160.0,23407077,KOSDAQ,tradable_ohlcv
2024-10-18,2070.0,2085.0,2035.0,2060.0,44331.0,90756590.0,48218578620.0,23407077,KOSDAQ,tradable_ohlcv
2024-10-21,2050.0,2075.0,2000.0,2065.0,64098.0,130089545.0,48335614005.0,23407077,KOSDAQ,tradable_ohlcv
2024-10-22,2075.0,2075.0,2000.0,2005.0,71181.0,143490500.0,46931189385.0,23407077,KOSDAQ,tradable_ohlcv
2024-10-23,2025.0,2030.0,1986.0,2005.0,44493.0,89023347.0,46931189385.0,23407077,KOSDAQ,tradable_ohlcv
2024-10-24,1996.0,2060.0,1959.0,2000.0,143031.0,286716520.0,46814154000.0,23407077,KOSDAQ,tradable_ohlcv
2024-10-25,2000.0,2020.0,1970.0,1998.0,45628.0,91118247.0,46767339846.0,23407077,KOSDAQ,tradable_ohlcv
2024-10-28,1985.0,2025.0,1982.0,2025.0,46015.0,92532527.0,47399330925.0,23407077,KOSDAQ,tradable_ohlcv
2024-10-29,2040.0,2065.0,2010.0,2050.0,44890.0,91637455.0,47984507850.0,23407077,KOSDAQ,tradable_ohlcv
2024-10-30,2055.0,2060.0,2040.0,2050.0,13616.0,27913500.0,47984507850.0,23407077,KOSDAQ,tradable_ohlcv
2024-10-31,2050.0,2105.0,1990.0,2105.0,90139.0,186089151.0,49271897085.0,23407077,KOSDAQ,tradable_ohlcv
2024-11-01,2100.0,2170.0,2055.0,2160.0,149200.0,316582285.0,50559286320.0,23407077,KOSDAQ,tradable_ohlcv
2024-11-04,2155.0,2165.0,2130.0,2150.0,137567.0,295715410.0,50325215550.0,23407077,KOSDAQ,tradable_ohlcv
2024-11-05,2130.0,2190.0,2130.0,2160.0,180258.0,390385035.0,50559286320.0,23407077,KOSDAQ,tradable_ohlcv
2024-11-06,2180.0,2180.0,2095.0,2115.0,130079.0,278229515.0,49505967855.0,23407077,KOSDAQ,tradable_ohlcv
2024-11-07,2120.0,2120.0,2050.0,2085.0,56829.0,118355635.0,48803755545.0,23407077,KOSDAQ,tradable_ohlcv
2024-11-08,2085.0,2125.0,2065.0,2120.0,76770.0,160998865.0,49623003240.0,23407077,KOSDAQ,tradable_ohlcv
2024-11-11,2120.0,2120.0,2015.0,2050.0,124581.0,254912480.0,47984507850.0,23407077,KOSDAQ,tradable_ohlcv
2024-11-12,2045.0,2045.0,1967.0,1978.0,186735.0,370717961.0,46299198306.0,23407077,KOSDAQ,tradable_ohlcv
2024-11-13,1920.0,1965.0,1859.0,1876.0,209598.0,397862576.0,43911676452.0,23407077,KOSDAQ,tradable_ohlcv
2024-11-14,1879.0,1915.0,1878.0,1883.0,120231.0,228008350.0,44075525991.0,23407077,KOSDAQ,tradable_ohlcv
2024-11-15,1884.0,1980.0,1875.0,1960.0,95213.0,182369606.0,45877870920.0,23407077,KOSDAQ,tradable_ohlcv
2024-11-18,1949.0,1986.0,1949.0,1984.0,71437.0,140863925.0,46439640768.0,23407077,KOSDAQ,tradable_ohlcv
2024-11-19,1986.0,1989.0,1967.0,1973.0,45234.0,89370334.0,46182162921.0,23407077,KOSDAQ,tradable_ohlcv
2024-11-20,1973.0,1973.0,1931.0,1942.0,67293.0,130827804.0,45456543534.0,23407077,KOSDAQ,tradable_ohlcv
2024-11-21,1942.0,1942.0,1910.0,1910.0,49545.0,95137431.0,44707517070.0,23407077,KOSDAQ,tradable_ohlcv
2024-11-22,1911.0,1930.0,1880.0,1906.0,61094.0,116165900.0,44613888762.0,23407077,KOSDAQ,tradable_ohlcv
2024-11-25,1896.0,1975.0,1896.0,1963.0,117663.0,229231961.0,45948092151.0,23407077,KOSDAQ,tradable_ohlcv
2024-11-26,1962.0,1967.0,1940.0,1966.0,28188.0,54977472.0,46018313382.0,23407077,KOSDAQ,tradable_ohlcv
2024-11-27,1947.0,1967.0,1931.0,1951.0,44256.0,85913736.0,45667207227.0,23407077,KOSDAQ,tradable_ohlcv
2024-11-28,1956.0,1965.0,1935.0,1962.0,20654.0,40319271.0,45924685074.0,23407077,KOSDAQ,tradable_ohlcv
2024-11-29,1961.0,1961.0,1899.0,1917.0,121320.0,231972113.0,44871366609.0,23407077,KOSDAQ,tradable_ohlcv
2024-12-02,1906.0,1935.0,1881.0,1896.0,129267.0,244820672.0,44379817992.0,23407077,KOSDAQ,tradable_ohlcv
2024-12-03,1899.0,1940.0,1896.0,1915.0,57748.0,110926727.0,44824552455.0,23407077,KOSDAQ,tradable_ohlcv
2024-12-04,1854.0,1978.0,1854.0,1927.0,200616.0,387897164.0,45105437379.0,23407077,KOSDAQ,tradable_ohlcv
2024-12-05,1927.0,1927.0,1850.0,1858.0,119693.0,223848513.0,43490349066.0,23407077,KOSDAQ,tradable_ohlcv
2024-12-06,1848.0,1910.0,1820.0,1907.0,151127.0,280617279.0,44637295839.0,23407077,KOSDAQ,tradable_ohlcv
2024-12-09,1875.0,1892.0,1785.0,1819.0,279395.0,516601070.0,42577473063.0,23407077,KOSDAQ,tradable_ohlcv
2024-12-10,1811.0,1976.0,1811.0,1964.0,229493.0,443507358.0,45971499228.0,23407077,KOSDAQ,tradable_ohlcv
2024-12-11,1962.0,2425.0,1961.0,2425.0,3386480.0,7762209352.0,56762161725.0,23407077,KOSDAQ,tradable_ohlcv
2024-12-12,2435.0,2450.0,2260.0,2355.0,909547.0,2155005740.0,55123666335.0,23407077,KOSDAQ,tradable_ohlcv
2024-12-13,2335.0,2430.0,2220.0,2430.0,898278.0,2146697930.0,56879197110.0,23407077,KOSDAQ,tradable_ohlcv
2024-12-16,2435.0,2460.0,2315.0,2360.0,666624.0,1586230355.0,55240701720.0,23407077,KOSDAQ,tradable_ohlcv
2024-12-17,2320.0,2325.0,2245.0,2245.0,328901.0,747145800.0,52548887865.0,23407077,KOSDAQ,tradable_ohlcv
2024-12-18,2215.0,2250.0,2175.0,2200.0,158605.0,349931750.0,51495569400.0,23407077,KOSDAQ,tradable_ohlcv
2024-12-19,2190.0,2220.0,2090.0,2130.0,194197.0,415256800.0,49857074010.0,23407077,KOSDAQ,tradable_ohlcv
2024-12-20,2130.0,2135.0,2060.0,2085.0,113295.0,236719005.0,48803755545.0,23407077,KOSDAQ,tradable_ohlcv
2024-12-23,2090.0,2160.0,2045.0,2160.0,112506.0,237349465.0,50559286320.0,23407077,KOSDAQ,tradable_ohlcv
2024-12-24,2155.0,2160.0,2100.0,2110.0,59894.0,127373440.0,49388932470.0,23407077,KOSDAQ,tradable_ohlcv
2024-12-26,2110.0,2150.0,2085.0,2085.0,82598.0,174652980.0,48803755545.0,23407077,KOSDAQ,tradable_ohlcv
2024-12-27,2080.0,2100.0,2045.0,2050.0,94343.0,194308100.0,47984507850.0,23407077,KOSDAQ,tradable_ohlcv
2024-12-30,2030.0,2070.0,2000.0,2045.0,72260.0,146859185.0,47867472465.0,23407077,KOSDAQ,tradable_ohlcv
