d,o,h,l,c,v,a,mc,s,m
2019-01-02,5310.0,5400.0,5220.0,5400.0,3646.0,19242450.0,62100000000.0,11500000,KOSDAQ
2019-01-03,5290.0,5300.0,5250.0,5280.0,3119.0,16439630.0,60720000000.0,11500000,KOSDAQ
2019-01-04,5210.0,5270.0,5210.0,5250.0,1071.0,5613690.0,60375000000.0,11500000,KOSDAQ
2019-01-07,5250.0,5300.0,5170.0,5290.0,3962.0,20620030.0,60835000000.0,11500000,KOSDAQ
2019-01-08,5290.0,5290.0,5200.0,5260.0,1086.0,5677890.0,60490000000.0,11500000,KOSDAQ
2019-01-09,5260.0,5280.0,5230.0,5250.0,1567.0,8242660.0,60375000000.0,11500000,KOSDAQ
2019-01-10,5270.0,5270.0,5190.0,5250.0,4530.0,23634780.0,60375000000.0,11500000,KOSDAQ
2019-01-11,5250.0,5250.0,5160.0,5200.0,4572.0,23746620.0,59800000000.0,11500000,KOSDAQ
2019-01-14,5220.0,5250.0,5190.0,5230.0,4587.0,23861130.0,60145000000.0,11500000,KOSDAQ
2019-01-15,5250.0,5400.0,5200.0,5320.0,5045.0,26802390.0,61180000000.0,11500000,KOSDAQ
2019-01-16,5360.0,5390.0,5260.0,5300.0,8872.0,47335370.0,60950000000.0,11500000,KOSDAQ
2019-01-17,5390.0,5420.0,5250.0,5250.0,6014.0,32154140.0,60375000000.0,11500000,KOSDAQ
2019-01-18,5250.0,5560.0,5250.0,5410.0,6778.0,36656040.0,62215000000.0,11500000,KOSDAQ
2019-01-21,5600.0,5670.0,5370.0,5470.0,13443.0,74457320.0,62905000000.0,11500000,KOSDAQ
2019-01-22,5630.0,5630.0,5380.0,5470.0,2755.0,15038700.0,62905000000.0,11500000,KOSDAQ
2019-01-23,5420.0,5620.0,5380.0,5600.0,5150.0,28371560.0,64400000000.0,11500000,KOSDAQ
2019-01-24,5580.0,5650.0,5460.0,5520.0,1975.0,10988210.0,63480000000.0,11500000,KOSDAQ
2019-01-25,5520.0,5650.0,5460.0,5490.0,2655.0,14679740.0,63135000000.0,11500000,KOSDAQ
2019-01-28,5470.0,5580.0,5470.0,5560.0,3832.0,21199130.0,63940000000.0,11500000,KOSDAQ
2019-01-29,5470.0,5600.0,5430.0,5500.0,2566.0,14171560.0,63250000000.0,11500000,KOSDAQ
2019-01-30,5560.0,5590.0,5400.0,5500.0,1410.0,7676400.0,63250000000.0,11500000,KOSDAQ
2019-01-31,5500.0,5630.0,5500.0,5550.0,4521.0,25080560.0,63825000000.0,11500000,KOSDAQ
2019-02-01,5550.0,5610.0,5500.0,5500.0,699.0,3870640.0,63250000000.0,11500000,KOSDAQ
2019-02-07,5590.0,5670.0,5560.0,5650.0,10088.0,56528570.0,64975000000.0,11500000,KOSDAQ
2019-02-08,5650.0,5650.0,5570.0,5620.0,1808.0,10155420.0,64630000000.0,11500000,KOSDAQ
2019-02-11,5560.0,5620.0,5500.0,5500.0,2239.0,12467330.0,63250000000.0,11500000,KOSDAQ
2019-02-12,5470.0,5540.0,5400.0,5460.0,2547.0,13845240.0,62790000000.0,11500000,KOSDAQ
2019-02-13,5400.0,5610.0,5400.0,5510.0,1578.0,8695970.0,63365000000.0,11500000,KOSDAQ
2019-02-14,5520.0,5520.0,5400.0,5460.0,1959.0,10683830.0,62790000000.0,11500000,KOSDAQ
2019-02-15,5440.0,5450.0,5400.0,5420.0,5479.0,29647990.0,62330000000.0,11500000,KOSDAQ
2019-02-18,5410.0,5470.0,5350.0,5470.0,6110.0,32908150.0,62905000000.0,11500000,KOSDAQ
2019-02-19,5470.0,5540.0,5430.0,5520.0,7962.0,43853640.0,63480000000.0,11500000,KOSDAQ
2019-02-20,5520.0,5550.0,5470.0,5510.0,1536.0,8447770.0,63365000000.0,11500000,KOSDAQ
2019-02-21,5500.0,5520.0,5360.0,5440.0,11576.0,62447580.0,62560000000.0,11500000,KOSDAQ
2019-02-22,5380.0,5500.0,5380.0,5500.0,6146.0,33384900.0,63250000000.0,11500000,KOSDAQ
2019-02-25,5540.0,5580.0,5500.0,5510.0,11533.0,63771730.0,63365000000.0,11500000,KOSDAQ
2019-02-26,5450.0,5590.0,5430.0,5550.0,10416.0,57291680.0,63825000000.0,11500000,KOSDAQ
2019-02-27,5550.0,5620.0,5500.0,5590.0,4982.0,27816070.0,64285000000.0,11500000,KOSDAQ
2019-02-28,5610.0,5950.0,5450.0,5460.0,13443.0,75920790.0,62790000000.0,11500000,KOSDAQ
2019-03-04,5470.0,5660.0,5400.0,5660.0,8791.0,48871840.0,65090000000.0,11500000,KOSDAQ
2019-03-05,5740.0,5750.0,5560.0,5750.0,4935.0,27745150.0,66125000000.0,11500000,KOSDAQ
2019-03-06,5750.0,5760.0,5640.0,5750.0,5621.0,32011510.0,66125000000.0,11500000,KOSDAQ
2019-03-07,5750.0,5960.0,5710.0,5840.0,7146.0,41679840.0,67160000000.0,11500000,KOSDAQ
2019-03-08,5750.0,5900.0,5700.0,5720.0,1474.0,8513730.0,65780000000.0,11500000,KOSDAQ
2019-03-11,5720.0,5820.0,5560.0,5690.0,3861.0,21807500.0,65435000000.0,11500000,KOSDAQ
2019-03-12,5610.0,5730.0,5610.0,5610.0,2534.0,14358630.0,64515000000.0,11500000,KOSDAQ
2019-03-13,5610.0,5840.0,5590.0,5660.0,3665.0,21017240.0,65090000000.0,11500000,KOSDAQ
2019-03-14,5790.0,5800.0,5700.0,5720.0,3118.0,17870790.0,65780000000.0,11500000,KOSDAQ
2019-03-15,5700.0,5810.0,5640.0,5700.0,8285.0,47186210.0,65550000000.0,11500000,KOSDAQ
2019-03-18,5670.0,5790.0,5560.0,5560.0,4667.0,26410070.0,63940000000.0,11500000,KOSDAQ
2019-03-19,5570.0,5730.0,5570.0,5610.0,7979.0,44690100.0,64515000000.0,11500000,KOSDAQ
2019-03-20,5660.0,5700.0,5590.0,5700.0,6108.0,34378350.0,65550000000.0,11500000,KOSDAQ
2019-03-21,5700.0,5970.0,5650.0,5870.0,11525.0,66470480.0,67505000000.0,11500000,KOSDAQ
2019-03-22,5870.0,6150.0,5690.0,6080.0,36280.0,217213490.0,69920000000.0,11500000,KOSDAQ
2019-03-25,6080.0,6180.0,5920.0,6120.0,8005.0,48458600.0,70380000000.0,11500000,KOSDAQ
2019-03-26,6120.0,6210.0,6000.0,6190.0,8590.0,52536440.0,71185000000.0,11500000,KOSDAQ
2019-03-27,6180.0,6210.0,6030.0,6190.0,8103.0,49687500.0,71185000000.0,11500000,KOSDAQ
2019-03-28,6190.0,6190.0,6010.0,6030.0,7618.0,45884370.0,69345000000.0,11500000,KOSDAQ
2019-03-29,6000.0,6200.0,5980.0,6000.0,9088.0,54526440.0,69000000000.0,11500000,KOSDAQ
2019-04-01,5950.0,6140.0,5910.0,6110.0,5003.0,30044960.0,70265000000.0,11500000,KOSDAQ
2019-04-02,6050.0,6150.0,6050.0,6100.0,3954.0,24108600.0,70150000000.0,11500000,KOSDAQ
2019-04-03,6100.0,6130.0,5950.0,6110.0,2325.0,14156220.0,70265000000.0,11500000,KOSDAQ
2019-04-04,6180.0,6190.0,6080.0,6180.0,3573.0,21907520.0,71070000000.0,11500000,KOSDAQ
2019-04-05,6180.0,6300.0,6170.0,6230.0,10301.0,64227290.0,71645000000.0,11500000,KOSDAQ
2019-04-08,6280.0,6380.0,6250.0,6310.0,16714.0,105696280.0,72565000000.0,11500000,KOSDAQ
2019-04-09,6340.0,6470.0,6330.0,6400.0,13192.0,84183350.0,73600000000.0,11500000,KOSDAQ
2019-04-10,6400.0,6430.0,6310.0,6410.0,4202.0,26787640.0,73715000000.0,11500000,KOSDAQ
2019-04-11,6450.0,6480.0,6270.0,6360.0,10416.0,66562190.0,73140000000.0,11500000,KOSDAQ
2019-04-12,6360.0,6440.0,6340.0,6420.0,7173.0,45952800.0,73830000000.0,11500000,KOSDAQ
2019-04-15,6420.0,6450.0,6360.0,6410.0,10285.0,65870810.0,73715000000.0,11500000,KOSDAQ
2019-04-16,6410.0,6490.0,6350.0,6490.0,11454.0,73732390.0,74635000000.0,11500000,KOSDAQ
2019-04-17,6570.0,6570.0,6370.0,6470.0,6137.0,39520450.0,74405000000.0,11500000,KOSDAQ
2019-04-18,6470.0,6500.0,6250.0,6260.0,9291.0,58722090.0,71990000000.0,11500000,KOSDAQ
2019-04-19,6270.0,6410.0,6270.0,6360.0,4449.0,28256790.0,73140000000.0,11500000,KOSDAQ
2019-04-22,6390.0,6390.0,6040.0,6150.0,44217.0,270836100.0,70725000000.0,11500000,KOSDAQ
2019-04-23,6270.0,6300.0,6110.0,6230.0,8217.0,50475050.0,71645000000.0,11500000,KOSDAQ
2019-04-24,6280.0,6280.0,6050.0,6230.0,5702.0,34952310.0,71645000000.0,11500000,KOSDAQ
2019-04-25,6290.0,6290.0,6100.0,6260.0,4225.0,26253820.0,71990000000.0,11500000,KOSDAQ
2019-04-26,6300.0,6310.0,6130.0,6260.0,7543.0,46892170.0,71990000000.0,11500000,KOSDAQ
2019-04-29,6300.0,6300.0,6220.0,6230.0,10284.0,64280740.0,71645000000.0,11500000,KOSDAQ
2019-04-30,6100.0,6240.0,6100.0,6100.0,2111.0,12977180.0,70150000000.0,11500000,KOSDAQ
2019-05-02,6200.0,6200.0,6100.0,6190.0,3433.0,21121430.0,71185000000.0,11500000,KOSDAQ
2019-05-03,6240.0,6240.0,6090.0,6210.0,9739.0,59891710.0,71415000000.0,11500000,KOSDAQ
2019-05-07,6210.0,6220.0,6100.0,6130.0,4189.0,25869360.0,70495000000.0,11500000,KOSDAQ
2019-05-08,6130.0,6250.0,6080.0,6230.0,3475.0,21396960.0,71645000000.0,11500000,KOSDAQ
2019-05-09,6280.0,6280.0,6140.0,6190.0,1614.0,9996410.0,71185000000.0,11500000,KOSDAQ
2019-05-10,6190.0,6210.0,6050.0,6050.0,3501.0,21385730.0,69575000000.0,11500000,KOSDAQ
2019-05-13,6170.0,6170.0,6050.0,6100.0,4719.0,28802140.0,70150000000.0,11500000,KOSDAQ
2019-05-14,6100.0,6170.0,6050.0,6100.0,1922.0,11757130.0,70150000000.0,11500000,KOSDAQ
2019-05-15,6100.0,6160.0,6060.0,6100.0,2236.0,13641920.0,70150000000.0,11500000,KOSDAQ
2019-05-16,6100.0,6170.0,6020.0,6120.0,6733.0,41222120.0,70380000000.0,11500000,KOSDAQ
2019-05-17,6190.0,6250.0,6160.0,6180.0,3159.0,19565190.0,71070000000.0,11500000,KOSDAQ
2019-05-20,6300.0,6300.0,6120.0,6200.0,2323.0,14383290.0,71300000000.0,11500000,KOSDAQ
2019-05-21,6130.0,6400.0,6130.0,6190.0,15611.0,96630990.0,71185000000.0,11500000,KOSDAQ
2019-05-22,6210.0,6230.0,6120.0,6230.0,9393.0,57941330.0,71645000000.0,11500000,KOSDAQ
2019-05-23,6270.0,6270.0,5940.0,6070.0,3960.0,24085200.0,69805000000.0,11500000,KOSDAQ
2019-05-24,6130.0,6130.0,5980.0,5990.0,1036.0,6235940.0,68885000000.0,11500000,KOSDAQ
2019-05-27,5820.0,6040.0,5800.0,5880.0,4384.0,25697310.0,67620000000.0,11500000,KOSDAQ
2019-05-28,5860.0,5900.0,5570.0,5640.0,21562.0,122298010.0,64860000000.0,11500000,KOSDAQ
2019-05-29,5610.0,5630.0,5500.0,5570.0,14907.0,82806040.0,64055000000.0,11500000,KOSDAQ
2019-05-30,5570.0,5570.0,5460.0,5500.0,5679.0,31215860.0,63250000000.0,11500000,KOSDAQ
2019-05-31,5400.0,5520.0,5400.0,5520.0,8403.0,45955180.0,63480000000.0,11500000,KOSDAQ
2019-06-03,5570.0,5570.0,5410.0,5520.0,3878.0,21282550.0,63480000000.0,11500000,KOSDAQ
2019-06-04,5700.0,5700.0,5450.0,5500.0,8247.0,45438400.0,63250000000.0,11500000,KOSDAQ
2019-06-05,5560.0,5610.0,5440.0,5470.0,16189.0,88612430.0,62905000000.0,11500000,KOSDAQ
2019-06-07,5500.0,5550.0,5420.0,5490.0,14413.0,78711520.0,63135000000.0,11500000,KOSDAQ
2019-06-10,5490.0,5530.0,5450.0,5500.0,25244.0,138300640.0,63250000000.0,11500000,KOSDAQ
2019-06-11,5500.0,5540.0,5450.0,5540.0,15096.0,83002510.0,63710000000.0,11500000,KOSDAQ
2019-06-12,5540.0,5730.0,5540.0,5730.0,17445.0,98627610.0,65895000000.0,11500000,KOSDAQ
2019-06-13,5730.0,5770.0,5690.0,5750.0,3722.0,21317770.0,66125000000.0,11500000,KOSDAQ
2019-06-14,5750.0,5820.0,5710.0,5740.0,8740.0,50403250.0,66010000000.0,11500000,KOSDAQ
2019-06-17,5710.0,5800.0,5690.0,5690.0,6647.0,38044120.0,65435000000.0,11500000,KOSDAQ
2019-06-18,5690.0,6050.0,5690.0,5850.0,6249.0,36665680.0,67275000000.0,11500000,KOSDAQ
2019-06-19,5840.0,5900.0,5800.0,5860.0,5310.0,31152080.0,67390000000.0,11500000,KOSDAQ
2019-06-20,5860.0,5900.0,5750.0,5860.0,6317.0,36710390.0,67390000000.0,11500000,KOSDAQ
2019-06-21,5990.0,6000.0,5870.0,5920.0,7839.0,46496140.0,68080000000.0,11500000,KOSDAQ
2019-06-24,5990.0,6020.0,5860.0,5880.0,5177.0,30548790.0,67620000000.0,11500000,KOSDAQ
2019-06-25,5770.0,5860.0,5730.0,5860.0,11809.0,68342270.0,67390000000.0,11500000,KOSDAQ
2019-06-26,5820.0,5880.0,5710.0,5880.0,2443.0,14146930.0,67620000000.0,11500000,KOSDAQ
2019-06-27,5880.0,5900.0,5790.0,5870.0,1627.0,9483110.0,67505000000.0,11500000,KOSDAQ
2019-06-28,5870.0,5910.0,5710.0,5830.0,6266.0,36212190.0,67045000000.0,11500000,KOSDAQ
2019-07-01,5710.0,5830.0,5710.0,5820.0,2244.0,12940950.0,66930000000.0,11500000,KOSDAQ
2019-07-02,5740.0,5830.0,5740.0,5820.0,4769.0,27653720.0,66930000000.0,11500000,KOSDAQ
2019-07-03,5740.0,5860.0,5650.0,5830.0,3247.0,18759120.0,67045000000.0,11500000,KOSDAQ
2019-07-04,5830.0,5850.0,5700.0,5780.0,3617.0,20744490.0,66470000000.0,11500000,KOSDAQ
2019-07-05,5750.0,5770.0,5640.0,5730.0,4485.0,25603950.0,65895000000.0,11500000,KOSDAQ
2019-07-08,5700.0,5700.0,5520.0,5580.0,3979.0,22234620.0,64170000000.0,11500000,KOSDAQ
2019-07-09,5560.0,5620.0,5500.0,5570.0,5438.0,30129190.0,64055000000.0,11500000,KOSDAQ
2019-07-10,5570.0,6040.0,5450.0,5710.0,7688.0,43067610.0,65665000000.0,11500000,KOSDAQ
2019-07-11,5780.0,5900.0,5730.0,5850.0,3023.0,17617600.0,67275000000.0,11500000,KOSDAQ
2019-07-12,5800.0,5980.0,5730.0,5840.0,2303.0,13387350.0,67160000000.0,11500000,KOSDAQ
2019-07-15,5840.0,5840.0,5770.0,5820.0,6709.0,38991730.0,66930000000.0,11500000,KOSDAQ
2019-07-16,5900.0,5900.0,5800.0,5870.0,3328.0,19408670.0,67505000000.0,11500000,KOSDAQ
2019-07-17,5720.0,5910.0,5720.0,5840.0,743.0,4311730.0,67160000000.0,11500000,KOSDAQ
2019-07-18,5800.0,5810.0,5620.0,5800.0,5599.0,32139660.0,66700000000.0,11500000,KOSDAQ
2019-07-19,5730.0,5810.0,5720.0,5800.0,1374.0,7929100.0,66700000000.0,11500000,KOSDAQ
2019-07-22,5700.0,5790.0,5700.0,5770.0,573.0,3282920.0,66355000000.0,11500000,KOSDAQ
2019-07-23,5770.0,5800.0,5750.0,5750.0,427.0,2471050.0,66125000000.0,11500000,KOSDAQ
2019-07-24,5760.0,5760.0,5670.0,5740.0,1661.0,9482690.0,66010000000.0,11500000,KOSDAQ
2019-07-25,5740.0,5810.0,5650.0,5790.0,10917.0,62972220.0,66585000000.0,11500000,KOSDAQ
2019-07-26,5890.0,5890.0,5650.0,5750.0,7028.0,40757960.0,66125000000.0,11500000,KOSDAQ
2019-07-29,5580.0,5690.0,5470.0,5470.0,11156.0,61731160.0,62905000000.0,11500000,KOSDAQ
2019-07-30,5470.0,5720.0,5430.0,5640.0,1806.0,9993810.0,64860000000.0,11500000,KOSDAQ
2019-07-31,5640.0,5710.0,5510.0,5640.0,6388.0,35721240.0,64860000000.0,11500000,KOSDAQ
2019-08-01,5640.0,5640.0,5550.0,5570.0,1141.0,6351470.0,64055000000.0,11500000,KOSDAQ
2019-08-02,5570.0,5570.0,5450.0,5490.0,2890.0,15843690.0,63135000000.0,11500000,KOSDAQ
2019-08-05,5410.0,5480.0,5170.0,5210.0,8162.0,42915780.0,59915000000.0,11500000,KOSDAQ
2019-08-06,5050.0,5210.0,5020.0,5040.0,11961.0,60820350.0,57960000000.0,11500000,KOSDAQ
2019-08-07,5030.0,5250.0,5030.0,5040.0,7391.0,37487490.0,57960000000.0,11500000,KOSDAQ
2019-08-08,5040.0,5200.0,5040.0,5200.0,15719.0,79928000.0,59800000000.0,11500000,KOSDAQ
2019-08-09,5120.0,5380.0,5120.0,5360.0,3060.0,16155850.0,61640000000.0,11500000,KOSDAQ
2019-08-12,5400.0,5470.0,5350.0,5470.0,1882.0,10116520.0,62905000000.0,11500000,KOSDAQ
2019-08-13,5470.0,5470.0,5290.0,5460.0,5697.0,31032970.0,62790000000.0,11500000,KOSDAQ
2019-08-14,5470.0,5530.0,5460.0,5460.0,3776.0,20697710.0,62790000000.0,11500000,KOSDAQ
2019-08-16,5430.0,5500.0,5420.0,5450.0,6927.0,37664220.0,62675000000.0,11500000,KOSDAQ
2019-08-19,5390.0,5520.0,5390.0,5450.0,1078.0,5855550.0,62675000000.0,11500000,KOSDAQ
2019-08-20,5470.0,5560.0,5410.0,5540.0,1967.0,10760370.0,63710000000.0,11500000,KOSDAQ
2019-08-21,5590.0,5590.0,5540.0,5570.0,772.0,4283980.0,64055000000.0,11500000,KOSDAQ
2019-08-22,5570.0,5670.0,5570.0,5630.0,576.0,3228690.0,64745000000.0,11500000,KOSDAQ
2019-08-23,5630.0,5650.0,5450.0,5540.0,1209.0,6695550.0,63710000000.0,11500000,KOSDAQ
2019-08-26,5300.0,5490.0,5300.0,5490.0,4758.0,25841050.0,63135000000.0,11500000,KOSDAQ
2019-08-27,5420.0,5600.0,5420.0,5570.0,9860.0,54553080.0,64055000000.0,11500000,KOSDAQ
2019-08-28,5570.0,5590.0,5510.0,5590.0,3367.0,18599570.0,64285000000.0,11500000,KOSDAQ
2019-08-29,5590.0,5590.0,5400.0,5540.0,2006.0,10950940.0,63710000000.0,11500000,KOSDAQ
2019-08-30,5450.0,5640.0,5450.0,5610.0,1685.0,9444680.0,64515000000.0,11500000,KOSDAQ
2019-09-02,5650.0,5650.0,5550.0,5610.0,5932.0,33278210.0,64515000000.0,11500000,KOSDAQ
2019-09-03,5550.0,5610.0,5500.0,5510.0,1636.0,9047490.0,63365000000.0,11500000,KOSDAQ
2019-09-04,5550.0,5550.0,5250.0,5490.0,5482.0,29999510.0,63135000000.0,11500000,KOSDAQ
2019-09-05,5490.0,5590.0,5490.0,5590.0,2107.0,11664590.0,64285000000.0,11500000,KOSDAQ
2019-09-06,5590.0,5630.0,5530.0,5630.0,697.0,3906000.0,64745000000.0,11500000,KOSDAQ
2019-09-09,5640.0,5640.0,5600.0,5630.0,1546.0,8663020.0,64745000000.0,11500000,KOSDAQ
2019-09-10,5630.0,5650.0,5600.0,5650.0,8852.0,49844670.0,64975000000.0,11500000,KOSDAQ
2019-09-11,5650.0,5850.0,5540.0,5620.0,1911.0,10813900.0,64630000000.0,11500000,KOSDAQ
2019-09-16,5870.0,5870.0,5680.0,5690.0,1190.0,6798000.0,65435000000.0,11500000,KOSDAQ
2019-09-17,5770.0,5810.0,5690.0,5760.0,2403.0,13839980.0,66240000000.0,11500000,KOSDAQ
2019-09-18,5760.0,5830.0,5620.0,5800.0,2230.0,12834310.0,66700000000.0,11500000,KOSDAQ
2019-09-19,5800.0,5830.0,5680.0,5810.0,3340.0,19269300.0,66815000000.0,11500000,KOSDAQ
2019-09-20,5810.0,5810.0,5730.0,5760.0,2709.0,15627490.0,66240000000.0,11500000,KOSDAQ
2019-09-23,5750.0,5770.0,5650.0,5760.0,5819.0,33337810.0,66240000000.0,11500000,KOSDAQ
2019-09-24,5780.0,5780.0,5630.0,5730.0,4696.0,26857290.0,65895000000.0,11500000,KOSDAQ
2019-09-25,5730.0,5770.0,5680.0,5750.0,2483.0,14185140.0,66125000000.0,11500000,KOSDAQ
2019-09-26,5760.0,5770.0,5650.0,5650.0,1906.0,10861640.0,64975000000.0,11500000,KOSDAQ
2019-09-27,5680.0,5820.0,5650.0,5780.0,2493.0,14286710.0,66470000000.0,11500000,KOSDAQ
2019-09-30,5780.0,5800.0,5730.0,5790.0,1906.0,11011420.0,66585000000.0,11500000,KOSDAQ
2019-10-01,5740.0,5800.0,5700.0,5800.0,2623.0,15145160.0,66700000000.0,11500000,KOSDAQ
2019-10-02,5800.0,5800.0,5660.0,5790.0,2131.0,12199330.0,66585000000.0,11500000,KOSDAQ
2019-10-04,5790.0,5790.0,5660.0,5710.0,928.0,5290570.0,65665000000.0,11500000,KOSDAQ
2019-10-07,5710.0,5710.0,5620.0,5690.0,1980.0,11164340.0,65435000000.0,11500000,KOSDAQ
2019-10-08,5690.0,5690.0,5580.0,5690.0,3534.0,19870890.0,65435000000.0,11500000,KOSDAQ
2019-10-10,5690.0,5690.0,5600.0,5680.0,1503.0,8443380.0,65320000000.0,11500000,KOSDAQ
2019-10-11,5680.0,5690.0,5670.0,5680.0,777.0,4415700.0,65320000000.0,11500000,KOSDAQ
2019-10-14,5630.0,5700.0,5590.0,5690.0,1744.0,9797300.0,65435000000.0,11500000,KOSDAQ
2019-10-15,5690.0,5700.0,5600.0,5650.0,994.0,5625790.0,64975000000.0,11500000,KOSDAQ
2019-10-16,5680.0,5720.0,5610.0,5700.0,873.0,4923840.0,65550000000.0,11500000,KOSDAQ
2019-10-17,5740.0,5750.0,5690.0,5750.0,529.0,3037050.0,66125000000.0,11500000,KOSDAQ
2019-10-18,5750.0,5760.0,5610.0,5640.0,3602.0,20299660.0,64860000000.0,11500000,KOSDAQ
2019-10-21,5640.0,5690.0,5590.0,5620.0,2643.0,14864670.0,64630000000.0,11500000,KOSDAQ
2019-10-22,5650.0,5900.0,5600.0,5680.0,3622.0,20586700.0,65320000000.0,11500000,KOSDAQ
2019-10-23,5680.0,5740.0,5620.0,5700.0,3596.0,20417910.0,65550000000.0,11500000,KOSDAQ
2019-10-24,5700.0,5700.0,5590.0,5690.0,5029.0,28430350.0,65435000000.0,11500000,KOSDAQ
2019-10-25,5620.0,5700.0,5620.0,5690.0,2982.0,16875030.0,65435000000.0,11500000,KOSDAQ
2019-10-28,5690.0,5860.0,5690.0,5810.0,10847.0,62858610.0,66815000000.0,11500000,KOSDAQ
2019-10-29,5850.0,5870.0,5800.0,5870.0,6462.0,37693700.0,67505000000.0,11500000,KOSDAQ
2019-10-30,5860.0,5910.0,5800.0,5850.0,6256.0,36556250.0,67275000000.0,11500000,KOSDAQ
2019-10-31,5880.0,5990.0,5830.0,5930.0,10049.0,59414790.0,68195000000.0,11500000,KOSDAQ
2019-11-01,5950.0,5990.0,5930.0,5990.0,8683.0,51855350.0,68885000000.0,11500000,KOSDAQ
2019-11-04,5950.0,6020.0,5950.0,6000.0,9418.0,56288850.0,69000000000.0,11500000,KOSDAQ
2019-11-05,5980.0,6020.0,5960.0,6020.0,5730.0,34406360.0,69230000000.0,11500000,KOSDAQ
2019-11-06,6000.0,6050.0,6000.0,6020.0,6399.0,38499450.0,69230000000.0,11500000,KOSDAQ
2019-11-07,6010.0,6050.0,6010.0,6040.0,1536.0,9272540.0,69460000000.0,11500000,KOSDAQ
2019-11-08,6030.0,6050.0,6000.0,6050.0,5110.0,30754970.0,69575000000.0,11500000,KOSDAQ
2019-11-11,6000.0,6050.0,6000.0,6050.0,3751.0,22602110.0,69575000000.0,11500000,KOSDAQ
2019-11-12,6050.0,6050.0,5990.0,6050.0,1511.0,9100120.0,69575000000.0,11500000,KOSDAQ
2019-11-13,6050.0,6050.0,6000.0,6040.0,1802.0,10851760.0,69460000000.0,11500000,KOSDAQ
2019-11-14,6030.0,6050.0,5970.0,6050.0,6766.0,40793080.0,69575000000.0,11500000,KOSDAQ
2019-11-15,6070.0,6100.0,5960.0,6090.0,12487.0,74824310.0,70035000000.0,11500000,KOSDAQ
2019-11-18,6090.0,6110.0,6050.0,6110.0,6841.0,41636710.0,70265000000.0,11500000,KOSDAQ
2019-11-19,6110.0,6110.0,6060.0,6080.0,5246.0,31929200.0,69920000000.0,11500000,KOSDAQ
2019-11-20,6200.0,6200.0,5970.0,5980.0,5244.0,31661940.0,68770000000.0,11500000,KOSDAQ
2019-11-21,5980.0,6180.0,5860.0,5970.0,4206.0,25103310.0,68655000000.0,11500000,KOSDAQ
2019-11-22,6090.0,6090.0,5850.0,5950.0,4058.0,23964060.0,68425000000.0,11500000,KOSDAQ
2019-11-25,5950.0,5990.0,5900.0,5990.0,2044.0,12173310.0,68885000000.0,11500000,KOSDAQ
2019-11-26,6020.0,6030.0,5950.0,6020.0,2525.0,15131990.0,69230000000.0,11500000,KOSDAQ
2019-11-27,6060.0,6060.0,6000.0,6050.0,1524.0,9166830.0,69575000000.0,11500000,KOSDAQ
2019-11-28,6070.0,6070.0,5990.0,6000.0,1527.0,9170010.0,69000000000.0,11500000,KOSDAQ
2019-11-29,6000.0,6080.0,5830.0,6040.0,9988.0,59883950.0,69460000000.0,11500000,KOSDAQ
2019-12-02,6040.0,6100.0,6000.0,6040.0,15492.0,93746620.0,69460000000.0,11500000,KOSDAQ
2019-12-03,6050.0,6410.0,5900.0,6040.0,6331.0,38695890.0,69460000000.0,11500000,KOSDAQ
2019-12-04,5980.0,6070.0,5970.0,6040.0,10060.0,60413450.0,69460000000.0,11500000,KOSDAQ
2019-12-05,6050.0,6090.0,5980.0,6040.0,7169.0,43237380.0,69460000000.0,11500000,KOSDAQ
2019-12-06,6080.0,6080.0,6000.0,6070.0,8477.0,51305850.0,69805000000.0,11500000,KOSDAQ
2019-12-09,6100.0,6110.0,6070.0,6100.0,5148.0,31370340.0,70150000000.0,11500000,KOSDAQ
2019-12-10,6200.0,6200.0,5980.0,6100.0,2479.0,14928780.0,70150000000.0,11500000,KOSDAQ
2019-12-11,6100.0,6120.0,6010.0,6110.0,3555.0,21621080.0,70265000000.0,11500000,KOSDAQ
2019-12-12,6110.0,6240.0,6070.0,6130.0,5325.0,32580140.0,70495000000.0,11500000,KOSDAQ
2019-12-13,6130.0,6190.0,6100.0,6160.0,5320.0,32606560.0,70840000000.0,11500000,KOSDAQ
2019-12-16,6190.0,6190.0,6160.0,6160.0,7489.0,46206220.0,70840000000.0,11500000,KOSDAQ
2019-12-17,6160.0,6260.0,6120.0,6120.0,7167.0,44548330.0,70380000000.0,11500000,KOSDAQ
2019-12-18,6120.0,6300.0,6090.0,6090.0,2528.0,15474090.0,70035000000.0,11500000,KOSDAQ
2019-12-19,6040.0,6200.0,6040.0,6150.0,4232.0,25904990.0,70725000000.0,11500000,KOSDAQ
2019-12-20,6170.0,6230.0,6150.0,6200.0,1537.0,9510040.0,71300000000.0,11500000,KOSDAQ
2019-12-23,6240.0,6260.0,6150.0,6200.0,7253.0,44820170.0,71300000000.0,11500000,KOSDAQ
2019-12-24,6220.0,6250.0,6210.0,6250.0,7979.0,49619090.0,71875000000.0,11500000,KOSDAQ
2019-12-26,6280.0,6280.0,6210.0,6240.0,6785.0,42373640.0,71760000000.0,11500000,KOSDAQ
2019-12-27,6240.0,6240.0,6080.0,6140.0,5416.0,33440840.0,70610000000.0,11500000,KOSDAQ
2019-12-30,6140.0,6220.0,6130.0,6180.0,3487.0,21463630.0,71070000000.0,11500000,KOSDAQ
