d,o,h,l,c,v,a,mc,s,m,rs
2001-01-02,9650.0,11000.0,9650.0,11000.0,117910.0,1221078000.0,35200000000.0,3200000,KOSPI,tradable_ohlcv
2001-01-03,12500.0,12650.0,11600.0,12650.0,78330.0,975540500.0,40480000000.0,3200000,KOSPI,tradable_ohlcv
2001-01-04,13850.0,14500.0,13500.0,14500.0,438060.0,6190880000.0,46400000000.0,3200000,KOSPI,tradable_ohlcv
2001-01-05,15650.0,16650.0,13000.0,15000.0,560610.0,8810680500.0,48000000000.0,3200000,KOSPI,tradable_ohlcv
2001-01-08,15100.0,16100.0,14600.0,15800.0,229030.0,3552293000.0,50560000000.0,3200000,KOSPI,tradable_ohlcv
2001-01-09,16000.0,16100.0,15300.0,15800.0,163920.0,2572903000.0,50560000000.0,3200000,KOSPI,tradable_ohlcv
2001-01-10,16000.0,17600.0,15300.0,16500.0,442600.0,7248515500.0,52800000000.0,3200000,KOSPI,tradable_ohlcv
2001-01-11,16900.0,18800.0,16300.0,18000.0,333550.0,5727218500.0,57600000000.0,3200000,KOSPI,tradable_ohlcv
2001-01-12,18500.0,18800.0,16000.0,16500.0,241340.0,4281606000.0,52800000000.0,3200000,KOSPI,tradable_ohlcv
2001-01-15,16550.0,17000.0,15600.0,17000.0,193420.0,3191252000.0,54400000000.0,3200000,KOSPI,tradable_ohlcv
2001-01-16,17000.0,17800.0,16100.0,17200.0,191610.0,3279481500.0,55040000000.0,3200000,KOSPI,tradable_ohlcv
2001-01-17,17200.0,17450.0,14650.0,14650.0,323860.0,5277734000.0,46880000000.0,3200000,KOSPI,tradable_ohlcv
2001-01-18,16000.0,16800.0,14350.0,15900.0,301030.0,4769332000.0,50880000000.0,3200000,KOSPI,tradable_ohlcv
2001-01-19,15900.0,17700.0,15750.0,17200.0,215030.0,3609536000.0,55040000000.0,3200000,KOSPI,tradable_ohlcv
2001-01-22,17200.0,17600.0,16500.0,17100.0,151270.0,2598806000.0,54720000000.0,3200000,KOSPI,tradable_ohlcv
2001-01-26,17300.0,17500.0,16000.0,16000.0,113690.0,1931672000.0,51200000000.0,3200000,KOSPI,tradable_ohlcv
2001-01-29,16000.0,16750.0,15800.0,16500.0,164300.0,2678417000.0,52800000000.0,3200000,KOSPI,tradable_ohlcv
2001-01-30,16700.0,16900.0,14050.0,14050.0,217850.0,3392305000.0,44960000000.0,3200000,KOSPI,tradable_ohlcv
2001-01-31,13000.0,14300.0,12400.0,14200.0,266930.0,3539831000.0,45440000000.0,3200000,KOSPI,tradable_ohlcv
2001-02-01,13800.0,15150.0,13300.0,13600.0,192810.0,2734782000.0,43520000000.0,3200000,KOSPI,tradable_ohlcv
2001-02-02,13200.0,14400.0,12400.0,14300.0,241350.0,3319812500.0,45760000000.0,3200000,KOSPI,tradable_ohlcv
2001-02-05,14000.0,15000.0,14000.0,14850.0,184480.0,2685736000.0,47520000000.0,3200000,KOSPI,tradable_ohlcv
2001-02-06,14650.0,15300.0,14600.0,14800.0,134600.0,2008083000.0,47360000000.0,3200000,KOSPI,tradable_ohlcv
2001-02-07,14650.0,14700.0,13650.0,14350.0,110220.0,1572111500.0,45920000000.0,3200000,KOSPI,tradable_ohlcv
2001-02-08,14300.0,14550.0,13450.0,13450.0,148260.0,2090114500.0,43040000000.0,3200000,KOSPI,tradable_ohlcv
2001-02-09,13600.0,14300.0,13000.0,14300.0,314570.0,4328248500.0,45760000000.0,3200000,KOSPI,tradable_ohlcv
2001-02-12,14300.0,14350.0,12600.0,12700.0,372340.0,4969822500.0,40640000000.0,3200000,KOSPI,tradable_ohlcv
2001-02-13,12500.0,12800.0,11000.0,11500.0,772790.0,9172440500.0,36800000000.0,3200000,KOSPI,tradable_ohlcv
2001-02-14,11700.0,12200.0,11250.0,11500.0,378080.0,4409705000.0,36800000000.0,3200000,KOSPI,tradable_ohlcv
2001-02-15,11700.0,11900.0,10750.0,11050.0,361600.0,4014974500.0,35360000000.0,3200000,KOSPI,tradable_ohlcv
2001-02-16,10750.0,11900.0,10750.0,11300.0,395060.0,4509142500.0,36160000000.0,3200000,KOSPI,tradable_ohlcv
2001-02-19,11300.0,11700.0,10800.0,10850.0,244830.0,2740458000.0,34720000000.0,3200000,KOSPI,tradable_ohlcv
2001-02-20,11000.0,11900.0,10750.0,11250.0,408500.0,4574456000.0,36000000000.0,3200000,KOSPI,tradable_ohlcv
2001-02-21,11250.0,12250.0,11050.0,11700.0,441780.0,5170806000.0,37440000000.0,3200000,KOSPI,tradable_ohlcv
2001-02-22,11800.0,12050.0,10900.0,10900.0,214840.0,2454606500.0,34880000000.0,3200000,KOSPI,tradable_ohlcv
2001-02-23,11000.0,11000.0,10250.0,10250.0,237170.0,2490698500.0,32800000000.0,3200000,KOSPI,tradable_ohlcv
2001-02-26,10200.0,10600.0,10150.0,10200.0,116140.0,1199321500.0,32640000000.0,3200000,KOSPI,tradable_ohlcv
2001-02-27,10300.0,11200.0,10250.0,10500.0,300560.0,3186055500.0,33600000000.0,3200000,KOSPI,tradable_ohlcv
2001-02-28,10500.0,10800.0,10150.0,10200.0,117850.0,1233767500.0,32640000000.0,3200000,KOSPI,tradable_ohlcv
2001-03-02,10200.0,10400.0,9250.0,9360.0,139920.0,1361649700.0,29952000000.0,3200000,KOSPI,tradable_ohlcv
2001-03-05,9100.0,9300.0,8650.0,8800.0,125700.0,1114739200.0,28160000000.0,3200000,KOSPI,tradable_ohlcv
2001-03-06,8850.0,9280.0,8850.0,8880.0,115470.0,1037553400.0,28416000000.0,3200000,KOSPI,tradable_ohlcv
2001-03-07,9000.0,10200.0,8900.0,10200.0,291990.0,2800701800.0,32640000000.0,3200000,KOSPI,tradable_ohlcv
2001-03-08,10500.0,11100.0,10300.0,10300.0,293170.0,3118906000.0,32960000000.0,3200000,KOSPI,tradable_ohlcv
2001-03-09,10500.0,10550.0,9800.0,9950.0,135380.0,1369902200.0,31840000000.0,3200000,KOSPI,tradable_ohlcv
2001-03-12,9800.0,9800.0,8940.0,9000.0,122900.0,1146710400.0,28800000000.0,3200000,KOSPI,tradable_ohlcv
2001-03-13,8500.0,9680.0,8210.0,8320.0,260900.0,2302519400.0,26624000000.0,3200000,KOSPI,tradable_ohlcv
2001-03-14,8520.0,8910.0,8520.0,8700.0,90790.0,790118900.0,27840000000.0,3200000,KOSPI,tradable_ohlcv
2001-03-15,8070.0,8500.0,8070.0,8500.0,109420.0,898160100.0,27200000000.0,3200000,KOSPI,tradable_ohlcv
2001-03-16,8400.0,8700.0,8310.0,8500.0,77830.0,665483700.0,27200000000.0,3200000,KOSPI,tradable_ohlcv
2001-03-19,8300.0,8400.0,8140.0,8400.0,92470.0,764503700.0,26880000000.0,3200000,KOSPI,tradable_ohlcv
2001-03-20,8500.0,8890.0,8500.0,8530.0,85240.0,737134000.0,27296000000.0,3200000,KOSPI,tradable_ohlcv
2001-03-21,8400.0,8550.0,8310.0,8500.0,76700.0,646027100.0,27200000000.0,3200000,KOSPI,tradable_ohlcv
2001-03-22,8400.0,8540.0,8120.0,8150.0,59780.0,495338700.0,26080000000.0,3200000,KOSPI,tradable_ohlcv
2001-03-23,8300.0,8380.0,8150.0,8200.0,71370.0,587008000.0,26240000000.0,3200000,KOSPI,tradable_ohlcv
2001-03-26,8250.0,8350.0,8160.0,8200.0,71830.0,591168200.0,26240000000.0,3200000,KOSPI,tradable_ohlcv
2001-03-27,8250.0,8450.0,8220.0,8250.0,62060.0,514742800.0,26400000000.0,3200000,KOSPI,tradable_ohlcv
2001-03-28,8330.0,9080.0,8200.0,8600.0,299830.0,2605481400.0,27520000000.0,3200000,KOSPI,tradable_ohlcv
2001-03-29,8600.0,9070.0,8390.0,8460.0,145370.0,1275739200.0,27072000000.0,3200000,KOSPI,tradable_ohlcv
2001-03-30,8890.0,8900.0,8470.0,8750.0,131880.0,1145306400.0,28000000000.0,3200000,KOSPI,tradable_ohlcv
2001-04-02,8900.0,9090.0,8600.0,8920.0,102900.0,909068300.0,28544000000.0,3200000,KOSPI,tradable_ohlcv
2001-04-03,8920.0,9500.0,8700.0,9330.0,536400.0,4952033600.0,29856000000.0,3200000,KOSPI,tradable_ohlcv
2001-04-04,9350.0,10300.0,9000.0,9000.0,866770.0,8418479400.0,28800000000.0,3200000,KOSPI,tradable_ohlcv
2001-04-06,9150.0,9300.0,8730.0,8820.0,481810.0,4370413800.0,28224000000.0,3200000,KOSPI,tradable_ohlcv
2001-04-09,8700.0,9190.0,8360.0,8400.0,366430.0,3192737100.0,26880000000.0,3200000,KOSPI,tradable_ohlcv
2001-04-10,8500.0,8640.0,8110.0,8130.0,153150.0,1278135600.0,26016000000.0,3200000,KOSPI,tradable_ohlcv
2001-04-11,8230.0,8320.0,8160.0,8200.0,159730.0,1312433800.0,26240000000.0,3200000,KOSPI,tradable_ohlcv
2001-04-12,8230.0,8530.0,8230.0,8530.0,161950.0,1355441300.0,27296000000.0,3200000,KOSPI,tradable_ohlcv
2001-04-13,8700.0,8740.0,8400.0,8480.0,138760.0,1190514200.0,27136000000.0,3200000,KOSPI,tradable_ohlcv
2001-04-16,8480.0,8590.0,8420.0,8510.0,78560.0,666784500.0,27232000000.0,3200000,KOSPI,tradable_ohlcv
2001-04-17,8550.0,8880.0,8550.0,8800.0,243050.0,2124603800.0,28160000000.0,3200000,KOSPI,tradable_ohlcv
2001-04-18,9060.0,9060.0,8750.0,8870.0,167580.0,1484991300.0,28384000000.0,3200000,KOSPI,tradable_ohlcv
2001-04-19,8970.0,9200.0,8700.0,8700.0,177320.0,1585531700.0,27840000000.0,3200000,KOSPI,tradable_ohlcv
2001-04-20,8710.0,8820.0,8420.0,8510.0,155760.0,1336175600.0,27232000000.0,3200000,KOSPI,tradable_ohlcv
2001-04-23,8510.0,8600.0,8310.0,8440.0,108210.0,912680400.0,27008000000.0,3200000,KOSPI,tradable_ohlcv
2001-04-24,8550.0,8550.0,8320.0,8320.0,97790.0,820870300.0,26624000000.0,3200000,KOSPI,tradable_ohlcv
2001-04-25,8360.0,9050.0,8300.0,8850.0,251290.0,2178864500.0,28320000000.0,3200000,KOSPI,tradable_ohlcv
2001-04-26,9000.0,9000.0,8550.0,8550.0,112060.0,975912400.0,27360000000.0,3200000,KOSPI,tradable_ohlcv
2001-04-27,8560.0,8790.0,8380.0,8380.0,81240.0,691137000.0,26816000000.0,3200000,KOSPI,tradable_ohlcv
2001-04-30,8410.0,8520.0,8400.0,8460.0,100220.0,846612800.0,27072000000.0,3200000,KOSPI,tradable_ohlcv
2001-05-02,8420.0,8550.0,8420.0,8490.0,104960.0,889320100.0,27168000000.0,3200000,KOSPI,tradable_ohlcv
2001-05-03,8500.0,8600.0,8370.0,8420.0,112490.0,950716700.0,26944000000.0,3200000,KOSPI,tradable_ohlcv
2001-05-04,8450.0,8490.0,8330.0,8350.0,94800.0,795167600.0,26720000000.0,3200000,KOSPI,tradable_ohlcv
2001-05-07,8350.0,8530.0,8300.0,8400.0,99700.0,837282800.0,26880000000.0,3200000,KOSPI,tradable_ohlcv
2001-05-08,8550.0,9300.0,8500.0,9000.0,376880.0,3364898000.0,28800000000.0,3200000,KOSPI,tradable_ohlcv
2001-05-09,9300.0,9690.0,9000.0,9000.0,377850.0,3543580500.0,28800000000.0,3200000,KOSPI,tradable_ohlcv
2001-05-10,9300.0,9300.0,8730.0,8810.0,159960.0,1420727700.0,28192000000.0,3200000,KOSPI,tradable_ohlcv
2001-05-11,8900.0,8980.0,8750.0,8820.0,104290.0,921945400.0,28224000000.0,3200000,KOSPI,tradable_ohlcv
2001-05-14,8710.0,8910.0,8700.0,8810.0,100380.0,882805100.0,28192000000.0,3200000,KOSPI,tradable_ohlcv
2001-05-15,8910.0,9500.0,8730.0,9180.0,314160.0,2889512900.0,29376000000.0,3200000,KOSPI,tradable_ohlcv
2001-05-16,9250.0,9250.0,8900.0,9030.0,144580.0,1310369300.0,28896000000.0,3200000,KOSPI,tradable_ohlcv
2001-05-17,9280.0,9700.0,9130.0,9690.0,358290.0,3403643000.0,31008000000.0,3200000,KOSPI,tradable_ohlcv
2001-05-18,9950.0,10400.0,9750.0,9800.0,434240.0,4354514400.0,31360000000.0,3200000,KOSPI,tradable_ohlcv
2001-05-21,9900.0,10150.0,9610.0,9800.0,217810.0,2139424200.0,31360000000.0,3200000,KOSPI,tradable_ohlcv
2001-05-22,10000.0,10800.0,9860.0,10650.0,507520.0,5261416300.0,34080000000.0,3200000,KOSPI,tradable_ohlcv
2001-05-23,10650.0,10950.0,10250.0,10650.0,252310.0,2662311000.0,34080000000.0,3200000,KOSPI,tradable_ohlcv
2001-05-24,10500.0,10800.0,10250.0,10300.0,158220.0,1654884500.0,32960000000.0,3200000,KOSPI,tradable_ohlcv
2001-05-25,10100.0,10400.0,9820.0,9900.0,197140.0,1980527800.0,31680000000.0,3200000,KOSPI,tradable_ohlcv
2001-05-28,9810.0,10050.0,9720.0,9980.0,76750.0,759003300.0,31936000000.0,3200000,KOSPI,tradable_ohlcv
2001-05-29,10000.0,10300.0,9850.0,9910.0,121590.0,1218639800.0,31712000000.0,3200000,KOSPI,tradable_ohlcv
2001-05-30,9800.0,10000.0,9700.0,9800.0,86780.0,848868900.0,31360000000.0,3200000,KOSPI,tradable_ohlcv
2001-05-31,9800.0,10400.0,9720.0,10050.0,189160.0,1911059600.0,32160000000.0,3200000,KOSPI,tradable_ohlcv
2001-06-01,10050.0,10550.0,10050.0,10400.0,217200.0,2247559000.0,33280000000.0,3200000,KOSPI,tradable_ohlcv
2001-06-04,10850.0,11300.0,10650.0,10900.0,535170.0,5883385500.0,34880000000.0,3200000,KOSPI,tradable_ohlcv
2001-06-05,10900.0,10900.0,10100.0,10250.0,181110.0,1905800000.0,32800000000.0,3200000,KOSPI,tradable_ohlcv
2001-06-07,10300.0,10300.0,9890.0,10050.0,116510.0,1163580000.0,32160000000.0,3200000,KOSPI,tradable_ohlcv
2001-06-08,9920.0,10300.0,9920.0,10200.0,131320.0,1323986600.0,32640000000.0,3200000,KOSPI,tradable_ohlcv
2001-06-11,10050.0,10150.0,9900.0,9940.0,59770.0,596436400.0,31808000000.0,3200000,KOSPI,tradable_ohlcv
2001-06-12,9850.0,9940.0,9500.0,9600.0,137100.0,1333006900.0,30720000000.0,3200000,KOSPI,tradable_ohlcv
2001-06-13,9660.0,9760.0,9580.0,9630.0,58990.0,568069800.0,30816000000.0,3200000,KOSPI,tradable_ohlcv
2001-06-14,9630.0,9780.0,9500.0,9550.0,88120.0,846223400.0,30560000000.0,3200000,KOSPI,tradable_ohlcv
2001-06-15,9400.0,9620.0,9400.0,9540.0,53130.0,503586900.0,30528000000.0,3200000,KOSPI,tradable_ohlcv
2001-06-18,9510.0,9760.0,9510.0,9560.0,87010.0,838942000.0,30592000000.0,3200000,KOSPI,tradable_ohlcv
2001-06-19,9610.0,9750.0,9600.0,9650.0,65320.0,631627000.0,30880000000.0,3200000,KOSPI,tradable_ohlcv
2001-06-20,9650.0,9650.0,8960.0,9000.0,102450.0,950247900.0,28800000000.0,3200000,KOSPI,tradable_ohlcv
2001-06-21,9100.0,9170.0,8860.0,8870.0,61350.0,547370000.0,28384000000.0,3200000,KOSPI,tradable_ohlcv
2001-06-22,8950.0,9160.0,8850.0,8930.0,63750.0,574544400.0,28576000000.0,3200000,KOSPI,tradable_ohlcv
2001-06-25,8760.0,8880.0,8620.0,8700.0,62070.0,540770500.0,27840000000.0,3200000,KOSPI,tradable_ohlcv
2001-06-26,8520.0,8660.0,8220.0,8260.0,86080.0,724191600.0,26432000000.0,3200000,KOSPI,tradable_ohlcv
2001-06-27,8300.0,8350.0,8140.0,8350.0,42300.0,348460700.0,26720000000.0,3200000,KOSPI,tradable_ohlcv
2001-06-28,8410.0,8460.0,8350.0,8380.0,40820.0,343386800.0,26816000000.0,3200000,KOSPI,tradable_ohlcv
2001-06-29,8470.0,8700.0,8380.0,8670.0,47030.0,401715800.0,27744000000.0,3200000,KOSPI,tradable_ohlcv
2001-07-02,8700.0,8770.0,8520.0,8550.0,38850.0,334936600.0,27360000000.0,3200000,KOSPI,tradable_ohlcv
2001-07-03,8650.0,8650.0,8430.0,8450.0,39850.0,337821600.0,27040000000.0,3200000,KOSPI,tradable_ohlcv
2001-07-04,8430.0,8440.0,8320.0,8420.0,43460.0,363201700.0,26944000000.0,3200000,KOSPI,tradable_ohlcv
2001-07-05,8450.0,8450.0,8340.0,8390.0,29260.0,245280700.0,26848000000.0,3200000,KOSPI,tradable_ohlcv
2001-07-06,8390.0,8430.0,8110.0,8190.0,34740.0,286576500.0,26208000000.0,3200000,KOSPI,tradable_ohlcv
2001-07-09,7900.0,7900.0,7220.0,7310.0,83270.0,626772500.0,23392000000.0,3200000,KOSPI,tradable_ohlcv
2001-07-10,7400.0,7520.0,7300.0,7330.0,22530.0,166318200.0,23456000000.0,3200000,KOSPI,tradable_ohlcv
2001-07-11,7010.0,7150.0,6900.0,6900.0,53410.0,372780300.0,22080000000.0,3200000,KOSPI,tradable_ohlcv
2001-07-12,7050.0,7310.0,7020.0,7230.0,46220.0,331212900.0,23136000000.0,3200000,KOSPI,tradable_ohlcv
2001-07-13,7330.0,7370.0,7100.0,7140.0,45650.0,330435700.0,22848000000.0,3200000,KOSPI,tradable_ohlcv
2001-07-16,7020.0,7320.0,7020.0,7140.0,30120.0,216655600.0,22848000000.0,3200000,KOSPI,tradable_ohlcv
2001-07-18,7210.0,7260.0,6850.0,6870.0,26320.0,185173100.0,21984000000.0,3200000,KOSPI,tradable_ohlcv
2001-07-19,6830.0,6830.0,6410.0,6550.0,56860.0,371496100.0,20960000000.0,3200000,KOSPI,tradable_ohlcv
2001-07-20,6680.0,6680.0,6280.0,6300.0,28820.0,184330000.0,20160000000.0,3200000,KOSPI,tradable_ohlcv
2001-07-23,6200.0,6290.0,5810.0,5810.0,53480.0,321129300.0,18592000000.0,3200000,KOSPI,tradable_ohlcv
2001-07-24,5680.0,5790.0,5370.0,5750.0,57790.0,321162000.0,18400000000.0,3200000,KOSPI,tradable_ohlcv
2001-07-25,5560.0,6150.0,5540.0,5930.0,83950.0,494042000.0,18976000000.0,3200000,KOSPI,tradable_ohlcv
2001-07-26,6010.0,6370.0,6010.0,6210.0,60920.0,378359000.0,19872000000.0,3200000,KOSPI,tradable_ohlcv
2001-07-27,6300.0,6400.0,6220.0,6350.0,45130.0,284897100.0,20320000000.0,3200000,KOSPI,tradable_ohlcv
2001-07-30,6400.0,6400.0,6210.0,6220.0,26490.0,166087300.0,19904000000.0,3200000,KOSPI,tradable_ohlcv
2001-07-31,6350.0,6350.0,6250.0,6260.0,19470.0,122654800.0,20032000000.0,3200000,KOSPI,tradable_ohlcv
2001-08-01,6350.0,6550.0,6350.0,6490.0,30950.0,199498500.0,20768000000.0,3200000,KOSPI,tradable_ohlcv
2001-08-02,6410.0,6600.0,6410.0,6430.0,39090.0,252892200.0,20576000000.0,3200000,KOSPI,tradable_ohlcv
2001-08-03,6400.0,6450.0,6300.0,6320.0,19440.0,123777400.0,20224000000.0,3200000,KOSPI,tradable_ohlcv
2001-08-06,6320.0,6590.0,6320.0,6460.0,39700.0,256153300.0,20672000000.0,3200000,KOSPI,tradable_ohlcv
2001-08-07,6580.0,7100.0,6500.0,6850.0,98230.0,673141900.0,21920000000.0,3200000,KOSPI,tradable_ohlcv
2001-08-08,6850.0,7390.0,6850.0,7100.0,107560.0,771521100.0,22720000000.0,3200000,KOSPI,tradable_ohlcv
2001-08-09,7100.0,7100.0,6810.0,6810.0,48120.0,331122300.0,21792000000.0,3200000,KOSPI,tradable_ohlcv
2001-08-10,6810.0,6920.0,6650.0,6650.0,27150.0,184418900.0,21280000000.0,3200000,KOSPI,tradable_ohlcv
2001-08-13,6700.0,6950.0,6700.0,6900.0,28940.0,197369300.0,22080000000.0,3200000,KOSPI,tradable_ohlcv
2001-08-14,7000.0,7100.0,6750.0,6800.0,38570.0,263997100.0,21760000000.0,3200000,KOSPI,tradable_ohlcv
2001-08-16,6860.0,6860.0,6490.0,6550.0,34970.0,230928500.0,20960000000.0,3200000,KOSPI,tradable_ohlcv
2001-08-17,6560.0,6670.0,6440.0,6500.0,22620.0,147918800.0,20800000000.0,3200000,KOSPI,tradable_ohlcv
2001-08-20,6200.0,6470.0,6200.0,6210.0,24570.0,154206300.0,19872000000.0,3200000,KOSPI,tradable_ohlcv
2001-08-21,6210.0,6440.0,6210.0,6390.0,19350.0,122704100.0,20448000000.0,3200000,KOSPI,tradable_ohlcv
2001-08-22,6200.0,6400.0,6190.0,6280.0,29650.0,186685600.0,20096000000.0,3200000,KOSPI,tradable_ohlcv
2001-08-23,6340.0,6380.0,6270.0,6350.0,30220.0,190937800.0,20320000000.0,3200000,KOSPI,tradable_ohlcv
2001-08-24,6340.0,6380.0,6190.0,6250.0,22440.0,140347400.0,20000000000.0,3200000,KOSPI,tradable_ohlcv
2001-08-27,6200.0,6380.0,6200.0,6300.0,18170.0,114459000.0,20160000000.0,3200000,KOSPI,tradable_ohlcv
2001-08-28,6300.0,6370.0,6220.0,6300.0,22150.0,139270300.0,20160000000.0,3200000,KOSPI,tradable_ohlcv
2001-08-29,6300.0,6300.0,5800.0,5850.0,38260.0,234585500.0,18720000000.0,3200000,KOSPI,tradable_ohlcv
2001-08-30,5800.0,5820.0,5600.0,5800.0,23380.0,133571500.0,18560000000.0,3200000,KOSPI,tradable_ohlcv
2001-08-31,5600.0,5800.0,5320.0,5400.0,41180.0,227555600.0,17280000000.0,3200000,KOSPI,tradable_ohlcv
2001-09-03,5410.0,5520.0,5360.0,5380.0,26830.0,144619800.0,17216000000.0,3200000,KOSPI,tradable_ohlcv
2001-09-04,5380.0,5510.0,5330.0,5510.0,18840.0,101885700.0,17632000000.0,3200000,KOSPI,tradable_ohlcv
2001-09-05,5490.0,5490.0,5360.0,5440.0,18350.0,99453900.0,17408000000.0,3200000,KOSPI,tradable_ohlcv
2001-09-06,5400.0,5780.0,5400.0,5640.0,27630.0,154222400.0,18048000000.0,3200000,KOSPI,tradable_ohlcv
2001-09-07,5590.0,5730.0,5440.0,5720.0,24010.0,134905100.0,18304000000.0,3200000,KOSPI,tradable_ohlcv
2001-09-10,5730.0,5730.0,5560.0,5600.0,11150.0,62641200.0,17920000000.0,3200000,KOSPI,tradable_ohlcv
2001-09-11,5610.0,5700.0,5540.0,5670.0,18070.0,101280200.0,18144000000.0,3200000,KOSPI,tradable_ohlcv
2001-09-12,4820.0,4820.0,4820.0,4820.0,17720.0,85410400.0,15424000000.0,3200000,KOSPI,tradable_ohlcv
2001-09-13,4620.0,5400.0,4620.0,4960.0,60370.0,294884650.0,15872000000.0,3200000,KOSPI,tradable_ohlcv
2001-09-14,4860.0,4930.0,4220.0,4225.0,60650.0,269017050.0,13520000000.0,3200000,KOSPI,tradable_ohlcv
2001-09-17,3900.0,4100.0,3595.0,3600.0,63220.0,237268700.0,11520000000.0,3200000,KOSPI,tradable_ohlcv
2001-09-18,3800.0,3960.0,3800.0,3900.0,38900.0,151525500.0,12480000000.0,3200000,KOSPI,tradable_ohlcv
2001-09-19,3990.0,4190.0,3900.0,4000.0,41990.0,169642200.0,12800000000.0,3200000,KOSPI,tradable_ohlcv
2001-09-20,3810.0,4130.0,3810.0,4030.0,34220.0,136239850.0,12896000000.0,3200000,KOSPI,tradable_ohlcv
2001-09-21,3900.0,4000.0,3810.0,3990.0,12820.0,50257550.0,12768000000.0,3200000,KOSPI,tradable_ohlcv
2001-09-24,4000.0,4220.0,3965.0,4180.0,37200.0,152494050.0,13376000000.0,3200000,KOSPI,tradable_ohlcv
2001-09-25,4280.0,4300.0,4070.0,4070.0,44580.0,187717000.0,13024000000.0,3200000,KOSPI,tradable_ohlcv
2001-09-26,4105.0,4170.0,4000.0,4010.0,16900.0,68182350.0,12832000000.0,3200000,KOSPI,tradable_ohlcv
2001-09-27,4040.0,4240.0,3940.0,4210.0,18340.0,75090650.0,13472000000.0,3200000,KOSPI,tradable_ohlcv
2001-09-28,4285.0,4840.0,4285.0,4840.0,141030.0,663215850.0,15488000000.0,3200000,KOSPI,tradable_ohlcv
2001-10-04,5210.0,5550.0,5100.0,5450.0,120190.0,647438800.0,17440000000.0,3200000,KOSPI,tradable_ohlcv
2001-10-05,5310.0,5310.0,5020.0,5150.0,70520.0,363878000.0,16480000000.0,3200000,KOSPI,tradable_ohlcv
2001-10-08,5150.0,5150.0,4870.0,4980.0,62830.0,311820950.0,15936000000.0,3200000,KOSPI,tradable_ohlcv
2001-10-09,5200.0,5250.0,5100.0,5130.0,50180.0,259185700.0,16416000000.0,3200000,KOSPI,tradable_ohlcv
2001-10-10,5130.0,5140.0,4950.0,5010.0,27670.0,138964400.0,16032000000.0,3200000,KOSPI,tradable_ohlcv
2001-10-11,5280.0,5300.0,5100.0,5100.0,46840.0,242235400.0,16320000000.0,3200000,KOSPI,tradable_ohlcv
2001-10-12,5290.0,5290.0,5110.0,5170.0,45710.0,237848900.0,16544000000.0,3200000,KOSPI,tradable_ohlcv
2001-10-15,5200.0,5490.0,5090.0,5310.0,38810.0,203979800.0,16992000000.0,3200000,KOSPI,tradable_ohlcv
2001-10-16,5590.0,6100.0,5310.0,6100.0,227460.0,1342466100.0,19520000000.0,3200000,KOSPI,tradable_ohlcv
2001-10-17,6400.0,6400.0,6000.0,6100.0,216060.0,1335110700.0,19520000000.0,3200000,KOSPI,tradable_ohlcv
2001-10-18,6050.0,6050.0,5830.0,5890.0,75970.0,450687500.0,18848000000.0,3200000,KOSPI,tradable_ohlcv
2001-10-19,6010.0,6300.0,5910.0,6150.0,74950.0,460097900.0,19680000000.0,3200000,KOSPI,tradable_ohlcv
2001-10-22,6200.0,6670.0,6200.0,6450.0,119520.0,769785300.0,20640000000.0,3200000,KOSPI,tradable_ohlcv
2001-10-23,6460.0,6460.0,6250.0,6250.0,79400.0,503434500.0,20000000000.0,3200000,KOSPI,tradable_ohlcv
2001-10-24,6100.0,6290.0,6020.0,6020.0,56030.0,342462600.0,19264000000.0,3200000,KOSPI,tradable_ohlcv
2001-10-25,6100.0,6270.0,6070.0,6080.0,34650.0,212118300.0,19456000000.0,3200000,KOSPI,tradable_ohlcv
2001-10-26,6190.0,6230.0,6070.0,6140.0,23550.0,144712400.0,19648000000.0,3200000,KOSPI,tradable_ohlcv
2001-10-29,6150.0,6270.0,6140.0,6200.0,29900.0,184746700.0,19840000000.0,3200000,KOSPI,tradable_ohlcv
2001-10-30,6050.0,6200.0,5900.0,5900.0,23230.0,139007000.0,18880000000.0,3200000,KOSPI,tradable_ohlcv
2001-10-31,5860.0,6290.0,5700.0,6160.0,38700.0,233329600.0,19712000000.0,3200000,KOSPI,tradable_ohlcv
2001-11-01,6090.0,6390.0,6090.0,6200.0,34460.0,214755800.0,19840000000.0,3200000,KOSPI,tradable_ohlcv
2001-11-02,6350.0,6380.0,6150.0,6200.0,44350.0,276012300.0,19840000000.0,3200000,KOSPI,tradable_ohlcv
2001-11-05,6250.0,6520.0,6250.0,6420.0,49680.0,317142500.0,20544000000.0,3200000,KOSPI,tradable_ohlcv
2001-11-06,6830.0,7380.0,6800.0,7030.0,363780.0,2583166400.0,22496000000.0,3200000,KOSPI,tradable_ohlcv
2001-11-07,6990.0,6990.0,6700.0,6750.0,86690.0,588768500.0,21600000000.0,3200000,KOSPI,tradable_ohlcv
2001-11-08,6650.0,6900.0,6650.0,6750.0,40060.0,271838100.0,21600000000.0,3200000,KOSPI,tradable_ohlcv
2001-11-09,6650.0,6890.0,6650.0,6800.0,32510.0,218097800.0,21760000000.0,3200000,KOSPI,tradable_ohlcv
2001-11-12,6700.0,6850.0,6610.0,6650.0,57410.0,383190300.0,21280000000.0,3200000,KOSPI,tradable_ohlcv
2001-11-13,6610.0,6680.0,6410.0,6460.0,58810.0,382196000.0,20672000000.0,3200000,KOSPI,tradable_ohlcv
2001-11-14,6600.0,6600.0,6470.0,6500.0,40750.0,265172100.0,20800000000.0,3200000,KOSPI,tradable_ohlcv
2001-11-15,6480.0,6690.0,6440.0,6520.0,43330.0,284319800.0,20864000000.0,3200000,KOSPI,tradable_ohlcv
2001-11-16,6500.0,6690.0,6420.0,6590.0,38360.0,250576500.0,21088000000.0,3200000,KOSPI,tradable_ohlcv
2001-11-19,6650.0,6840.0,6550.0,6630.0,69500.0,465437300.0,21216000000.0,3200000,KOSPI,tradable_ohlcv
2001-11-20,6660.0,6840.0,6610.0,6620.0,58370.0,392681000.0,21184000000.0,3200000,KOSPI,tradable_ohlcv
2001-11-21,6600.0,6800.0,6600.0,6640.0,28290.0,188234600.0,21248000000.0,3200000,KOSPI,tradable_ohlcv
2001-11-22,6600.0,6820.0,6600.0,6790.0,62780.0,423308300.0,21728000000.0,3200000,KOSPI,tradable_ohlcv
2001-11-23,7000.0,7000.0,6670.0,6720.0,67680.0,461713500.0,21504000000.0,3200000,KOSPI,tradable_ohlcv
2001-11-26,6800.0,6870.0,6750.0,6770.0,69530.0,472713500.0,21664000000.0,3200000,KOSPI,tradable_ohlcv
2001-11-27,6800.0,7050.0,6800.0,6940.0,94090.0,651012900.0,22208000000.0,3200000,KOSPI,tradable_ohlcv
2001-11-28,6950.0,7080.0,6390.0,6400.0,74480.0,498700900.0,20480000000.0,3200000,KOSPI,tradable_ohlcv
2001-11-29,6300.0,6350.0,6130.0,6200.0,45840.0,284469500.0,19840000000.0,3200000,KOSPI,tradable_ohlcv
2001-11-30,6270.0,6470.0,6200.0,6270.0,54420.0,342117300.0,20064000000.0,3200000,KOSPI,tradable_ohlcv
2001-12-03,6270.0,6500.0,6170.0,6230.0,39950.0,248661600.0,19936000000.0,3200000,KOSPI,tradable_ohlcv
2001-12-04,6250.0,6330.0,6190.0,6250.0,23100.0,144469800.0,20000000000.0,3200000,KOSPI,tradable_ohlcv
2001-12-05,6310.0,6350.0,6230.0,6260.0,42820.0,268282200.0,20032000000.0,3200000,KOSPI,tradable_ohlcv
2001-12-06,6260.0,6490.0,6190.0,6190.0,53960.0,340201000.0,19808000000.0,3200000,KOSPI,tradable_ohlcv
2001-12-07,6260.0,6290.0,6160.0,6170.0,22430.0,139175300.0,19744000000.0,3200000,KOSPI,tradable_ohlcv
2001-12-10,6450.0,6450.0,6150.0,6150.0,40260.0,250253600.0,19680000000.0,3200000,KOSPI,tradable_ohlcv
2001-12-11,6140.0,6200.0,6100.0,6110.0,12110.0,74120100.0,19552000000.0,3200000,KOSPI,tradable_ohlcv
2001-12-12,6200.0,6200.0,6080.0,6110.0,16480.0,101091300.0,19552000000.0,3200000,KOSPI,tradable_ohlcv
2001-12-13,6100.0,6180.0,6010.0,6130.0,25700.0,156185500.0,19616000000.0,3200000,KOSPI,tradable_ohlcv
2001-12-14,6130.0,6310.0,6100.0,6200.0,26050.0,161693700.0,19840000000.0,3200000,KOSPI,tradable_ohlcv
2001-12-17,6190.0,6290.0,6180.0,6200.0,24960.0,155325200.0,19840000000.0,3200000,KOSPI,tradable_ohlcv
2001-12-18,6250.0,6370.0,5910.0,6160.0,37160.0,232531700.0,19712000000.0,3200000,KOSPI,tradable_ohlcv
2001-12-19,6200.0,6280.0,6050.0,6200.0,24110.0,148175000.0,19840000000.0,3200000,KOSPI,tradable_ohlcv
2001-12-20,6100.0,6640.0,6100.0,6630.0,142270.0,923946300.0,21216000000.0,3200000,KOSPI,tradable_ohlcv
2001-12-21,6590.0,6730.0,6400.0,6560.0,100660.0,658584200.0,20992000000.0,3200000,KOSPI,tradable_ohlcv
2001-12-24,6750.0,6880.0,6410.0,6410.0,62700.0,412095600.0,20512000000.0,3200000,KOSPI,tradable_ohlcv
2001-12-26,6430.0,6440.0,6210.0,6350.0,83730.0,529062100.0,20320000000.0,3200000,KOSPI,tradable_ohlcv
2001-12-27,6150.0,6200.0,6080.0,6170.0,31420.0,192345000.0,19744000000.0,3200000,KOSPI,tradable_ohlcv
2001-12-28,6170.0,6250.0,6100.0,6150.0,47700.0,292829600.0,19680000000.0,3200000,KOSPI,tradable_ohlcv
