d,o,h,l,c,v,a,mc,s,m,rs
2007-01-02,1015.0,1035.0,1000.0,1010.0,378380.0,385252550.0,35397637660.0,35047166,KOSPI,tradable_ohlcv
2007-01-03,865.0,1010.0,865.0,985.0,2359960.0,2141232500.0,34521458510.0,35047166,KOSPI,tradable_ohlcv
2007-01-04,975.0,1075.0,945.0,1075.0,527980.0,527708100.0,37675703450.0,35047166,KOSPI,tradable_ohlcv
2007-01-05,1055.0,1060.0,1025.0,1035.0,497580.0,519251900.0,36273816810.0,35047166,KOSPI,tradable_ohlcv
2007-01-08,1040.0,1050.0,1000.0,1000.0,317420.0,322201600.0,35047166000.0,35047166,KOSPI,tradable_ohlcv
2007-01-09,990.0,1000.0,965.0,975.0,450884.0,441819950.0,34170986850.0,35047166,KOSPI,tradable_ohlcv
2007-01-10,980.0,980.0,925.0,960.0,423090.0,403531500.0,33645279360.0,35047166,KOSPI,tradable_ohlcv
2007-01-11,960.0,985.0,935.0,945.0,221926.0,213182820.0,33119571870.0,35047166,KOSPI,tradable_ohlcv
2007-01-12,960.0,980.0,945.0,950.0,284509.0,274007750.0,33294807700.0,35047166,KOSPI,tradable_ohlcv
2007-01-15,950.0,970.0,925.0,955.0,346470.0,330170200.0,33470043530.0,35047166,KOSPI,tradable_ohlcv
2007-01-16,950.0,960.0,935.0,940.0,234750.0,221306500.0,32944336040.0,35047166,KOSPI,tradable_ohlcv
2007-01-17,935.0,945.0,925.0,935.0,266220.0,248897000.0,32769100210.0,35047166,KOSPI,tradable_ohlcv
2007-01-18,920.0,950.0,920.0,930.0,295391.0,276011880.0,32593864380.0,35047166,KOSPI,tradable_ohlcv
2007-01-19,925.0,935.0,910.0,920.0,260180.0,239309150.0,32243392720.0,35047166,KOSPI,tradable_ohlcv
2007-01-22,905.0,920.0,890.0,905.0,318860.0,287290850.0,37584437325.0,41529765,KOSPI,tradable_ohlcv
2007-01-23,880.0,900.0,860.0,860.0,348320.0,306588200.0,35715597900.0,41529765,KOSPI,tradable_ohlcv
2007-01-24,840.0,880.0,830.0,870.0,503090.0,427719000.0,36130895550.0,41529765,KOSPI,tradable_ohlcv
2007-01-25,880.0,950.0,880.0,930.0,437057.0,404411360.0,38622681450.0,41529765,KOSPI,tradable_ohlcv
2007-01-26,930.0,960.0,905.0,960.0,474501.0,440754510.0,39868574400.0,41529765,KOSPI,tradable_ohlcv
2007-01-29,960.0,990.0,955.0,960.0,628860.0,611748200.0,39868574400.0,41529765,KOSPI,tradable_ohlcv
2007-01-30,980.0,985.0,895.0,900.0,552130.0,508984500.0,37376788500.0,41529765,KOSPI,tradable_ohlcv
2007-01-31,905.0,920.0,885.0,890.0,279376.0,249702190.0,36961490850.0,41529765,KOSPI,tradable_ohlcv
2007-02-01,895.0,910.0,880.0,880.0,221410.0,197037800.0,36546193200.0,41529765,KOSPI,tradable_ohlcv
2007-02-02,875.0,915.0,860.0,910.0,399730.0,353112850.0,37792086150.0,41529765,KOSPI,tradable_ohlcv
2007-02-05,905.0,930.0,905.0,910.0,212498.0,194566980.0,37792086150.0,41529765,KOSPI,tradable_ohlcv
2007-02-06,910.0,915.0,890.0,910.0,187460.0,168864500.0,37792086150.0,41529765,KOSPI,tradable_ohlcv
2007-02-07,900.0,920.0,880.0,915.0,234590.0,211514350.0,37999734975.0,41529765,KOSPI,tradable_ohlcv
2007-02-08,950.0,950.0,915.0,930.0,346020.0,320655850.0,38622681450.0,41529765,KOSPI,tradable_ohlcv
2007-02-09,930.0,1065.0,920.0,1065.0,2519046.0,2612345590.0,44229199725.0,41529765,KOSPI,tradable_ohlcv
2007-02-12,1140.0,1220.0,1115.0,1220.0,1295168.0,1535386720.0,50666313300.0,41529765,KOSPI,tradable_ohlcv
2007-02-13,0.0,0.0,0.0,1220.0,0.0,0.0,50666313300.0,41529765,KOSPI,non_tradable_zero_volume
2007-02-14,0.0,0.0,0.0,1220.0,0.0,0.0,50666313300.0,41529765,KOSPI,non_tradable_zero_volume
2007-02-15,0.0,0.0,0.0,1220.0,0.0,0.0,50666313300.0,41529765,KOSPI,non_tradable_zero_volume
2007-02-16,0.0,0.0,0.0,1220.0,0.0,0.0,50666313300.0,41529765,KOSPI,non_tradable_zero_volume
2007-02-20,1400.0,1400.0,1400.0,1400.0,274770.0,384678000.0,58141671000.0,41529765,KOSPI,tradable_ohlcv
2007-02-21,1610.0,1610.0,1550.0,1610.0,4858377.0,7821033670.0,66862921650.0,41529765,KOSPI,tradable_ohlcv
2007-02-22,1740.0,1850.0,1705.0,1850.0,11726660.0,21173136950.0,76830065250.0,41529765,KOSPI,tradable_ohlcv
2007-02-23,1990.0,1990.0,1620.0,1780.0,14257007.0,25995217360.0,73922981700.0,41529765,KOSPI,tradable_ohlcv
2007-02-26,1750.0,1955.0,1695.0,1780.0,10923558.0,20073376230.0,73922981700.0,41529765,KOSPI,tradable_ohlcv
2007-02-27,1830.0,1915.0,1650.0,1650.0,4671790.0,8319754220.0,68524112250.0,41529765,KOSPI,tradable_ohlcv
2007-02-28,1530.0,1620.0,1405.0,1430.0,4879317.0,7315195630.0,59387563950.0,41529765,KOSPI,tradable_ohlcv
2007-03-02,1470.0,1640.0,1465.0,1640.0,5455115.0,8495680950.0,68108814600.0,41529765,KOSPI,tradable_ohlcv
2007-03-05,1565.0,1840.0,1545.0,1645.0,7499896.0,13004211685.0,68316463425.0,41529765,KOSPI,tradable_ohlcv
2007-03-06,1690.0,1790.0,1455.0,1595.0,2881546.0,4791406420.0,66239975175.0,41529765,KOSPI,tradable_ohlcv
2007-03-07,1645.0,1645.0,1470.0,1500.0,2302856.0,3495264775.0,62294647500.0,41529765,KOSPI,tradable_ohlcv
2007-03-08,1505.0,1610.0,1460.0,1540.0,1971294.0,3027208535.0,63955838100.0,41529765,KOSPI,tradable_ohlcv
2007-03-09,1530.0,1580.0,1450.0,1510.0,2008891.0,3009357440.0,62709945150.0,41529765,KOSPI,tradable_ohlcv
2007-03-12,1510.0,1735.0,1480.0,1660.0,3715792.0,5951379445.0,68939409900.0,41529765,KOSPI,tradable_ohlcv
2007-03-13,1665.0,1745.0,1595.0,1680.0,1961333.0,3268213590.0,69770005200.0,41529765,KOSPI,tradable_ohlcv
2007-03-14,1625.0,1780.0,1610.0,1665.0,2326320.0,3997960650.0,70540152570.0,42366458,KOSPI,tradable_ohlcv
2007-03-15,1660.0,1730.0,1600.0,1675.0,1786188.0,2990610840.0,70963817150.0,42366458,KOSPI,tradable_ohlcv
2007-03-16,1700.0,1745.0,1575.0,1580.0,2471064.0,4086987170.0,66939003640.0,42366458,KOSPI,tradable_ohlcv
2007-03-19,1540.0,1605.0,1500.0,1540.0,1233048.0,1904121070.0,65244345320.0,42366458,KOSPI,tradable_ohlcv
2007-03-20,1560.0,1590.0,1510.0,1510.0,1220643.0,1883326710.0,63973351580.0,42366458,KOSPI,tradable_ohlcv
2007-03-21,1510.0,1535.0,1420.0,1450.0,1523555.0,2213612770.0,64583537950.0,44540371,KOSPI,tradable_ohlcv
2007-03-22,1455.0,1530.0,1450.0,1480.0,1380570.0,2053014050.0,65919749080.0,44540371,KOSPI,tradable_ohlcv
2007-03-23,1500.0,1525.0,1280.0,1435.0,2251552.0,3178566620.0,63915432385.0,44540371,KOSPI,tradable_ohlcv
2007-03-26,1420.0,1445.0,1340.0,1340.0,1284717.0,1787618380.0,59684097140.0,44540371,KOSPI,tradable_ohlcv
2007-03-27,1350.0,1540.0,1250.0,1540.0,2905790.0,4147415250.0,68592171340.0,44540371,KOSPI,tradable_ohlcv
2007-03-28,1590.0,1695.0,1500.0,1500.0,3982547.0,6366687970.0,66810556500.0,44540371,KOSPI,tradable_ohlcv
2007-03-29,1510.0,1575.0,1390.0,1390.0,2621071.0,3810938840.0,61911115690.0,44540371,KOSPI,tradable_ohlcv
2007-03-30,1390.0,1445.0,1340.0,1360.0,1705624.0,2358917040.0,60574904560.0,44540371,KOSPI,tradable_ohlcv
2007-04-02,1365.0,1475.0,1360.0,1400.0,1720210.0,2428293650.0,62356519400.0,44540371,KOSPI,tradable_ohlcv
2007-04-03,1405.0,1470.0,1380.0,1395.0,1245110.0,1762055700.0,62133817545.0,44540371,KOSPI,tradable_ohlcv
2007-04-04,1395.0,1425.0,1370.0,1385.0,872460.0,1213799110.0,61688413835.0,44540371,KOSPI,tradable_ohlcv
2007-04-05,1385.0,1415.0,1375.0,1410.0,675276.0,940445435.0,62801923110.0,44540371,KOSPI,tradable_ohlcv
2007-04-06,1405.0,1480.0,1380.0,1430.0,1245870.0,1774227900.0,63692730530.0,44540371,KOSPI,tradable_ohlcv
2007-04-09,1440.0,1445.0,1380.0,1390.0,768320.0,1081555750.0,61911115690.0,44540371,KOSPI,tradable_ohlcv
2007-04-10,1370.0,1385.0,1340.0,1340.0,1170650.0,1580828400.0,59684097140.0,44540371,KOSPI,tradable_ohlcv
2007-04-11,1330.0,1540.0,1330.0,1395.0,5763367.0,8468017515.0,62133817545.0,44540371,KOSPI,tradable_ohlcv
2007-04-12,1400.0,1420.0,1350.0,1370.0,1387200.0,1912830900.0,61020308270.0,44540371,KOSPI,tradable_ohlcv
2007-04-13,1395.0,1400.0,1360.0,1400.0,1173762.0,1612285500.0,62356519400.0,44540371,KOSPI,tradable_ohlcv
2007-04-16,1390.0,1450.0,1375.0,1420.0,2170443.0,3087933900.0,63247326820.0,44540371,KOSPI,tradable_ohlcv
2007-04-17,1420.0,1625.0,1420.0,1500.0,5094607.0,7759432850.0,66810556500.0,44540371,KOSPI,tradable_ohlcv
2007-04-18,1520.0,1585.0,1500.0,1540.0,1879049.0,2893160260.0,68592171340.0,44540371,KOSPI,tradable_ohlcv
2007-04-19,1540.0,1635.0,1520.0,1605.0,2621639.0,4151641895.0,71487295455.0,44540371,KOSPI,tradable_ohlcv
2007-04-20,1650.0,1795.0,1625.0,1700.0,5582635.0,9526321180.0,75718630700.0,44540371,KOSPI,tradable_ohlcv
2007-04-23,1800.0,1800.0,1600.0,1600.0,3782858.0,6422438425.0,71264593600.0,44540371,KOSPI,tradable_ohlcv
2007-04-24,1580.0,1665.0,1470.0,1480.0,3199360.0,4901605550.0,65919749080.0,44540371,KOSPI,tradable_ohlcv
2007-04-25,1465.0,1475.0,1350.0,1420.0,2509694.0,3542837100.0,63247326820.0,44540371,KOSPI,tradable_ohlcv
2007-04-26,1415.0,1435.0,1330.0,1330.0,1814876.0,2474991945.0,59238693430.0,44540371,KOSPI,tradable_ohlcv
2007-04-27,1350.0,1365.0,1310.0,1320.0,1007663.0,1345949160.0,58793289720.0,44540371,KOSPI,tradable_ohlcv
2007-04-30,1325.0,1360.0,1300.0,1305.0,802630.0,1061422150.0,58125184155.0,44540371,KOSPI,tradable_ohlcv
2007-05-02,1280.0,1360.0,1280.0,1330.0,800206.0,1051733530.0,59238693430.0,44540371,KOSPI,tradable_ohlcv
2007-05-03,1325.0,1395.0,1320.0,1360.0,583127.0,794280970.0,60574904560.0,44540371,KOSPI,tradable_ohlcv
2007-05-04,1360.0,1390.0,1345.0,1370.0,501470.0,686100200.0,61020308270.0,44540371,KOSPI,tradable_ohlcv
2007-05-07,1365.0,1380.0,1290.0,1300.0,1369420.0,1801885950.0,57902482300.0,44540371,KOSPI,tradable_ohlcv
2007-05-08,1290.0,1325.0,1290.0,1300.0,679509.0,885224300.0,57902482300.0,44540371,KOSPI,tradable_ohlcv
2007-05-09,1325.0,1325.0,1225.0,1290.0,1006550.0,1285123400.0,57457078590.0,44540371,KOSPI,tradable_ohlcv
2007-05-10,1290.0,1300.0,1230.0,1255.0,1007488.0,1269945890.0,55898165605.0,44540371,KOSPI,tradable_ohlcv
2007-05-11,1270.0,1320.0,1240.0,1260.0,1194002.0,1525663870.0,56120867460.0,44540371,KOSPI,tradable_ohlcv
2007-05-14,1255.0,1290.0,1205.0,1210.0,1141787.0,1413737920.0,56522550920.0,46712852,KOSPI,tradable_ohlcv
2007-05-15,1225.0,1230.0,1140.0,1140.0,1102598.0,1299832420.0,53252651280.0,46712852,KOSPI,tradable_ohlcv
2007-05-16,1135.0,1215.0,1130.0,1150.0,931937.0,1085810550.0,53719779800.0,46712852,KOSPI,tradable_ohlcv
2007-05-17,1175.0,1320.0,1125.0,1320.0,3235437.0,4020691990.0,61660964640.0,46712852,KOSPI,tradable_ohlcv
2007-05-18,1440.0,1450.0,1220.0,1235.0,4925129.0,6572185465.0,57690372220.0,46712852,KOSPI,tradable_ohlcv
2007-05-21,1230.0,1255.0,1165.0,1185.0,1525009.0,1843189045.0,55354729620.0,46712852,KOSPI,tradable_ohlcv
2007-05-22,1195.0,1200.0,1110.0,1130.0,1294069.0,1489630080.0,52785522760.0,46712852,KOSPI,tradable_ohlcv
2007-05-23,1115.0,1135.0,1060.0,1065.0,1763006.0,1925460410.0,49749187380.0,46712852,KOSPI,tradable_ohlcv
2007-05-25,1070.0,1135.0,1070.0,1130.0,1197305.0,1327099460.0,52785522760.0,46712852,KOSPI,tradable_ohlcv
2007-05-28,1155.0,1170.0,1100.0,1105.0,1257819.0,1413436545.0,51617701460.0,46712852,KOSPI,tradable_ohlcv
2007-05-29,1105.0,1135.0,1085.0,1095.0,1264562.0,1397439220.0,51150572940.0,46712852,KOSPI,tradable_ohlcv
2007-05-30,1115.0,1115.0,1065.0,1085.0,1381091.0,1493466840.0,50683444420.0,46712852,KOSPI,tradable_ohlcv
2007-05-31,1090.0,1115.0,1070.0,1115.0,1148938.0,1246947920.0,52084829980.0,46712852,KOSPI,tradable_ohlcv
2007-06-01,1105.0,1105.0,1025.0,1050.0,1810410.0,1939710475.0,49048494600.0,46712852,KOSPI,tradable_ohlcv
2007-06-04,1035.0,1050.0,985.0,1005.0,1712958.0,1725647990.0,46946416260.0,46712852,KOSPI,tradable_ohlcv
2007-06-05,1005.0,1030.0,1000.0,1020.0,806784.0,818082300.0,47647109040.0,46712852,KOSPI,tradable_ohlcv
2007-06-07,995.0,1100.0,985.0,1070.0,1553151.0,1620894270.0,49982751640.0,46712852,KOSPI,tradable_ohlcv
2007-06-08,1060.0,1070.0,1025.0,1035.0,850491.0,889000420.0,48347801820.0,46712852,KOSPI,tradable_ohlcv
2007-06-11,1035.0,1055.0,1015.0,1020.0,770496.0,795281625.0,47647109040.0,46712852,KOSPI,tradable_ohlcv
2007-06-12,1050.0,1065.0,1020.0,1050.0,1289135.0,1342369340.0,49048494600.0,46712852,KOSPI,tradable_ohlcv
2007-06-13,950.0,950.0,895.0,895.0,5157368.0,4676266360.0,41808002540.0,46712852,KOSPI,tradable_ohlcv
2007-06-14,890.0,920.0,870.0,910.0,2453816.0,2207596045.0,42508695320.0,46712852,KOSPI,tradable_ohlcv
2007-06-15,915.0,1045.0,915.0,1045.0,5191749.0,5258582870.0,48814930340.0,46712852,KOSPI,tradable_ohlcv
2007-06-18,1000.0,1120.0,960.0,1020.0,3727672.0,3872418840.0,47647109040.0,46712852,KOSPI,tradable_ohlcv
2007-06-19,1025.0,1115.0,1025.0,1065.0,1762628.0,1885802040.0,49749187380.0,46712852,KOSPI,tradable_ohlcv
2007-06-20,1065.0,1100.0,1015.0,1040.0,1139036.0,1197145850.0,48581366080.0,46712852,KOSPI,tradable_ohlcv
2007-06-21,965.0,980.0,885.0,975.0,3420032.0,3218981735.0,45545030700.0,46712852,KOSPI,tradable_ohlcv
2007-06-22,965.0,980.0,925.0,955.0,1128840.0,1073454550.0,44610773660.0,46712852,KOSPI,tradable_ohlcv
2007-06-25,930.0,960.0,930.0,950.0,778060.0,734179200.0,44377209400.0,46712852,KOSPI,tradable_ohlcv
2007-06-26,960.0,960.0,900.0,925.0,959130.0,888701250.0,43209388100.0,46712852,KOSPI,tradable_ohlcv
2007-06-27,915.0,925.0,895.0,910.0,1024709.0,926568240.0,42508695320.0,46712852,KOSPI,tradable_ohlcv
2007-06-28,905.0,925.0,860.0,900.0,603979.0,545555000.0,42041566800.0,46712852,KOSPI,tradable_ohlcv
2007-06-29,905.0,910.0,885.0,900.0,619867.0,556857450.0,42041566800.0,46712852,KOSPI,tradable_ohlcv
2007-07-02,910.0,910.0,875.0,880.0,678693.0,598940310.0,41107309760.0,46712852,KOSPI,tradable_ohlcv
2007-07-03,870.0,890.0,855.0,875.0,1160158.0,1005530910.0,40873745500.0,46712852,KOSPI,tradable_ohlcv
2007-07-04,875.0,915.0,870.0,910.0,732740.0,659511260.0,42508695320.0,46712852,KOSPI,tradable_ohlcv
2007-07-05,910.0,910.0,880.0,885.0,523230.0,466092550.0,41340874020.0,46712852,KOSPI,tradable_ohlcv
2007-07-06,905.0,905.0,870.0,890.0,529181.0,465658540.0,41574438280.0,46712852,KOSPI,tradable_ohlcv
2007-07-09,895.0,895.0,840.0,840.0,685040.0,595510050.0,39238795680.0,46712852,KOSPI,tradable_ohlcv
2007-07-10,850.0,890.0,850.0,860.0,710218.0,616938080.0,40173052720.0,46712852,KOSPI,tradable_ohlcv
2007-07-11,880.0,880.0,845.0,855.0,590682.0,504365160.0,39939488460.0,46712852,KOSPI,tradable_ohlcv
2007-07-12,840.0,860.0,840.0,845.0,841018.0,714006010.0,39472359940.0,46712852,KOSPI,tradable_ohlcv
2007-07-13,750.0,815.0,725.0,725.0,3474281.0,2605687985.0,33866817700.0,46712852,KOSPI,tradable_ohlcv
2007-07-16,720.0,735.0,645.0,670.0,1975795.0,1341443560.0,31297610840.0,46712852,KOSPI,tradable_ohlcv
2007-07-18,680.0,725.0,640.0,690.0,3437319.0,2368065345.0,32231867880.0,46712852,KOSPI,tradable_ohlcv
2007-07-19,705.0,705.0,675.0,685.0,964486.0,662134340.0,31998303620.0,46712852,KOSPI,tradable_ohlcv
2007-07-20,685.0,705.0,655.0,705.0,1765900.0,1202696600.0,32932560660.0,46712852,KOSPI,tradable_ohlcv
2007-07-23,710.0,710.0,685.0,700.0,1141850.0,793274750.0,32698996400.0,46712852,KOSPI,tradable_ohlcv
2007-07-24,700.0,740.0,700.0,725.0,1548400.0,1112194910.0,33866817700.0,46712852,KOSPI,tradable_ohlcv
2007-07-25,735.0,830.0,730.0,830.0,1345599.0,1070334070.0,38771667160.0,46712852,KOSPI,tradable_ohlcv
2007-07-26,940.0,950.0,870.0,950.0,9260804.0,8574414530.0,44377209400.0,46712852,KOSPI,tradable_ohlcv
2007-07-27,935.0,980.0,875.0,910.0,5748215.0,5339955005.0,42508695320.0,46712852,KOSPI,tradable_ohlcv
2007-07-30,840.0,905.0,835.0,905.0,2191910.0,1948499600.0,42275131060.0,46712852,KOSPI,tradable_ohlcv
2007-07-31,940.0,1040.0,940.0,1040.0,8118691.0,8315302090.0,48581366080.0,46712852,KOSPI,tradable_ohlcv
2007-08-01,1105.0,1190.0,1030.0,1145.0,10086371.0,11332565090.0,53486215540.0,46712852,KOSPI,tradable_ohlcv
2007-08-02,1200.0,1225.0,1035.0,1100.0,6186910.0,6952702250.0,51384137200.0,46712852,KOSPI,tradable_ohlcv
2007-08-03,1110.0,1120.0,960.0,995.0,5524316.0,5606420550.0,46479287740.0,46712852,KOSPI,tradable_ohlcv
2007-08-06,985.0,1040.0,945.0,1030.0,3404281.0,3397318985.0,48114237560.0,46712852,KOSPI,tradable_ohlcv
2007-08-07,1055.0,1060.0,970.0,980.0,2516520.0,2505157650.0,45778594960.0,46712852,KOSPI,tradable_ohlcv
2007-08-08,985.0,990.0,940.0,985.0,2147361.0,2074172485.0,46012159220.0,46712852,KOSPI,tradable_ohlcv
2007-08-09,1010.0,1010.0,950.0,980.0,1809411.0,1748665325.0,45778594960.0,46712852,KOSPI,tradable_ohlcv
2007-08-10,965.0,990.0,935.0,960.0,2750528.0,2629384990.0,44844337920.0,46712852,KOSPI,tradable_ohlcv
2007-08-13,960.0,1000.0,945.0,950.0,2422508.0,2338361450.0,44377209400.0,46712852,KOSPI,tradable_ohlcv
2007-08-14,940.0,940.0,895.0,900.0,1878243.0,1716799000.0,42041566800.0,46712852,KOSPI,tradable_ohlcv
2007-08-16,860.0,870.0,765.0,790.0,1973911.0,1590743380.0,36903153080.0,46712852,KOSPI,tradable_ohlcv
2007-08-17,790.0,840.0,770.0,815.0,1173334.0,944994260.0,38070974380.0,46712852,KOSPI,tradable_ohlcv
2007-08-20,860.0,860.0,820.0,820.0,1160451.0,964614220.0,38304538640.0,46712852,KOSPI,tradable_ohlcv
2007-08-21,835.0,910.0,800.0,855.0,5420724.0,4669821920.0,39939488460.0,46712852,KOSPI,tradable_ohlcv
2007-08-22,850.0,860.0,825.0,840.0,1452540.0,1222588950.0,39238795680.0,46712852,KOSPI,tradable_ohlcv
2007-08-23,870.0,965.0,840.0,965.0,5157281.0,4724557665.0,45077902180.0,46712852,KOSPI,tradable_ohlcv
2007-08-24,1035.0,1090.0,950.0,995.0,10001892.0,10109421560.0,46479287740.0,46712852,KOSPI,tradable_ohlcv
2007-08-27,1010.0,1045.0,980.0,990.0,3201565.0,3224903350.0,46245723480.0,46712852,KOSPI,tradable_ohlcv
2007-08-28,980.0,995.0,905.0,950.0,4205903.0,3993365800.0,44377209400.0,46712852,KOSPI,tradable_ohlcv
2007-08-29,905.0,960.0,855.0,945.0,2265270.0,2074918485.0,44143645140.0,46712852,KOSPI,tradable_ohlcv
2007-08-30,940.0,965.0,910.0,950.0,2284861.0,2150317650.0,44377209400.0,46712852,KOSPI,tradable_ohlcv
2007-08-31,960.0,1060.0,900.0,900.0,6501764.0,6245060450.0,42041566800.0,46712852,KOSPI,tradable_ohlcv
2007-09-03,910.0,965.0,900.0,950.0,2402476.0,2230639480.0,44377209400.0,46712852,KOSPI,tradable_ohlcv
2007-09-04,950.0,970.0,905.0,910.0,2966491.0,2781082270.0,42508695320.0,46712852,KOSPI,tradable_ohlcv
2007-09-05,930.0,935.0,890.0,900.0,2713228.0,2477265650.0,42041566800.0,46712852,KOSPI,tradable_ohlcv
2007-09-06,895.0,910.0,865.0,910.0,1385830.0,1230323600.0,42508695320.0,46712852,KOSPI,tradable_ohlcv
2007-09-07,915.0,970.0,895.0,955.0,4172945.0,3934310060.0,44610773660.0,46712852,KOSPI,tradable_ohlcv
2007-09-10,925.0,975.0,910.0,940.0,3722263.0,3549163870.0,43910080880.0,46712852,KOSPI,tradable_ohlcv
2007-09-11,945.0,955.0,885.0,885.0,2371849.0,2162601040.0,41340874020.0,46712852,KOSPI,tradable_ohlcv
2007-09-12,900.0,900.0,835.0,840.0,2963970.0,2561852290.0,39238795680.0,46712852,KOSPI,tradable_ohlcv
2007-09-13,830.0,840.0,715.0,720.0,9476650.0,6921738950.0,33633253440.0,46712852,KOSPI,tradable_ohlcv
2007-09-14,735.0,735.0,685.0,710.0,4910539.0,3463113375.0,33166124920.0,46712852,KOSPI,tradable_ohlcv
2007-09-17,720.0,725.0,695.0,715.0,2749609.0,1950324230.0,33399689180.0,46712852,KOSPI,tradable_ohlcv
2007-09-18,640.0,645.0,610.0,610.0,10956418.0,6858327775.0,28494839720.0,46712852,KOSPI,tradable_ohlcv
2007-09-19,620.0,625.0,590.0,600.0,5993145.0,3625028215.0,28027711200.0,46712852,KOSPI,tradable_ohlcv
2007-09-20,590.0,595.0,515.0,565.0,6710718.0,3730491495.0,45602761380.0,80712852,KOSPI,tradable_ohlcv
2007-09-21,565.0,580.0,545.0,570.0,2931243.0,1642847855.0,46006325640.0,80712852,KOSPI,tradable_ohlcv
2007-09-27,575.0,645.0,570.0,625.0,7919818.0,4868457030.0,50445532500.0,80712852,KOSPI,tradable_ohlcv
2007-09-28,625.0,625.0,590.0,605.0,3079284.0,1857807405.0,48831275460.0,80712852,KOSPI,tradable_ohlcv
2007-10-01,600.0,605.0,580.0,590.0,2666240.0,1569483215.0,47620582680.0,80712852,KOSPI,tradable_ohlcv
2007-10-02,600.0,600.0,560.0,570.0,3667755.0,2102710105.0,46006325640.0,80712852,KOSPI,tradable_ohlcv
2007-10-04,560.0,580.0,535.0,565.0,3743557.0,2101586605.0,45602761380.0,80712852,KOSPI,tradable_ohlcv
2007-10-05,555.0,570.0,530.0,540.0,3425573.0,1859287995.0,43584940080.0,80712852,KOSPI,tradable_ohlcv
2007-10-08,540.0,540.0,500.0,505.0,4052020.0,2075709150.0,40759990260.0,80712852,KOSPI,tradable_ohlcv
2007-10-09,510.0,580.0,505.0,580.0,14507742.0,8307660410.0,46813454160.0,80712852,KOSPI,tradable_ohlcv
2007-10-10,590.0,590.0,540.0,540.0,7845420.0,4395002470.0,43584940080.0,80712852,KOSPI,tradable_ohlcv
2007-10-11,530.0,570.0,515.0,545.0,3555818.0,1917021420.0,43988504340.0,80712852,KOSPI,tradable_ohlcv
2007-10-12,540.0,540.0,515.0,520.0,2654554.0,1390661880.0,41970683040.0,80712852,KOSPI,tradable_ohlcv
2007-10-15,520.0,535.0,505.0,515.0,2279858.0,1174668170.0,41567118780.0,80712852,KOSPI,tradable_ohlcv
2007-10-16,510.0,515.0,440.0,485.0,2669515.0,1319828365.0,39145733220.0,80712852,KOSPI,tradable_ohlcv
2007-10-17,470.0,480.0,435.0,465.0,3242116.0,1467406305.0,37531476180.0,80712852,KOSPI,tradable_ohlcv
2007-10-18,465.0,490.0,455.0,470.0,1737016.0,824449280.0,37935040440.0,80712852,KOSPI,tradable_ohlcv
2007-10-19,480.0,520.0,480.0,485.0,2515673.0,1253801505.0,39145733220.0,80712852,KOSPI,tradable_ohlcv
2007-10-22,455.0,485.0,435.0,475.0,1499622.0,696916050.0,38338604700.0,80712852,KOSPI,tradable_ohlcv
2007-10-23,475.0,480.0,450.0,460.0,1765974.0,812827095.0,37127911920.0,80712852,KOSPI,tradable_ohlcv
2007-10-24,460.0,460.0,425.0,430.0,2190985.0,967099455.0,34706526360.0,80712852,KOSPI,tradable_ohlcv
2007-10-25,435.0,440.0,400.0,405.0,2379851.0,987079405.0,32688705060.0,80712852,KOSPI,tradable_ohlcv
2007-10-26,405.0,415.0,395.0,410.0,1558291.0,635221105.0,33092269320.0,80712852,KOSPI,tradable_ohlcv
2007-10-29,415.0,455.0,410.0,435.0,2732643.0,1189346505.0,35110090620.0,80712852,KOSPI,tradable_ohlcv
2007-10-30,435.0,450.0,420.0,425.0,2089158.0,901857295.0,34302962100.0,80712852,KOSPI,tradable_ohlcv
2007-10-31,430.0,430.0,415.0,425.0,1157070.0,487239615.0,34302962100.0,80712852,KOSPI,tradable_ohlcv
2007-11-01,425.0,455.0,425.0,440.0,3398709.0,1502689820.0,35513654880.0,80712852,KOSPI,tradable_ohlcv
2007-11-02,445.0,460.0,430.0,445.0,2198304.0,989286330.0,35917219140.0,80712852,KOSPI,tradable_ohlcv
2007-11-05,450.0,495.0,445.0,480.0,5031272.0,2387179560.0,38742168960.0,80712852,KOSPI,tradable_ohlcv
2007-11-06,480.0,500.0,450.0,460.0,3474813.0,1647369355.0,37127911920.0,80712852,KOSPI,tradable_ohlcv
2007-11-07,460.0,465.0,440.0,440.0,1995228.0,899145530.0,35513654880.0,80712852,KOSPI,tradable_ohlcv
2007-11-08,435.0,450.0,415.0,420.0,1648400.0,712629060.0,33899397840.0,80712852,KOSPI,tradable_ohlcv
2007-11-09,425.0,475.0,420.0,460.0,4116393.0,1862339030.0,37127911920.0,80712852,KOSPI,tradable_ohlcv
2007-11-12,460.0,465.0,420.0,435.0,1515563.0,664242905.0,35110090620.0,80712852,KOSPI,tradable_ohlcv
2007-11-13,435.0,455.0,415.0,420.0,3574756.0,1560480965.0,33899397840.0,80712852,KOSPI,tradable_ohlcv
2007-11-14,425.0,440.0,415.0,420.0,3308624.0,1410342680.0,33899397840.0,80712852,KOSPI,tradable_ohlcv
2007-11-15,425.0,430.0,410.0,415.0,1487942.0,621755670.0,33495833580.0,80712852,KOSPI,tradable_ohlcv
2007-11-16,415.0,420.0,400.0,405.0,1561113.0,635479945.0,32688705060.0,80712852,KOSPI,tradable_ohlcv
2007-11-19,405.0,430.0,400.0,420.0,2699841.0,1119625535.0,33899397840.0,80712852,KOSPI,tradable_ohlcv
2007-11-20,410.0,415.0,400.0,410.0,1331738.0,542057670.0,33092269320.0,80712852,KOSPI,tradable_ohlcv
2007-11-21,410.0,410.0,395.0,400.0,1267369.0,511375500.0,32285140800.0,80712852,KOSPI,tradable_ohlcv
2007-11-22,395.0,400.0,375.0,395.0,1721079.0,665873090.0,31881576540.0,80712852,KOSPI,tradable_ohlcv
2007-11-23,395.0,400.0,360.0,370.0,1551653.0,582459910.0,29863755240.0,80712852,KOSPI,tradable_ohlcv
2007-11-26,375.0,390.0,365.0,370.0,1929497.0,719640970.0,29863755240.0,80712852,KOSPI,tradable_ohlcv
2007-11-27,370.0,370.0,330.0,340.0,5175995.0,1827495000.0,27442369680.0,80712852,KOSPI,tradable_ohlcv
2007-11-28,320.0,325.0,290.0,300.0,10845435.0,3234889640.0,24213855600.0,80712852,KOSPI,tradable_ohlcv
2007-11-29,315.0,325.0,300.0,305.0,4888672.0,1516974110.0,24617419860.0,80712852,KOSPI,tradable_ohlcv
2007-11-30,310.0,350.0,305.0,350.0,8486532.0,2854542450.0,28249498200.0,80712852,KOSPI,tradable_ohlcv
2007-12-03,345.0,355.0,320.0,325.0,4921779.0,1636782525.0,26231676900.0,80712852,KOSPI,tradable_ohlcv
2007-12-04,325.0,330.0,315.0,320.0,2026787.0,647039540.0,25828112640.0,80712852,KOSPI,tradable_ohlcv
2007-12-05,320.0,360.0,310.0,345.0,4959482.0,1681912840.0,27845933940.0,80712852,KOSPI,tradable_ohlcv
2007-12-06,345.0,375.0,335.0,350.0,4306759.0,1541168770.0,28249498200.0,80712852,KOSPI,tradable_ohlcv
2007-12-07,350.0,355.0,330.0,340.0,2371106.0,804567825.0,27442369680.0,80712852,KOSPI,tradable_ohlcv
2007-12-10,340.0,340.0,325.0,325.0,2329508.0,770356550.0,26231676900.0,80712852,KOSPI,tradable_ohlcv
2007-12-11,330.0,365.0,325.0,340.0,4368264.0,1504773355.0,27442369680.0,80712852,KOSPI,tradable_ohlcv
2007-12-12,330.0,345.0,325.0,330.0,1560764.0,513537245.0,26635241160.0,80712852,KOSPI,tradable_ohlcv
2007-12-13,330.0,345.0,320.0,325.0,1507981.0,495790405.0,26231676900.0,80712852,KOSPI,tradable_ohlcv
2007-12-14,330.0,330.0,320.0,325.0,1133349.0,368670275.0,26231676900.0,80712852,KOSPI,tradable_ohlcv
2007-12-17,325.0,335.0,315.0,315.0,1383759.0,449238685.0,25424548380.0,80712852,KOSPI,tradable_ohlcv
2007-12-18,315.0,325.0,305.0,315.0,1031409.0,322915335.0,25424548380.0,80712852,KOSPI,tradable_ohlcv
2007-12-20,310.0,320.0,300.0,300.0,1815682.0,559380950.0,24213855600.0,80712852,KOSPI,tradable_ohlcv
2007-12-21,305.0,310.0,285.0,290.0,1532922.0,450052575.0,23406727080.0,80712852,KOSPI,tradable_ohlcv
2007-12-24,300.0,300.0,290.0,295.0,1283151.0,378870375.0,23810291340.0,80712852,KOSPI,tradable_ohlcv
2007-12-26,295.0,315.0,295.0,310.0,1717456.0,526473885.0,25020984120.0,80712852,KOSPI,tradable_ohlcv
2007-12-27,310.0,315.0,295.0,300.0,877298.0,264182220.0,24213855600.0,80712852,KOSPI,tradable_ohlcv
2007-12-28,300.0,310.0,295.0,300.0,778657.0,235060850.0,24213855600.0,80712852,KOSPI,tradable_ohlcv
