d,o,h,l,c,v,a,mc,s,m,rs
2022-01-03,9290.0,9290.0,9180.0,9180.0,161731.0,1489020570.0,1104988484880.0,120369116,KOSPI,tradable_ohlcv
2022-01-04,9260.0,9420.0,9220.0,9410.0,239459.0,2231376460.0,1132673381560.0,120369116,KOSPI,tradable_ohlcv
2022-01-05,9410.0,9470.0,9350.0,9390.0,186474.0,1754061240.0,1130265999240.0,120369116,KOSPI,tradable_ohlcv
2022-01-06,9370.0,9420.0,9280.0,9310.0,134489.0,1255818540.0,1120636469960.0,120369116,KOSPI,tradable_ohlcv
2022-01-07,9320.0,9450.0,9320.0,9390.0,178191.0,1672384880.0,1130265999240.0,120369116,KOSPI,tradable_ohlcv
2022-01-10,9360.0,9490.0,9360.0,9430.0,273104.0,2580659530.0,1135080763880.0,120369116,KOSPI,tradable_ohlcv
2022-01-11,9470.0,9580.0,9440.0,9510.0,496255.0,4730932890.0,1144710293160.0,120369116,KOSPI,tradable_ohlcv
2022-01-12,9520.0,9590.0,9500.0,9570.0,241254.0,2303433070.0,1151932440120.0,120369116,KOSPI,tradable_ohlcv
2022-01-13,9600.0,9740.0,9580.0,9730.0,450213.0,4362763680.0,1171191498680.0,120369116,KOSPI,tradable_ohlcv
2022-01-14,9730.0,9840.0,9690.0,9810.0,359251.0,3516880650.0,1180821027960.0,120369116,KOSPI,tradable_ohlcv
2022-01-17,9840.0,9840.0,9530.0,9540.0,182713.0,1764860350.0,1148321366640.0,120369116,KOSPI,tradable_ohlcv
2022-01-18,9550.0,9700.0,9550.0,9690.0,236810.0,2284410220.0,1166376734040.0,120369116,KOSPI,tradable_ohlcv
2022-01-19,9650.0,10050.0,9570.0,9980.0,1105147.0,11001885760.0,1201283777680.0,120369116,KOSPI,tradable_ohlcv
2022-01-20,9990.0,10050.0,9890.0,10000.0,505298.0,5029083650.0,1203691160000.0,120369116,KOSPI,tradable_ohlcv
2022-01-21,9980.0,10050.0,9700.0,9880.0,361758.0,3572937250.0,1189246866080.0,120369116,KOSPI,tradable_ohlcv
2022-01-24,9760.0,9810.0,9520.0,9570.0,257320.0,2480442110.0,1151932440120.0,120369116,KOSPI,tradable_ohlcv
2022-01-25,9800.0,9850.0,9290.0,9310.0,541545.0,5136993840.0,1120636469960.0,120369116,KOSPI,tradable_ohlcv
2022-01-26,9410.0,9960.0,9400.0,9910.0,842470.0,8299270270.0,1192857939560.0,120369116,KOSPI,tradable_ohlcv
2022-01-27,9920.0,10050.0,9680.0,9850.0,515902.0,5086705560.0,1185635792600.0,120369116,KOSPI,tradable_ohlcv
2022-01-28,9910.0,10250.0,9880.0,10150.0,692555.0,6987868230.0,1221746527400.0,120369116,KOSPI,tradable_ohlcv
2022-02-03,10150.0,10800.0,10150.0,10700.0,859181.0,9121579550.0,1287949541200.0,120369116,KOSPI,tradable_ohlcv
2022-02-04,10700.0,10800.0,10600.0,10700.0,424806.0,4538179750.0,1287949541200.0,120369116,KOSPI,tradable_ohlcv
2022-02-07,10700.0,10750.0,10500.0,10600.0,375028.0,3970183950.0,1275912629600.0,120369116,KOSPI,tradable_ohlcv
2022-02-08,10550.0,10700.0,10300.0,10500.0,379901.0,3975180250.0,1263875718000.0,120369116,KOSPI,tradable_ohlcv
2022-02-09,10550.0,10750.0,10450.0,10600.0,271231.0,2867803000.0,1275912629600.0,120369116,KOSPI,tradable_ohlcv
2022-02-10,10600.0,11100.0,10600.0,10950.0,822983.0,8959948050.0,1318041820200.0,120369116,KOSPI,tradable_ohlcv
2022-02-11,10500.0,10600.0,10200.0,10250.0,822066.0,8527239050.0,1233783439000.0,120369116,KOSPI,tradable_ohlcv
2022-02-14,10200.0,10600.0,10100.0,10450.0,477727.0,4972063550.0,1257857262200.0,120369116,KOSPI,tradable_ohlcv
2022-02-15,10400.0,10400.0,9800.0,9870.0,748774.0,7500272640.0,1188043174920.0,120369116,KOSPI,tradable_ohlcv
2022-02-16,10050.0,10350.0,9880.0,10250.0,488122.0,4931058530.0,1233783439000.0,120369116,KOSPI,tradable_ohlcv
2022-02-17,10350.0,10500.0,10150.0,10300.0,338689.0,3499689750.0,1239801894800.0,120369116,KOSPI,tradable_ohlcv
2022-02-18,10150.0,10300.0,10050.0,10050.0,147329.0,1496680800.0,1209709615800.0,120369116,KOSPI,tradable_ohlcv
2022-02-21,10000.0,10100.0,9920.0,10000.0,143865.0,1437899810.0,1203691160000.0,120369116,KOSPI,tradable_ohlcv
2022-02-22,9960.0,9990.0,9780.0,9800.0,257858.0,2536937140.0,1179617336800.0,120369116,KOSPI,tradable_ohlcv
2022-02-23,9830.0,9970.0,9830.0,9870.0,137111.0,1356263020.0,1188043174920.0,120369116,KOSPI,tradable_ohlcv
2022-02-24,9870.0,9950.0,9710.0,9770.0,282725.0,2760651950.0,1176006263320.0,120369116,KOSPI,tradable_ohlcv
2022-02-25,9820.0,9840.0,9670.0,9750.0,184693.0,1800667090.0,1173598881000.0,120369116,KOSPI,tradable_ohlcv
2022-02-28,9750.0,9810.0,9660.0,9660.0,127632.0,1241284720.0,1162765660560.0,120369116,KOSPI,tradable_ohlcv
2022-03-02,9590.0,9600.0,9300.0,9360.0,524920.0,4922849570.0,1126654925760.0,120369116,KOSPI,tradable_ohlcv
2022-03-03,9420.0,9720.0,9360.0,9700.0,216682.0,2080064130.0,1167580425200.0,120369116,KOSPI,tradable_ohlcv
2022-03-04,9690.0,9850.0,9560.0,9790.0,230859.0,2233290160.0,1178413645640.0,120369116,KOSPI,tradable_ohlcv
2022-03-07,9610.0,9710.0,9250.0,9250.0,710975.0,6647551820.0,1113414323000.0,120369116,KOSPI,tradable_ohlcv
2022-03-08,9200.0,9420.0,9200.0,9320.0,232189.0,2161179030.0,1121840161120.0,120369116,KOSPI,tradable_ohlcv
2022-03-10,9470.0,9520.0,9400.0,9450.0,132244.0,1249949520.0,1137488146200.0,120369116,KOSPI,tradable_ohlcv
2022-03-11,9450.0,9520.0,9380.0,9430.0,166970.0,1580991570.0,1135080763880.0,120369116,KOSPI,tradable_ohlcv
2022-03-14,9480.0,9660.0,9430.0,9560.0,268525.0,2575115450.0,1150728748960.0,120369116,KOSPI,tradable_ohlcv
2022-03-15,9570.0,9700.0,9510.0,9610.0,147341.0,1419927090.0,1156747204760.0,120369116,KOSPI,tradable_ohlcv
2022-03-16,9750.0,9750.0,9570.0,9590.0,134957.0,1296766260.0,1154339822440.0,120369116,KOSPI,tradable_ohlcv
2022-03-17,9640.0,9700.0,9580.0,9580.0,198145.0,1905360670.0,1153136131280.0,120369116,KOSPI,tradable_ohlcv
2022-03-18,9580.0,9650.0,9490.0,9490.0,242386.0,2313307440.0,1142302910840.0,120369116,KOSPI,tradable_ohlcv
2022-03-21,9500.0,9620.0,9490.0,9620.0,157875.0,1509335980.0,1157950895920.0,120369116,KOSPI,tradable_ohlcv
2022-03-22,9670.0,9900.0,9650.0,9840.0,335526.0,3292629410.0,1184432101440.0,120369116,KOSPI,tradable_ohlcv
2022-03-23,9910.0,9980.0,9840.0,9890.0,202261.0,2004404420.0,1190450557240.0,120369116,KOSPI,tradable_ohlcv
2022-03-24,9880.0,9960.0,9820.0,9950.0,142476.0,1410969760.0,1197672704200.0,120369116,KOSPI,tradable_ohlcv
2022-03-25,9940.0,9940.0,9800.0,9850.0,173236.0,1706299950.0,1185635792600.0,120369116,KOSPI,tradable_ohlcv
2022-03-28,9850.0,9890.0,9800.0,9840.0,89706.0,883314990.0,1184432101440.0,120369116,KOSPI,tradable_ohlcv
2022-03-29,9880.0,9880.0,9700.0,9780.0,113056.0,1103844480.0,1177209954480.0,120369116,KOSPI,tradable_ohlcv
2022-03-30,9800.0,9850.0,9690.0,9740.0,119866.0,1167370550.0,1172395189840.0,120369116,KOSPI,tradable_ohlcv
2022-03-31,9720.0,9890.0,9720.0,9840.0,192331.0,1888818610.0,1184432101440.0,120369116,KOSPI,tradable_ohlcv
2022-04-01,9860.0,9990.0,9780.0,9980.0,283728.0,2822236100.0,1201283777680.0,120369116,KOSPI,tradable_ohlcv
2022-04-04,10000.0,10200.0,9900.0,10200.0,263322.0,2652890560.0,1227764983200.0,120369116,KOSPI,tradable_ohlcv
2022-04-05,10250.0,10250.0,9950.0,10100.0,222353.0,2233158520.0,1215728071600.0,120369116,KOSPI,tradable_ohlcv
2022-04-06,10050.0,10300.0,9930.0,10200.0,306697.0,3121105020.0,1227764983200.0,120369116,KOSPI,tradable_ohlcv
2022-04-07,10250.0,10400.0,10150.0,10350.0,314721.0,3242216050.0,1245820350600.0,120369116,KOSPI,tradable_ohlcv
2022-04-08,10250.0,10300.0,10000.0,10150.0,246331.0,2491324000.0,1221746527400.0,120369116,KOSPI,tradable_ohlcv
2022-04-11,10150.0,10400.0,10050.0,10400.0,158966.0,1638731000.0,1251838806400.0,120369116,KOSPI,tradable_ohlcv
2022-04-12,10300.0,10400.0,10200.0,10350.0,95129.0,979374700.0,1245820350600.0,120369116,KOSPI,tradable_ohlcv
2022-04-13,10300.0,10350.0,10100.0,10150.0,120324.0,1227533150.0,1221746527400.0,120369116,KOSPI,tradable_ohlcv
2022-04-14,10150.0,10200.0,9990.0,10150.0,214037.0,2156600750.0,1221746527400.0,120369116,KOSPI,tradable_ohlcv
2022-04-15,9990.0,10100.0,9820.0,9850.0,387034.0,3835026480.0,1185635792600.0,120369116,KOSPI,tradable_ohlcv
2022-04-18,9920.0,10100.0,9900.0,10000.0,344577.0,3449761200.0,1203691160000.0,120369116,KOSPI,tradable_ohlcv
2022-04-19,10050.0,10100.0,9990.0,10050.0,194943.0,1957588440.0,1209709615800.0,120369116,KOSPI,tradable_ohlcv
2022-04-20,10050.0,10200.0,10000.0,10150.0,193572.0,1957740850.0,1221746527400.0,120369116,KOSPI,tradable_ohlcv
2022-04-21,10150.0,10200.0,9960.0,9980.0,264692.0,2653751900.0,1201283777680.0,120369116,KOSPI,tradable_ohlcv
2022-04-22,9950.0,10100.0,9950.0,10050.0,208779.0,2092465160.0,1209709615800.0,120369116,KOSPI,tradable_ohlcv
2022-04-25,9980.0,10050.0,9950.0,10000.0,285981.0,2858686830.0,1203691160000.0,120369116,KOSPI,tradable_ohlcv
2022-04-26,10000.0,10050.0,9980.0,10050.0,197603.0,1978751640.0,1209709615800.0,120369116,KOSPI,tradable_ohlcv
2022-04-27,9850.0,9890.0,9800.0,9830.0,304519.0,2995329540.0,1183228410280.0,120369116,KOSPI,tradable_ohlcv
2022-04-28,9850.0,9940.0,9810.0,9910.0,139181.0,1375889390.0,1192857939560.0,120369116,KOSPI,tradable_ohlcv
2022-04-29,9900.0,9910.0,9700.0,9720.0,314535.0,3066234640.0,1169987807520.0,120369116,KOSPI,tradable_ohlcv
2022-05-02,9720.0,9870.0,9720.0,9870.0,192768.0,1884749740.0,1188043174920.0,120369116,KOSPI,tradable_ohlcv
2022-05-03,9820.0,9900.0,9740.0,9770.0,130834.0,1281933400.0,1176006263320.0,120369116,KOSPI,tradable_ohlcv
2022-05-04,9770.0,9820.0,9730.0,9730.0,83129.0,812998950.0,1171191498680.0,120369116,KOSPI,tradable_ohlcv
2022-05-06,9720.0,9730.0,9660.0,9690.0,89131.0,863285230.0,1166376734040.0,120369116,KOSPI,tradable_ohlcv
2022-05-09,9680.0,9680.0,9440.0,9520.0,178838.0,1703544740.0,1145913984320.0,120369116,KOSPI,tradable_ohlcv
2022-05-10,9420.0,9520.0,9310.0,9460.0,189188.0,1778360850.0,1138691837360.0,120369116,KOSPI,tradable_ohlcv
2022-05-11,9550.0,9550.0,9370.0,9410.0,130061.0,1225056920.0,1132673381560.0,120369116,KOSPI,tradable_ohlcv
2022-05-12,9310.0,9510.0,9310.0,9470.0,123928.0,1167375050.0,1139895528520.0,120369116,KOSPI,tradable_ohlcv
2022-05-13,9420.0,9540.0,9400.0,9470.0,120043.0,1134322780.0,1139895528520.0,120369116,KOSPI,tradable_ohlcv
2022-05-16,9470.0,9500.0,9380.0,9450.0,120772.0,1140857450.0,1137488146200.0,120369116,KOSPI,tradable_ohlcv
2022-05-17,9470.0,9610.0,9460.0,9500.0,142694.0,1356613320.0,1143506602000.0,120369116,KOSPI,tradable_ohlcv
2022-05-18,9510.0,9550.0,9370.0,9430.0,165521.0,1563764630.0,1135080763880.0,120369116,KOSPI,tradable_ohlcv
2022-05-19,9310.0,9440.0,9290.0,9380.0,140035.0,1310780920.0,1129062308080.0,120369116,KOSPI,tradable_ohlcv
2022-05-20,9400.0,9420.0,9310.0,9360.0,115722.0,1082846980.0,1126654925760.0,120369116,KOSPI,tradable_ohlcv
2022-05-23,9360.0,9460.0,9320.0,9410.0,83179.0,780909790.0,1132673381560.0,120369116,KOSPI,tradable_ohlcv
2022-05-24,9450.0,9470.0,9320.0,9360.0,137193.0,1286197850.0,1126654925760.0,120369116,KOSPI,tradable_ohlcv
2022-05-25,9410.0,9620.0,9340.0,9540.0,166467.0,1589140380.0,1148321366640.0,120369116,KOSPI,tradable_ohlcv
2022-05-26,9560.0,9620.0,9460.0,9460.0,63692.0,608297950.0,1138691837360.0,120369116,KOSPI,tradable_ohlcv
2022-05-27,9530.0,9540.0,9460.0,9470.0,102543.0,973954220.0,1139895528520.0,120369116,KOSPI,tradable_ohlcv
2022-05-30,9500.0,9530.0,9480.0,9500.0,65263.0,620282830.0,1143506602000.0,120369116,KOSPI,tradable_ohlcv
2022-05-31,9520.0,9650.0,9490.0,9640.0,145391.0,1397859890.0,1160358278240.0,120369116,KOSPI,tradable_ohlcv
2022-06-02,9640.0,9640.0,9470.0,9510.0,89414.0,849886180.0,1144710293160.0,120369116,KOSPI,tradable_ohlcv
2022-06-03,9510.0,9560.0,9500.0,9530.0,51953.0,495581600.0,1147117675480.0,120369116,KOSPI,tradable_ohlcv
2022-06-07,9530.0,9560.0,9470.0,9500.0,81134.0,772264180.0,1143506602000.0,120369116,KOSPI,tradable_ohlcv
2022-06-08,9500.0,9570.0,9460.0,9550.0,99002.0,941473366.0,1149525057800.0,120369116,KOSPI,tradable_ohlcv
2022-06-09,9550.0,9600.0,9510.0,9530.0,83823.0,800304020.0,1147117675480.0,120369116,KOSPI,tradable_ohlcv
2022-06-10,9440.0,9550.0,9310.0,9310.0,268208.0,2515729810.0,1120636469960.0,120369116,KOSPI,tradable_ohlcv
2022-06-13,9280.0,9310.0,9100.0,9150.0,199015.0,1831977850.0,1101377411400.0,120369116,KOSPI,tradable_ohlcv
2022-06-14,9110.0,9620.0,9040.0,9620.0,689144.0,6545607580.0,1157950895920.0,120369116,KOSPI,tradable_ohlcv
2022-06-15,9510.0,9550.0,9330.0,9350.0,144112.0,1356596120.0,1125451234600.0,120369116,KOSPI,tradable_ohlcv
2022-06-16,9410.0,9500.0,9240.0,9380.0,161142.0,1499966830.0,1129062308080.0,120369116,KOSPI,tradable_ohlcv
2022-06-17,9200.0,9400.0,9130.0,9390.0,182244.0,1693608230.0,1130265999240.0,120369116,KOSPI,tradable_ohlcv
2022-06-20,9280.0,9390.0,9060.0,9160.0,130602.0,1199318480.0,1102581102560.0,120369116,KOSPI,tradable_ohlcv
2022-06-21,9130.0,9240.0,9100.0,9210.0,82496.0,755320900.0,1108599558360.0,120369116,KOSPI,tradable_ohlcv
2022-06-22,9230.0,9230.0,8890.0,8890.0,304607.0,2739454610.0,1070081441240.0,120369116,KOSPI,tradable_ohlcv
2022-06-23,8980.0,9010.0,8660.0,8660.0,293235.0,2586782450.0,1042396544560.0,120369116,KOSPI,tradable_ohlcv
2022-06-24,8610.0,8790.0,8610.0,8790.0,192354.0,1676987150.0,1058044529640.0,120369116,KOSPI,tradable_ohlcv
2022-06-27,8800.0,8890.0,8700.0,8760.0,277154.0,2423102400.0,1054433456160.0,120369116,KOSPI,tradable_ohlcv
2022-06-28,8790.0,8790.0,8670.0,8710.0,154969.0,1347979870.0,1048415000360.0,120369116,KOSPI,tradable_ohlcv
2022-06-29,8650.0,8680.0,8420.0,8420.0,407037.0,3453886300.0,1013507956720.0,120369116,KOSPI,tradable_ohlcv
2022-06-30,8470.0,8490.0,8340.0,8400.0,137909.0,1158125140.0,1011100574400.0,120369116,KOSPI,tradable_ohlcv
2022-07-01,8400.0,8590.0,8380.0,8460.0,133489.0,1134839960.0,1018322721360.0,120369116,KOSPI,tradable_ohlcv
2022-07-04,8460.0,8540.0,8370.0,8380.0,122532.0,1033812060.0,1008693192080.0,120369116,KOSPI,tradable_ohlcv
2022-07-05,8430.0,8640.0,8410.0,8620.0,149273.0,1269638390.0,1037581779920.0,120369116,KOSPI,tradable_ohlcv
2022-07-06,8600.0,8600.0,8350.0,8470.0,176352.0,1488118440.0,1019526412520.0,120369116,KOSPI,tradable_ohlcv
2022-07-07,8470.0,8570.0,8400.0,8410.0,124516.0,1051989530.0,1012304265560.0,120369116,KOSPI,tradable_ohlcv
2022-07-08,8470.0,8570.0,8450.0,8510.0,92528.0,788395970.0,1024341177160.0,120369116,KOSPI,tradable_ohlcv
2022-07-11,8570.0,8580.0,8460.0,8470.0,91450.0,777689720.0,1019526412520.0,120369116,KOSPI,tradable_ohlcv
2022-07-12,8410.0,8610.0,8400.0,8460.0,99195.0,841246030.0,1018322721360.0,120369116,KOSPI,tradable_ohlcv
2022-07-13,8460.0,8500.0,8400.0,8490.0,102450.0,866403360.0,1021933794840.0,120369116,KOSPI,tradable_ohlcv
2022-07-14,8490.0,8530.0,8410.0,8500.0,80394.0,680832120.0,1023137486000.0,120369116,KOSPI,tradable_ohlcv
2022-07-15,8470.0,8540.0,8370.0,8380.0,124839.0,1049506770.0,1008693192080.0,120369116,KOSPI,tradable_ohlcv
2022-07-18,8470.0,8600.0,8430.0,8580.0,164006.0,1399080170.0,1032767015280.0,120369116,KOSPI,tradable_ohlcv
2022-07-19,8550.0,8630.0,8520.0,8560.0,99028.0,848502630.0,1030359632960.0,120369116,KOSPI,tradable_ohlcv
2022-07-20,8640.0,8850.0,8620.0,8800.0,152948.0,1344384680.0,1059248220800.0,120369116,KOSPI,tradable_ohlcv
2022-07-21,8770.0,8970.0,8760.0,8940.0,140550.0,1251664810.0,1076099897040.0,120369116,KOSPI,tradable_ohlcv
2022-07-22,8940.0,9050.0,8910.0,9010.0,148279.0,1335977000.0,1084525735160.0,120369116,KOSPI,tradable_ohlcv
2022-07-25,8990.0,9070.0,8930.0,9040.0,85898.0,775274710.0,1088136808640.0,120369116,KOSPI,tradable_ohlcv
2022-07-26,8970.0,9040.0,8870.0,8900.0,72165.0,644151290.0,1071285132400.0,120369116,KOSPI,tradable_ohlcv
2022-07-27,8850.0,9020.0,8850.0,9020.0,153083.0,1374363990.0,1085729426320.0,120369116,KOSPI,tradable_ohlcv
2022-07-28,9060.0,9060.0,8950.0,9020.0,58196.0,523172160.0,1085729426320.0,120369116,KOSPI,tradable_ohlcv
2022-07-29,8990.0,9010.0,8810.0,8810.0,237953.0,2111112550.0,1060451911960.0,120369116,KOSPI,tradable_ohlcv
2022-08-01,8880.0,8880.0,8730.0,8740.0,126448.0,1110147140.0,1052026073840.0,120369116,KOSPI,tradable_ohlcv
2022-08-02,8750.0,8790.0,8610.0,8640.0,138237.0,1196642350.0,1039989162240.0,120369116,KOSPI,tradable_ohlcv
2022-08-03,8640.0,8780.0,8640.0,8760.0,69646.0,608915300.0,1054433456160.0,120369116,KOSPI,tradable_ohlcv
2022-08-04,8800.0,8820.0,8710.0,8810.0,68897.0,605164310.0,1060451911960.0,120369116,KOSPI,tradable_ohlcv
2022-08-05,8850.0,8920.0,8780.0,8780.0,103056.0,912721870.0,1056840838480.0,120369116,KOSPI,tradable_ohlcv
2022-08-08,8780.0,8870.0,8780.0,8800.0,48455.0,428364940.0,1059248220800.0,120369116,KOSPI,tradable_ohlcv
2022-08-09,8650.0,8790.0,8650.0,8690.0,140254.0,1220144210.0,1046007618040.0,120369116,KOSPI,tradable_ohlcv
2022-08-10,8680.0,8710.0,8600.0,8610.0,109188.0,943646530.0,1036378088760.0,120369116,KOSPI,tradable_ohlcv
2022-08-11,8640.0,8730.0,8640.0,8710.0,37961.0,330040820.0,1048415000360.0,120369116,KOSPI,tradable_ohlcv
2022-08-12,8710.0,8810.0,8630.0,8690.0,115755.0,1012235210.0,1046007618040.0,120369116,KOSPI,tradable_ohlcv
2022-08-16,8640.0,8650.0,8570.0,8640.0,185599.0,1595430960.0,1039989162240.0,120369116,KOSPI,tradable_ohlcv
2022-08-17,8610.0,8650.0,8570.0,8580.0,95000.0,816349310.0,1032767015280.0,120369116,KOSPI,tradable_ohlcv
2022-08-18,8580.0,8670.0,8550.0,8610.0,53779.0,462871930.0,1036378088760.0,120369116,KOSPI,tradable_ohlcv
2022-08-19,8660.0,8680.0,8610.0,8630.0,67533.0,583288990.0,1038785471080.0,120369116,KOSPI,tradable_ohlcv
2022-08-22,8600.0,8600.0,8500.0,8500.0,69989.0,597001760.0,1023137486000.0,120369116,KOSPI,tradable_ohlcv
2022-08-23,8480.0,8550.0,8420.0,8460.0,84360.0,713509960.0,1018322721360.0,120369116,KOSPI,tradable_ohlcv
2022-08-24,8430.0,8490.0,8400.0,8420.0,69930.0,589049340.0,1013507956720.0,120369116,KOSPI,tradable_ohlcv
2022-08-25,8460.0,8470.0,8390.0,8420.0,78285.0,659057530.0,1013507956720.0,120369116,KOSPI,tradable_ohlcv
2022-08-26,8470.0,8500.0,8380.0,8380.0,85345.0,718175870.0,1008693192080.0,120369116,KOSPI,tradable_ohlcv
2022-08-29,8330.0,8400.0,8300.0,8380.0,103454.0,864127420.0,1008693192080.0,120369116,KOSPI,tradable_ohlcv
2022-08-30,8350.0,8460.0,8350.0,8380.0,75441.0,634322850.0,1008693192080.0,120369116,KOSPI,tradable_ohlcv
2022-08-31,8370.0,8400.0,8310.0,8350.0,147672.0,1230836770.0,1005082118600.0,120369116,KOSPI,tradable_ohlcv
2022-09-01,8360.0,8360.0,8240.0,8250.0,122573.0,1016705650.0,993045207000.0,120369116,KOSPI,tradable_ohlcv
2022-09-02,8250.0,8290.0,8200.0,8250.0,68874.0,567900050.0,993045207000.0,120369116,KOSPI,tradable_ohlcv
2022-09-05,8240.0,8280.0,8090.0,8130.0,124841.0,1019961830.0,978600913080.0,120369116,KOSPI,tradable_ohlcv
2022-09-06,8180.0,8220.0,8080.0,8160.0,66371.0,539582510.0,982211986560.0,120369116,KOSPI,tradable_ohlcv
2022-09-07,8160.0,8170.0,7990.0,8010.0,129215.0,1040716780.0,964156619160.0,120369116,KOSPI,tradable_ohlcv
2022-09-08,8020.0,8060.0,7940.0,7950.0,158391.0,1265143190.0,956934472200.0,120369116,KOSPI,tradable_ohlcv
2022-09-13,8040.0,8170.0,8010.0,8150.0,78816.0,640908490.0,981008295400.0,120369116,KOSPI,tradable_ohlcv
2022-09-14,8090.0,8120.0,7970.0,8080.0,74896.0,603213720.0,972582457280.0,120369116,KOSPI,tradable_ohlcv
2022-09-15,8120.0,8120.0,8010.0,8030.0,58741.0,471641520.0,966564001480.0,120369116,KOSPI,tradable_ohlcv
2022-09-16,8010.0,8050.0,7880.0,7880.0,183534.0,1456174600.0,948508634080.0,120369116,KOSPI,tradable_ohlcv
2022-09-19,7860.0,7950.0,7810.0,7860.0,95802.0,751720280.0,946101251760.0,120369116,KOSPI,tradable_ohlcv
2022-09-20,7890.0,7970.0,7850.0,7920.0,64422.0,510562530.0,953323398720.0,120369116,KOSPI,tradable_ohlcv
2022-09-21,7920.0,8080.0,7910.0,7980.0,85169.0,681024680.0,960545545680.0,120369116,KOSPI,tradable_ohlcv
2022-09-22,8020.0,8180.0,7920.0,8180.0,172921.0,1391835040.0,984619368880.0,120369116,KOSPI,tradable_ohlcv
2022-09-23,8170.0,8180.0,8000.0,8170.0,152091.0,1231438510.0,983415677720.0,120369116,KOSPI,tradable_ohlcv
2022-09-26,8020.0,8080.0,7850.0,7880.0,165821.0,1315585490.0,948508634080.0,120369116,KOSPI,tradable_ohlcv
2022-09-27,7880.0,8050.0,7850.0,7910.0,169826.0,1338401550.0,952119707560.0,120369116,KOSPI,tradable_ohlcv
2022-09-28,7910.0,7950.0,7690.0,7850.0,208572.0,1624757460.0,944897560600.0,120369116,KOSPI,tradable_ohlcv
2022-09-29,7890.0,7890.0,7710.0,7730.0,177978.0,1379673270.0,930453266680.0,120369116,KOSPI,tradable_ohlcv
2022-09-30,7690.0,7850.0,7560.0,7850.0,278911.0,2158086778.0,944897560600.0,120369116,KOSPI,tradable_ohlcv
2022-10-04,7790.0,7870.0,7700.0,7830.0,151230.0,1172782420.0,942490178280.0,120369116,KOSPI,tradable_ohlcv
2022-10-05,7830.0,7850.0,7600.0,7670.0,211089.0,1617624090.0,923231119720.0,120369116,KOSPI,tradable_ohlcv
2022-10-06,7650.0,7670.0,7560.0,7570.0,147548.0,1119366210.0,911194208120.0,120369116,KOSPI,tradable_ohlcv
2022-10-07,7560.0,7640.0,7530.0,7620.0,125577.0,952119310.0,917212663920.0,120369116,KOSPI,tradable_ohlcv
2022-10-11,7520.0,7540.0,7380.0,7440.0,226563.0,1683813140.0,895546223040.0,120369116,KOSPI,tradable_ohlcv
2022-10-12,7390.0,7400.0,7290.0,7360.0,183892.0,1348553020.0,885916693760.0,120369116,KOSPI,tradable_ohlcv
2022-10-13,7370.0,7390.0,7160.0,7250.0,236964.0,1713634670.0,872676091000.0,120369116,KOSPI,tradable_ohlcv
2022-10-14,7290.0,7340.0,7220.0,7300.0,228279.0,1660643500.0,878694546800.0,120369116,KOSPI,tradable_ohlcv
2022-10-17,7280.0,7380.0,7190.0,7330.0,154730.0,1129969350.0,882305620280.0,120369116,KOSPI,tradable_ohlcv
2022-10-18,7380.0,7420.0,7270.0,7420.0,171211.0,1256323250.0,893138840720.0,120369116,KOSPI,tradable_ohlcv
2022-10-19,7430.0,7460.0,7350.0,7350.0,64596.0,477505850.0,884713002600.0,120369116,KOSPI,tradable_ohlcv
2022-10-20,7390.0,7390.0,7240.0,7300.0,398904.0,2908166240.0,878694546800.0,120369116,KOSPI,tradable_ohlcv
2022-10-21,7330.0,7430.0,7290.0,7370.0,100610.0,741335530.0,887120384920.0,120369116,KOSPI,tradable_ohlcv
2022-10-24,7480.0,7520.0,7300.0,7500.0,181550.0,1346537350.0,902768370000.0,120369116,KOSPI,tradable_ohlcv
2022-10-25,7520.0,7520.0,7270.0,7300.0,148142.0,1084313250.0,878694546800.0,120369116,KOSPI,tradable_ohlcv
2022-10-26,7300.0,7350.0,7150.0,7170.0,126327.0,911059510.0,863046561720.0,120369116,KOSPI,tradable_ohlcv
2022-10-27,7180.0,7230.0,7150.0,7190.0,165359.0,1188181170.0,865453944040.0,120369116,KOSPI,tradable_ohlcv
2022-10-28,7160.0,7330.0,7160.0,7330.0,188232.0,1369934890.0,882305620280.0,120369116,KOSPI,tradable_ohlcv
2022-10-31,7330.0,7350.0,7260.0,7350.0,108818.0,794655190.0,884713002600.0,120369116,KOSPI,tradable_ohlcv
2022-11-01,7320.0,7360.0,7280.0,7320.0,100143.0,733119990.0,881101929120.0,120369116,KOSPI,tradable_ohlcv
2022-11-02,7320.0,7330.0,7270.0,7270.0,245060.0,1785823270.0,875083473320.0,120369116,KOSPI,tradable_ohlcv
2022-11-03,7260.0,7260.0,7180.0,7260.0,137290.0,989534740.0,873879782160.0,120369116,KOSPI,tradable_ohlcv
2022-11-04,7210.0,7260.0,7160.0,7260.0,202417.0,1457614820.0,873879782160.0,120369116,KOSPI,tradable_ohlcv
2022-11-07,7260.0,7340.0,7180.0,7340.0,182413.0,1322012640.0,883509311440.0,120369116,KOSPI,tradable_ohlcv
2022-11-08,7330.0,7520.0,7280.0,7390.0,207572.0,1534210600.0,889527767240.0,120369116,KOSPI,tradable_ohlcv
2022-11-09,7430.0,7490.0,7350.0,7430.0,166499.0,1233023700.0,894342531880.0,120369116,KOSPI,tradable_ohlcv
2022-11-10,7420.0,7420.0,7330.0,7340.0,145723.0,1073545240.0,883509311440.0,120369116,KOSPI,tradable_ohlcv
2022-11-11,7440.0,7450.0,7330.0,7400.0,355878.0,2620914320.0,890731458400.0,120369116,KOSPI,tradable_ohlcv
2022-11-14,7450.0,7750.0,7440.0,7730.0,396248.0,3030731630.0,930453266680.0,120369116,KOSPI,tradable_ohlcv
2022-11-15,7760.0,7830.0,7700.0,7820.0,235219.0,1832361160.0,941286487120.0,120369116,KOSPI,tradable_ohlcv
2022-11-16,7880.0,7880.0,7730.0,7830.0,207015.0,1614927770.0,942490178280.0,120369116,KOSPI,tradable_ohlcv
2022-11-17,7830.0,7840.0,7750.0,7760.0,111003.0,864434260.0,934064340160.0,120369116,KOSPI,tradable_ohlcv
2022-11-18,7800.0,7860.0,7780.0,7800.0,180965.0,1414997960.0,938879104800.0,120369116,KOSPI,tradable_ohlcv
2022-11-21,7840.0,7840.0,7770.0,7820.0,116810.0,911871470.0,941286487120.0,120369116,KOSPI,tradable_ohlcv
2022-11-22,7820.0,7880.0,7800.0,7880.0,339517.0,2662198480.0,948508634080.0,120369116,KOSPI,tradable_ohlcv
2022-11-23,7850.0,8180.0,7850.0,8180.0,314961.0,2531917070.0,984619368880.0,120369116,KOSPI,tradable_ohlcv
2022-11-24,8140.0,8250.0,8110.0,8210.0,283540.0,2326494030.0,988230442360.0,120369116,KOSPI,tradable_ohlcv
2022-11-25,8200.0,8250.0,8100.0,8100.0,142797.0,1164715190.0,974989839600.0,120369116,KOSPI,tradable_ohlcv
2022-11-28,8090.0,8160.0,8030.0,8100.0,98030.0,794939270.0,974989839600.0,120369116,KOSPI,tradable_ohlcv
2022-11-29,8200.0,8770.0,8200.0,8330.0,1229116.0,10378068370.0,1002674736280.0,120369116,KOSPI,tradable_ohlcv
2022-11-30,8330.0,8500.0,8260.0,8400.0,538679.0,4507040650.0,1011100574400.0,120369116,KOSPI,tradable_ohlcv
2022-12-01,8480.0,8480.0,8320.0,8380.0,225733.0,1892238450.0,1008693192080.0,120369116,KOSPI,tradable_ohlcv
2022-12-02,8350.0,8460.0,8350.0,8410.0,196731.0,1654428990.0,1012304265560.0,120369116,KOSPI,tradable_ohlcv
2022-12-05,8400.0,8580.0,8380.0,8430.0,166614.0,1413499660.0,1014711647880.0,120369116,KOSPI,tradable_ohlcv
2022-12-06,8420.0,8610.0,8400.0,8500.0,243793.0,2085454790.0,1023137486000.0,120369116,KOSPI,tradable_ohlcv
2022-12-07,8470.0,8560.0,8460.0,8540.0,157966.0,1346449520.0,1027952250640.0,120369116,KOSPI,tradable_ohlcv
2022-12-08,8520.0,8580.0,8470.0,8560.0,142803.0,1218795180.0,1030359632960.0,120369116,KOSPI,tradable_ohlcv
2022-12-09,8530.0,8750.0,8520.0,8750.0,303606.0,2639547300.0,1053229765000.0,120369116,KOSPI,tradable_ohlcv
2022-12-12,7470.0,7470.0,7240.0,7360.0,259275.0,1911631140.0,885916693760.0,120369116,KOSPI,tradable_ohlcv
2022-12-13,7350.0,7410.0,7070.0,7150.0,409261.0,2929449300.0,860639179400.0,120369116,KOSPI,tradable_ohlcv
2022-12-14,7170.0,7190.0,7080.0,7080.0,169019.0,1206166740.0,852213341280.0,120369116,KOSPI,tradable_ohlcv
2022-12-15,7070.0,7100.0,6990.0,7060.0,217926.0,1532961160.0,849805958960.0,120369116,KOSPI,tradable_ohlcv
2022-12-16,6980.0,7130.0,6980.0,7100.0,346902.0,2461241920.0,854620723600.0,120369116,KOSPI,tradable_ohlcv
2022-12-19,7110.0,7180.0,7070.0,7080.0,186192.0,1324271320.0,852213341280.0,120369116,KOSPI,tradable_ohlcv
2022-12-20,7080.0,7150.0,7040.0,7130.0,284841.0,2025944920.0,858231797080.0,120369116,KOSPI,tradable_ohlcv
2022-12-21,7130.0,7400.0,7110.0,7380.0,247170.0,1797716230.0,888324076080.0,120369116,KOSPI,tradable_ohlcv
2022-12-22,7380.0,7400.0,7300.0,7330.0,122860.0,902703960.0,882305620280.0,120369116,KOSPI,tradable_ohlcv
2022-12-23,7370.0,7410.0,7300.0,7380.0,98777.0,727927560.0,888324076080.0,120369116,KOSPI,tradable_ohlcv
2022-12-26,7310.0,7430.0,7300.0,7400.0,108967.0,802973420.0,890731458400.0,120369116,KOSPI,tradable_ohlcv
2022-12-27,7370.0,7490.0,7300.0,7450.0,249114.0,1850655230.0,896749914200.0,120369116,KOSPI,tradable_ohlcv
2022-12-28,7070.0,7150.0,6920.0,6990.0,463391.0,3243226450.0,984352343610.0,140822939,KOSPI,tradable_ohlcv
2022-12-29,6980.0,6980.0,6790.0,6810.0,232908.0,1593592770.0,959004214590.0,140822939,KOSPI,tradable_ohlcv
