d,o,h,l,c,v,a,mc,s,m,rs
2021-01-04,4585.0,4605.0,4500.0,4580.0,196840.0,896105455.0,95272679100.0,20801895,KOSDAQ,tradable_ohlcv
2021-01-05,4600.0,4845.0,4550.0,4835.0,560582.0,2664267205.0,100577162325.0,20801895,KOSDAQ,tradable_ohlcv
2021-01-06,4960.0,5040.0,4500.0,4690.0,812486.0,3934848660.0,97560887550.0,20801895,KOSDAQ,tradable_ohlcv
2021-01-07,5080.0,6090.0,4900.0,5660.0,16007267.0,91205519045.0,117738725700.0,20801895,KOSDAQ,tradable_ohlcv
2021-01-08,5690.0,5940.0,5580.0,5850.0,2671559.0,15367023750.0,121691085750.0,20801895,KOSDAQ,tradable_ohlcv
2021-01-11,5870.0,6650.0,5500.0,6330.0,5820173.0,35600567530.0,131675995350.0,20801895,KOSDAQ,tradable_ohlcv
2021-01-12,6320.0,6320.0,5850.0,5940.0,1565089.0,9475184540.0,123563256300.0,20801895,KOSDAQ,tradable_ohlcv
2021-01-13,5950.0,6130.0,5860.0,5990.0,665266.0,3976812910.0,124673404100.0,20813590,KOSDAQ,tradable_ohlcv
2021-01-14,6080.0,6680.0,6080.0,6270.0,4163788.0,26597055020.0,130501209300.0,20813590,KOSDAQ,tradable_ohlcv
2021-01-15,6270.0,6270.0,5900.0,5970.0,962588.0,5802860010.0,124257132300.0,20813590,KOSDAQ,tradable_ohlcv
2021-01-18,5920.0,5920.0,5580.0,5600.0,937698.0,5395691450.0,116556104000.0,20813590,KOSDAQ,tradable_ohlcv
2021-01-19,5740.0,6130.0,5610.0,5990.0,1010538.0,5936746980.0,124673404100.0,20813590,KOSDAQ,tradable_ohlcv
2021-01-20,6120.0,6160.0,5900.0,6000.0,706599.0,4258545140.0,124881540000.0,20813590,KOSDAQ,tradable_ohlcv
2021-01-21,6090.0,6090.0,5840.0,5930.0,531864.0,3150248870.0,123424588700.0,20813590,KOSDAQ,tradable_ohlcv
2021-01-22,6190.0,6730.0,6100.0,6200.0,3900046.0,25164140350.0,129044258000.0,20813590,KOSDAQ,tradable_ohlcv
2021-01-25,6250.0,6420.0,6100.0,6240.0,738226.0,4617062660.0,129876801600.0,20813590,KOSDAQ,tradable_ohlcv
2021-01-26,6370.0,7000.0,6210.0,6770.0,5371651.0,36092120270.0,140908004300.0,20813590,KOSDAQ,tradable_ohlcv
2021-01-27,6640.0,6940.0,6440.0,6520.0,2270589.0,15261486470.0,135704606800.0,20813590,KOSDAQ,tradable_ohlcv
2021-01-28,6290.0,6370.0,6040.0,6080.0,1093648.0,6762957570.0,126546627200.0,20813590,KOSDAQ,tradable_ohlcv
2021-01-29,6120.0,6360.0,5520.0,5700.0,909370.0,5349781670.0,118637463000.0,20813590,KOSDAQ,tradable_ohlcv
2021-02-01,5640.0,6070.0,5410.0,5830.0,812192.0,4606960410.0,121343229700.0,20813590,KOSDAQ,tradable_ohlcv
2021-02-02,6010.0,6850.0,5840.0,6230.0,2546277.0,16164257420.0,129668665700.0,20813590,KOSDAQ,tradable_ohlcv
2021-02-03,6220.0,6470.0,6170.0,6260.0,756418.0,4756048300.0,132121074780.0,21105603,KOSDAQ,tradable_ohlcv
2021-02-04,6270.0,6310.0,5950.0,6000.0,508135.0,3069264220.0,126633618000.0,21105603,KOSDAQ,tradable_ohlcv
2021-02-05,6020.0,6100.0,5800.0,5860.0,388416.0,2292613620.0,123678833580.0,21105603,KOSDAQ,tradable_ohlcv
2021-02-08,6030.0,6030.0,5570.0,5610.0,490174.0,2774918920.0,118402432830.0,21105603,KOSDAQ,tradable_ohlcv
2021-02-09,5610.0,5750.0,5500.0,5680.0,298767.0,1687684490.0,119879825040.0,21105603,KOSDAQ,tradable_ohlcv
2021-02-10,5680.0,5720.0,5450.0,5610.0,244064.0,1355657790.0,118661850450.0,21151845,KOSDAQ,tradable_ohlcv
2021-02-15,5720.0,5900.0,5500.0,5840.0,413192.0,2381212690.0,123526774800.0,21151845,KOSDAQ,tradable_ohlcv
2021-02-16,5790.0,5900.0,5710.0,5730.0,351023.0,2032538900.0,121200071850.0,21151845,KOSDAQ,tradable_ohlcv
2021-02-17,5740.0,5750.0,5540.0,5610.0,354139.0,1983511640.0,118661850450.0,21151845,KOSDAQ,tradable_ohlcv
2021-02-18,5640.0,5660.0,5440.0,5470.0,361037.0,1994000590.0,115700592150.0,21151845,KOSDAQ,tradable_ohlcv
2021-02-19,5470.0,5580.0,5260.0,5450.0,354967.0,1914410370.0,115277555250.0,21151845,KOSDAQ,tradable_ohlcv
2021-02-22,5600.0,5900.0,5410.0,5790.0,1150991.0,6587156970.0,123006535080.0,21244652,KOSDAQ,tradable_ohlcv
2021-02-23,5800.0,5800.0,5470.0,5500.0,396342.0,2205607810.0,116845586000.0,21244652,KOSDAQ,tradable_ohlcv
2021-02-24,5500.0,5530.0,5140.0,5170.0,399354.0,2128931740.0,109834850840.0,21244652,KOSDAQ,tradable_ohlcv
2021-02-25,5250.0,6350.0,5170.0,5600.0,3183573.0,18301571660.0,118970051200.0,21244652,KOSDAQ,tradable_ohlcv
2021-02-26,5460.0,5480.0,5210.0,5330.0,443353.0,2353980390.0,113233995160.0,21244652,KOSDAQ,tradable_ohlcv
2021-03-02,5350.0,5450.0,5210.0,5240.0,278373.0,1473691750.0,111321976480.0,21244652,KOSDAQ,tradable_ohlcv
2021-03-03,5150.0,5390.0,5120.0,5250.0,302954.0,1582252760.0,111534423000.0,21244652,KOSDAQ,tradable_ohlcv
2021-03-04,5240.0,5240.0,5090.0,5140.0,160850.0,827692030.0,109197511280.0,21244652,KOSDAQ,tradable_ohlcv
2021-03-05,5080.0,5120.0,4920.0,5060.0,233928.0,1169825990.0,107497939120.0,21244652,KOSDAQ,tradable_ohlcv
2021-03-08,5110.0,5110.0,4880.0,4920.0,232046.0,1148147980.0,104523687840.0,21244652,KOSDAQ,tradable_ohlcv
2021-03-09,4870.0,4915.0,4620.0,4775.0,320323.0,1511902930.0,101443213300.0,21244652,KOSDAQ,tradable_ohlcv
2021-03-10,4890.0,5040.0,4700.0,4700.0,216093.0,1051922965.0,101881984600.0,21677018,KOSDAQ,tradable_ohlcv
2021-03-11,4700.0,5160.0,4700.0,4815.0,638587.0,3116330660.0,104374841670.0,21677018,KOSDAQ,tradable_ohlcv
2021-03-12,4860.0,4915.0,4750.0,4820.0,220713.0,1070783810.0,104483226760.0,21677018,KOSDAQ,tradable_ohlcv
2021-03-15,4820.0,4820.0,4675.0,4720.0,248694.0,1176781215.0,102315524960.0,21677018,KOSDAQ,tradable_ohlcv
2021-03-16,4735.0,4800.0,4655.0,4765.0,201502.0,952578615.0,103290990770.0,21677018,KOSDAQ,tradable_ohlcv
2021-03-17,4780.0,4780.0,4670.0,4710.0,155669.0,731647470.0,102098754780.0,21677018,KOSDAQ,tradable_ohlcv
2021-03-18,4710.0,4830.0,4690.0,4715.0,194422.0,920938790.0,102207139870.0,21677018,KOSDAQ,tradable_ohlcv
2021-03-19,4670.0,4705.0,4600.0,4680.0,266820.0,1242569390.0,101448444240.0,21677018,KOSDAQ,tradable_ohlcv
2021-03-22,4685.0,4750.0,4660.0,4710.0,145228.0,683004440.0,102098754780.0,21677018,KOSDAQ,tradable_ohlcv
2021-03-23,4710.0,4790.0,4590.0,4595.0,197021.0,917098470.0,99605897710.0,21677018,KOSDAQ,tradable_ohlcv
2021-03-24,4580.0,4655.0,4495.0,4530.0,125323.0,570896310.0,98196891540.0,21677018,KOSDAQ,tradable_ohlcv
2021-03-25,4510.0,4650.0,4510.0,4580.0,68435.0,312635415.0,99280742440.0,21677018,KOSDAQ,tradable_ohlcv
2021-03-26,4585.0,4590.0,4490.0,4520.0,157606.0,711892740.0,97980121360.0,21677018,KOSDAQ,tradable_ohlcv
2021-03-29,4510.0,4525.0,4430.0,4430.0,208613.0,931889965.0,96029189740.0,21677018,KOSDAQ,tradable_ohlcv
2021-03-30,4455.0,4520.0,4410.0,4485.0,121100.0,540394445.0,97221425730.0,21677018,KOSDAQ,tradable_ohlcv
2021-03-31,4485.0,4495.0,4340.0,4375.0,222038.0,974724630.0,94836953750.0,21677018,KOSDAQ,tradable_ohlcv
2021-04-01,4375.0,4430.0,4350.0,4410.0,133109.0,584871320.0,95595649380.0,21677018,KOSDAQ,tradable_ohlcv
2021-04-02,4520.0,4580.0,4415.0,4555.0,148191.0,670056115.0,98738816990.0,21677018,KOSDAQ,tradable_ohlcv
2021-04-05,4600.0,4600.0,4505.0,4585.0,103250.0,469094180.0,99389127530.0,21677018,KOSDAQ,tradable_ohlcv
2021-04-06,4600.0,4600.0,4470.0,4495.0,127337.0,573239465.0,97438195910.0,21677018,KOSDAQ,tradable_ohlcv
2021-04-07,4460.0,4560.0,4460.0,4525.0,103124.0,465621800.0,98088506450.0,21677018,KOSDAQ,tradable_ohlcv
2021-04-08,4565.0,4565.0,4430.0,4475.0,83490.0,372831065.0,97004655550.0,21677018,KOSDAQ,tradable_ohlcv
2021-04-09,4475.0,4620.0,4470.0,4540.0,154031.0,702289330.0,98413661720.0,21677018,KOSDAQ,tradable_ohlcv
2021-04-12,4565.0,4670.0,4480.0,4650.0,129199.0,588458825.0,100798133700.0,21677018,KOSDAQ,tradable_ohlcv
2021-04-13,4670.0,4745.0,4610.0,4645.0,219139.0,1024132535.0,100689748610.0,21677018,KOSDAQ,tradable_ohlcv
2021-04-14,4730.0,4730.0,4600.0,4660.0,125627.0,583379520.0,101014903880.0,21677018,KOSDAQ,tradable_ohlcv
2021-04-15,4660.0,4755.0,4630.0,4680.0,192470.0,903612705.0,101448444240.0,21677018,KOSDAQ,tradable_ohlcv
2021-04-16,4755.0,4755.0,4655.0,4675.0,130616.0,612074745.0,101340059150.0,21677018,KOSDAQ,tradable_ohlcv
2021-04-19,4675.0,4900.0,4610.0,4865.0,542967.0,2618163325.0,105458692570.0,21677018,KOSDAQ,tradable_ohlcv
2021-04-20,4900.0,4905.0,4790.0,4805.0,211321.0,1021565580.0,104158071490.0,21677018,KOSDAQ,tradable_ohlcv
2021-04-21,4810.0,4850.0,4650.0,4725.0,170982.0,809393280.0,102423910050.0,21677018,KOSDAQ,tradable_ohlcv
2021-04-22,4745.0,4745.0,4660.0,4675.0,138229.0,649150265.0,101340059150.0,21677018,KOSDAQ,tradable_ohlcv
2021-04-23,4635.0,4795.0,4620.0,4690.0,124182.0,582389485.0,101665214420.0,21677018,KOSDAQ,tradable_ohlcv
2021-04-26,4775.0,4775.0,4695.0,4710.0,104129.0,491262920.0,102098754780.0,21677018,KOSDAQ,tradable_ohlcv
2021-04-27,4715.0,4740.0,4655.0,4675.0,130279.0,611819555.0,101340059150.0,21677018,KOSDAQ,tradable_ohlcv
2021-04-28,4675.0,4675.0,4515.0,4520.0,194634.0,886306990.0,97980121360.0,21677018,KOSDAQ,tradable_ohlcv
2021-04-29,4500.0,4595.0,4455.0,4490.0,107543.0,485352795.0,97329810820.0,21677018,KOSDAQ,tradable_ohlcv
2021-04-30,4495.0,4575.0,4470.0,4495.0,87203.0,391391795.0,97438195910.0,21677018,KOSDAQ,tradable_ohlcv
2021-05-03,4500.0,4945.0,4480.0,4605.0,551572.0,2594767285.0,99822667890.0,21677018,KOSDAQ,tradable_ohlcv
2021-05-04,4640.0,4665.0,4520.0,4640.0,154964.0,710610515.0,100581363520.0,21677018,KOSDAQ,tradable_ohlcv
2021-05-06,4655.0,4805.0,4630.0,4710.0,159432.0,755602740.0,102098754780.0,21677018,KOSDAQ,tradable_ohlcv
2021-05-07,4740.0,4775.0,4660.0,4720.0,113042.0,534866965.0,102315524960.0,21677018,KOSDAQ,tradable_ohlcv
2021-05-10,4720.0,4815.0,4700.0,4810.0,136645.0,651495460.0,104266456580.0,21677018,KOSDAQ,tradable_ohlcv
2021-05-11,4810.0,4820.0,4665.0,4725.0,133228.0,626940910.0,102423910050.0,21677018,KOSDAQ,tradable_ohlcv
2021-05-12,4725.0,4805.0,4630.0,4725.0,159843.0,753073255.0,102423910050.0,21677018,KOSDAQ,tradable_ohlcv
2021-05-13,4695.0,4760.0,4605.0,4660.0,128857.0,602349510.0,101014903880.0,21677018,KOSDAQ,tradable_ohlcv
2021-05-14,4780.0,4960.0,4710.0,4880.0,533659.0,2596140265.0,105783847840.0,21677018,KOSDAQ,tradable_ohlcv
2021-05-17,4910.0,4910.0,4535.0,4600.0,380894.0,1777393310.0,99714282800.0,21677018,KOSDAQ,tradable_ohlcv
2021-05-18,4600.0,4665.0,4550.0,4605.0,88396.0,406695480.0,99822667890.0,21677018,KOSDAQ,tradable_ohlcv
2021-05-20,4610.0,4610.0,4530.0,4550.0,108811.0,496072000.0,98630431900.0,21677018,KOSDAQ,tradable_ohlcv
2021-05-21,4565.0,4630.0,4520.0,4540.0,96526.0,440304785.0,98413661720.0,21677018,KOSDAQ,tradable_ohlcv
2021-05-24,4540.0,4540.0,4400.0,4400.0,107313.0,477320070.0,95378879200.0,21677018,KOSDAQ,tradable_ohlcv
2021-05-25,4405.0,4450.0,4400.0,4425.0,109789.0,485162370.0,95920804650.0,21677018,KOSDAQ,tradable_ohlcv
2021-05-26,4430.0,4440.0,4355.0,4395.0,183665.0,804678105.0,95270494110.0,21677018,KOSDAQ,tradable_ohlcv
2021-05-27,4400.0,4410.0,4300.0,4315.0,182681.0,790743785.0,93536332670.0,21677018,KOSDAQ,tradable_ohlcv
2021-05-28,4330.0,4395.0,4280.0,4315.0,93487.0,403601870.0,93536332670.0,21677018,KOSDAQ,tradable_ohlcv
2021-05-31,4320.0,4380.0,4285.0,4360.0,144508.0,624767055.0,94511798480.0,21677018,KOSDAQ,tradable_ohlcv
2021-06-01,4370.0,4445.0,4350.0,4425.0,168516.0,740395635.0,95920804650.0,21677018,KOSDAQ,tradable_ohlcv
2021-06-02,4430.0,4450.0,4370.0,4410.0,114277.0,503286590.0,95595649380.0,21677018,KOSDAQ,tradable_ohlcv
2021-06-03,4215.0,4300.0,3500.0,4110.0,3046859.0,11629825155.0,89092543980.0,21677018,KOSDAQ,tradable_ohlcv
2021-06-04,4115.0,4145.0,3955.0,3980.0,329370.0,1317842520.0,86274531640.0,21677018,KOSDAQ,tradable_ohlcv
2021-06-07,3975.0,3975.0,3700.0,3835.0,494561.0,1884626860.0,83131364030.0,21677018,KOSDAQ,tradable_ohlcv
2021-06-08,3835.0,3905.0,3815.0,3855.0,162264.0,626598425.0,83564904390.0,21677018,KOSDAQ,tradable_ohlcv
2021-06-09,3855.0,3870.0,3745.0,3830.0,183501.0,697502700.0,83022978940.0,21677018,KOSDAQ,tradable_ohlcv
2021-06-10,3815.0,3840.0,3765.0,3820.0,117886.0,448542530.0,82806208760.0,21677018,KOSDAQ,tradable_ohlcv
2021-06-11,3840.0,4010.0,3830.0,3965.0,228305.0,895321915.0,85949376370.0,21677018,KOSDAQ,tradable_ohlcv
2021-06-14,4050.0,4050.0,3900.0,3920.0,129478.0,509911990.0,84973910560.0,21677018,KOSDAQ,tradable_ohlcv
2021-06-15,3930.0,3985.0,3885.0,3980.0,121398.0,477676050.0,86274531640.0,21677018,KOSDAQ,tradable_ohlcv
2021-06-16,3980.0,3995.0,3940.0,3985.0,96831.0,385017285.0,86382916730.0,21677018,KOSDAQ,tradable_ohlcv
2021-06-17,3985.0,4040.0,3970.0,3995.0,178981.0,716271650.0,86599686910.0,21677018,KOSDAQ,tradable_ohlcv
2021-06-18,4005.0,4040.0,3960.0,3995.0,121204.0,483366835.0,86599686910.0,21677018,KOSDAQ,tradable_ohlcv
2021-06-21,3965.0,3995.0,3920.0,3935.0,92159.0,363109435.0,85299065830.0,21677018,KOSDAQ,tradable_ohlcv
2021-06-22,3930.0,3985.0,3910.0,3945.0,66336.0,261319750.0,85515836010.0,21677018,KOSDAQ,tradable_ohlcv
2021-06-23,3910.0,3960.0,3895.0,3910.0,104757.0,409863200.0,84757140380.0,21677018,KOSDAQ,tradable_ohlcv
2021-06-24,3910.0,4025.0,3860.0,3875.0,123209.0,481249320.0,83998444750.0,21677018,KOSDAQ,tradable_ohlcv
2021-06-25,3915.0,3965.0,3865.0,3890.0,107594.0,421538600.0,84323600020.0,21677018,KOSDAQ,tradable_ohlcv
2021-06-28,3930.0,4025.0,3900.0,4015.0,185108.0,737924425.0,87033227270.0,21677018,KOSDAQ,tradable_ohlcv
2021-06-29,4095.0,4110.0,4005.0,4040.0,161870.0,653895560.0,87575152720.0,21677018,KOSDAQ,tradable_ohlcv
2021-06-30,4045.0,4060.0,3980.0,4040.0,66322.0,266196520.0,87575152720.0,21677018,KOSDAQ,tradable_ohlcv
2021-07-01,4050.0,4060.0,3975.0,4000.0,69648.0,278580545.0,86708072000.0,21677018,KOSDAQ,tradable_ohlcv
2021-07-02,4005.0,4060.0,3985.0,4000.0,101265.0,404770075.0,86708072000.0,21677018,KOSDAQ,tradable_ohlcv
2021-07-05,3995.0,4095.0,3975.0,4050.0,170290.0,689857760.0,87791922900.0,21677018,KOSDAQ,tradable_ohlcv
2021-07-06,4050.0,4060.0,3970.0,4005.0,109184.0,437076525.0,86816457090.0,21677018,KOSDAQ,tradable_ohlcv
2021-07-07,4005.0,5200.0,3970.0,4495.0,14763190.0,72230797450.0,97438195910.0,21677018,KOSDAQ,tradable_ohlcv
2021-07-08,4435.0,4475.0,4260.0,4415.0,1502929.0,6593309645.0,95704034470.0,21677018,KOSDAQ,tradable_ohlcv
2021-07-09,4365.0,4365.0,4145.0,4170.0,799092.0,3363068845.0,90393165060.0,21677018,KOSDAQ,tradable_ohlcv
2021-07-12,4170.0,4290.0,4110.0,4240.0,377535.0,1594188105.0,91910556320.0,21677018,KOSDAQ,tradable_ohlcv
2021-07-13,4245.0,4390.0,4240.0,4365.0,378951.0,1634351595.0,94620183570.0,21677018,KOSDAQ,tradable_ohlcv
2021-07-14,4375.0,4375.0,4245.0,4275.0,239719.0,1026944165.0,92669251950.0,21677018,KOSDAQ,tradable_ohlcv
2021-07-15,4320.0,4320.0,4215.0,4225.0,173135.0,734016405.0,91585401050.0,21677018,KOSDAQ,tradable_ohlcv
2021-07-16,4275.0,4275.0,4155.0,4220.0,160626.0,673393165.0,91477015960.0,21677018,KOSDAQ,tradable_ohlcv
2021-07-19,4220.0,4260.0,4160.0,4255.0,127162.0,534468105.0,92235711590.0,21677018,KOSDAQ,tradable_ohlcv
2021-07-20,4120.0,4290.0,4115.0,4200.0,180888.0,762364030.0,91043475600.0,21677018,KOSDAQ,tradable_ohlcv
2021-07-21,4245.0,4245.0,4150.0,4155.0,135911.0,567451610.0,90068009790.0,21677018,KOSDAQ,tradable_ohlcv
2021-07-22,4155.0,4240.0,4135.0,4190.0,95825.0,401874225.0,90826705420.0,21677018,KOSDAQ,tradable_ohlcv
2021-07-23,4190.0,4330.0,4170.0,4285.0,222384.0,948026865.0,92886022130.0,21677018,KOSDAQ,tradable_ohlcv
2021-07-26,4335.0,4335.0,4125.0,4130.0,249711.0,1053722260.0,89526084340.0,21677018,KOSDAQ,tradable_ohlcv
2021-07-27,4145.0,4230.0,4120.0,4160.0,85355.0,355266545.0,90176394880.0,21677018,KOSDAQ,tradable_ohlcv
2021-07-28,4200.0,4200.0,4075.0,4125.0,130343.0,539336490.0,89417699250.0,21677018,KOSDAQ,tradable_ohlcv
2021-07-29,4130.0,4205.0,4005.0,4135.0,120322.0,494802265.0,89634469430.0,21677018,KOSDAQ,tradable_ohlcv
2021-07-30,4140.0,4185.0,4055.0,4085.0,94921.0,387893005.0,88550618530.0,21677018,KOSDAQ,tradable_ohlcv
2021-08-02,4050.0,4135.0,4035.0,4135.0,86579.0,353201530.0,89634469430.0,21677018,KOSDAQ,tradable_ohlcv
2021-08-03,4135.0,4265.0,4110.0,4185.0,155148.0,651180790.0,90718320330.0,21677018,KOSDAQ,tradable_ohlcv
2021-08-04,4235.0,4235.0,4165.0,4205.0,59460.0,249335280.0,91151860690.0,21677018,KOSDAQ,tradable_ohlcv
2021-08-05,4205.0,4270.0,4175.0,4265.0,107117.0,453295455.0,92452481770.0,21677018,KOSDAQ,tradable_ohlcv
2021-08-06,4300.0,4315.0,4185.0,4235.0,106332.0,448218825.0,91802171230.0,21677018,KOSDAQ,tradable_ohlcv
2021-08-09,4295.0,4320.0,4190.0,4295.0,162115.0,692920460.0,93102792310.0,21677018,KOSDAQ,tradable_ohlcv
2021-08-10,4300.0,4300.0,4175.0,4190.0,105324.0,443041950.0,90826705420.0,21677018,KOSDAQ,tradable_ohlcv
2021-08-11,4210.0,4490.0,4100.0,4100.0,577574.0,2458342075.0,88875773800.0,21677018,KOSDAQ,tradable_ohlcv
2021-08-12,4090.0,4150.0,4060.0,4085.0,137806.0,563617745.0,88550618530.0,21677018,KOSDAQ,tradable_ohlcv
2021-08-13,4135.0,4135.0,3900.0,4005.0,246762.0,984759755.0,87325348410.0,21804082,KOSDAQ,tradable_ohlcv
2021-08-17,4080.0,4080.0,3880.0,3910.0,151480.0,594305895.0,85253960620.0,21804082,KOSDAQ,tradable_ohlcv
2021-08-18,3875.0,4035.0,3820.0,3985.0,102989.0,407774800.0,86889266770.0,21804082,KOSDAQ,tradable_ohlcv
2021-08-19,3985.0,3985.0,3885.0,3895.0,95602.0,374615850.0,84926899390.0,21804082,KOSDAQ,tradable_ohlcv
2021-08-20,3870.0,3985.0,3710.0,3720.0,146077.0,555365960.0,81111185040.0,21804082,KOSDAQ,tradable_ohlcv
2021-08-23,3755.0,3820.0,3695.0,3740.0,78746.0,295704880.0,81547266680.0,21804082,KOSDAQ,tradable_ohlcv
2021-08-24,3805.0,3930.0,3750.0,3915.0,111565.0,430159865.0,85362981030.0,21804082,KOSDAQ,tradable_ohlcv
2021-08-25,3980.0,4330.0,3935.0,4170.0,917672.0,3830442440.0,90923021940.0,21804082,KOSDAQ,tradable_ohlcv
2021-08-26,4180.0,4220.0,4120.0,4185.0,168057.0,699848835.0,91250083170.0,21804082,KOSDAQ,tradable_ohlcv
2021-08-27,4160.0,4250.0,4095.0,4190.0,190189.0,793989845.0,91359103580.0,21804082,KOSDAQ,tradable_ohlcv
2021-08-30,4185.0,4280.0,4150.0,4160.0,116077.0,486827035.0,90704981120.0,21804082,KOSDAQ,tradable_ohlcv
2021-08-31,4160.0,4270.0,4140.0,4270.0,160161.0,674593015.0,93103430140.0,21804082,KOSDAQ,tradable_ohlcv
2021-09-01,4270.0,4285.0,4170.0,4245.0,68715.0,289222885.0,92558328090.0,21804082,KOSDAQ,tradable_ohlcv
2021-09-02,4260.0,4320.0,4180.0,4255.0,207615.0,883100950.0,92776368910.0,21804082,KOSDAQ,tradable_ohlcv
2021-09-03,4350.0,4350.0,4240.0,4270.0,124365.0,531462115.0,93103430140.0,21804082,KOSDAQ,tradable_ohlcv
2021-09-06,4250.0,4305.0,4155.0,4220.0,107185.0,454307015.0,92013226040.0,21804082,KOSDAQ,tradable_ohlcv
2021-09-07,4220.0,4255.0,4150.0,4180.0,96319.0,402398795.0,91141062760.0,21804082,KOSDAQ,tradable_ohlcv
2021-09-08,4180.0,4200.0,4060.0,4060.0,84384.0,346146100.0,88524572920.0,21804082,KOSDAQ,tradable_ohlcv
2021-09-09,4065.0,4150.0,3960.0,4080.0,147897.0,596702205.0,88960654560.0,21804082,KOSDAQ,tradable_ohlcv
2021-09-10,4080.0,4080.0,3965.0,3990.0,69346.0,277595565.0,86998287180.0,21804082,KOSDAQ,tradable_ohlcv
2021-09-13,3975.0,4010.0,3865.0,3890.0,113601.0,444817695.0,84817878980.0,21804082,KOSDAQ,tradable_ohlcv
2021-09-14,3890.0,4100.0,3890.0,3950.0,64800.0,255305865.0,86126123900.0,21804082,KOSDAQ,tradable_ohlcv
2021-09-15,4050.0,4050.0,3890.0,3890.0,110313.0,435069925.0,84817878980.0,21804082,KOSDAQ,tradable_ohlcv
2021-09-16,3930.0,3930.0,3850.0,3865.0,61457.0,237989675.0,84272776930.0,21804082,KOSDAQ,tradable_ohlcv
2021-09-17,3865.0,3900.0,3785.0,3865.0,56022.0,214493255.0,84272776930.0,21804082,KOSDAQ,tradable_ohlcv
2021-09-23,3855.0,3970.0,3760.0,3970.0,128288.0,493107910.0,86562205540.0,21804082,KOSDAQ,tradable_ohlcv
2021-09-24,3970.0,4015.0,3875.0,3885.0,79775.0,314269820.0,84708858570.0,21804082,KOSDAQ,tradable_ohlcv
2021-09-27,3930.0,3930.0,3840.0,3850.0,36869.0,142703320.0,83945715700.0,21804082,KOSDAQ,tradable_ohlcv
2021-09-28,3855.0,3870.0,3715.0,3720.0,114876.0,431166835.0,81111185040.0,21804082,KOSDAQ,tradable_ohlcv
2021-09-29,3700.0,3700.0,3500.0,3665.0,107940.0,391601465.0,79911960530.0,21804082,KOSDAQ,tradable_ohlcv
2021-09-30,3660.0,3845.0,3660.0,3790.0,76326.0,288736345.0,82637470780.0,21804082,KOSDAQ,tradable_ohlcv
2021-10-01,3725.0,3795.0,3640.0,3670.0,78254.0,288232485.0,80020980940.0,21804082,KOSDAQ,tradable_ohlcv
2021-10-05,3715.0,3975.0,3510.0,3720.0,334969.0,1263362470.0,81111185040.0,21804082,KOSDAQ,tradable_ohlcv
2021-10-06,3640.0,3950.0,3545.0,3600.0,302302.0,1109077220.0,78494695200.0,21804082,KOSDAQ,tradable_ohlcv
2021-10-07,3650.0,3695.0,3590.0,3645.0,64883.0,235640700.0,79475878890.0,21804082,KOSDAQ,tradable_ohlcv
2021-10-08,3680.0,3680.0,3560.0,3600.0,64897.0,233622535.0,78494695200.0,21804082,KOSDAQ,tradable_ohlcv
2021-10-12,3575.0,3600.0,3500.0,3520.0,67329.0,237085740.0,76750368640.0,21804082,KOSDAQ,tradable_ohlcv
2021-10-13,3485.0,3580.0,3485.0,3520.0,51395.0,181117285.0,76750368640.0,21804082,KOSDAQ,tradable_ohlcv
2021-10-14,3540.0,3610.0,3530.0,3590.0,50456.0,180519045.0,78276654380.0,21804082,KOSDAQ,tradable_ohlcv
2021-10-15,3635.0,3660.0,3570.0,3585.0,47168.0,170087155.0,78167633970.0,21804082,KOSDAQ,tradable_ohlcv
2021-10-18,3595.0,3615.0,3545.0,3615.0,42094.0,150843030.0,78821756430.0,21804082,KOSDAQ,tradable_ohlcv
2021-10-19,3625.0,3640.0,3580.0,3580.0,48013.0,172804205.0,78058613560.0,21804082,KOSDAQ,tradable_ohlcv
2021-10-20,3580.0,3615.0,3565.0,3565.0,33498.0,120020365.0,77731552330.0,21804082,KOSDAQ,tradable_ohlcv
2021-10-21,3550.0,3600.0,3550.0,3565.0,27569.0,98194875.0,77731552330.0,21804082,KOSDAQ,tradable_ohlcv
2021-10-22,3565.0,3640.0,3550.0,3615.0,45555.0,163961830.0,78821756430.0,21804082,KOSDAQ,tradable_ohlcv
2021-10-25,3650.0,3650.0,3555.0,3580.0,52564.0,188465705.0,78058613560.0,21804082,KOSDAQ,tradable_ohlcv
2021-10-26,3620.0,3850.0,3595.0,3715.0,143896.0,531589530.0,81002164630.0,21804082,KOSDAQ,tradable_ohlcv
2021-10-27,3720.0,3760.0,3505.0,3520.0,215965.0,770912745.0,76750368640.0,21804082,KOSDAQ,tradable_ohlcv
2021-10-28,3530.0,3600.0,3500.0,3575.0,150391.0,530509525.0,77949593150.0,21804082,KOSDAQ,tradable_ohlcv
2021-10-29,3560.0,3600.0,3505.0,3515.0,54456.0,192322315.0,76641348230.0,21804082,KOSDAQ,tradable_ohlcv
2021-11-01,3550.0,3550.0,3470.0,3495.0,73836.0,258157205.0,76205266590.0,21804082,KOSDAQ,tradable_ohlcv
2021-11-02,3520.0,3540.0,3480.0,3505.0,53794.0,188839370.0,76423307410.0,21804082,KOSDAQ,tradable_ohlcv
2021-11-03,3505.0,3565.0,3505.0,3555.0,48228.0,170727960.0,77513511510.0,21804082,KOSDAQ,tradable_ohlcv
2021-11-04,3660.0,3660.0,3500.0,3500.0,83944.0,296608040.0,76314287000.0,21804082,KOSDAQ,tradable_ohlcv
2021-11-05,3505.0,3550.0,3425.0,3425.0,79691.0,276355275.0,74678980850.0,21804082,KOSDAQ,tradable_ohlcv
2021-11-08,3400.0,3610.0,3300.0,3455.0,101349.0,345322955.0,75333103310.0,21804082,KOSDAQ,tradable_ohlcv
2021-11-09,3410.0,3495.0,3400.0,3415.0,40749.0,139841310.0,74460940030.0,21804082,KOSDAQ,tradable_ohlcv
2021-11-10,3435.0,3435.0,3275.0,3285.0,67850.0,225910665.0,71626409370.0,21804082,KOSDAQ,tradable_ohlcv
2021-11-11,3300.0,3350.0,3225.0,3270.0,42160.0,138688745.0,71299348140.0,21804082,KOSDAQ,tradable_ohlcv
2021-11-12,3270.0,3355.0,3235.0,3315.0,27705.0,91978945.0,72280531830.0,21804082,KOSDAQ,tradable_ohlcv
2021-11-15,3315.0,3360.0,3260.0,3305.0,38778.0,129065110.0,72062491010.0,21804082,KOSDAQ,tradable_ohlcv
2021-11-16,3305.0,3385.0,3305.0,3325.0,42329.0,141713815.0,72498572650.0,21804082,KOSDAQ,tradable_ohlcv
2021-11-17,3355.0,3355.0,3245.0,3260.0,51902.0,170483450.0,71081307320.0,21804082,KOSDAQ,tradable_ohlcv
2021-11-18,3260.0,3260.0,3020.0,3040.0,204528.0,637463080.0,66284409280.0,21804082,KOSDAQ,tradable_ohlcv
2021-11-19,3050.0,3160.0,3010.0,3130.0,88382.0,273024880.0,68246776660.0,21804082,KOSDAQ,tradable_ohlcv
2021-11-22,3125.0,3405.0,3120.0,3315.0,218251.0,724372765.0,72280531830.0,21804082,KOSDAQ,tradable_ohlcv
2021-11-23,3315.0,3315.0,3160.0,3160.0,68280.0,220390280.0,68900899120.0,21804082,KOSDAQ,tradable_ohlcv
2021-11-24,3130.0,3185.0,3100.0,3180.0,54638.0,171778500.0,69336980760.0,21804082,KOSDAQ,tradable_ohlcv
2021-11-25,3140.0,3185.0,3080.0,3130.0,55208.0,172284890.0,68246776660.0,21804082,KOSDAQ,tradable_ohlcv
2021-11-26,3130.0,3135.0,2970.0,2970.0,160585.0,483807365.0,64758123540.0,21804082,KOSDAQ,tradable_ohlcv
2021-11-29,2955.0,2955.0,2855.0,2910.0,96461.0,278666830.0,63449878620.0,21804082,KOSDAQ,tradable_ohlcv
2021-11-30,2910.0,2955.0,2730.0,2750.0,139126.0,390188425.0,59961225500.0,21804082,KOSDAQ,tradable_ohlcv
2021-12-01,2760.0,2800.0,2660.0,2780.0,161139.0,440577865.0,60615347960.0,21804082,KOSDAQ,tradable_ohlcv
2021-12-02,2760.0,2860.0,2720.0,2820.0,52126.0,146332460.0,61487511240.0,21804082,KOSDAQ,tradable_ohlcv
2021-12-03,2850.0,2960.0,2820.0,2900.0,104392.0,309150355.0,63231837800.0,21804082,KOSDAQ,tradable_ohlcv
2021-12-06,3765.0,3770.0,3205.0,3225.0,4717497.0,16594080155.0,70318164450.0,21804082,KOSDAQ,tradable_ohlcv
2021-12-07,3185.0,3230.0,3050.0,3070.0,556702.0,1733492720.0,66938531740.0,21804082,KOSDAQ,tradable_ohlcv
2021-12-08,3115.0,3170.0,3050.0,3130.0,281246.0,870294385.0,68246776660.0,21804082,KOSDAQ,tradable_ohlcv
2021-12-09,3100.0,3130.0,3050.0,3050.0,207932.0,637295010.0,66502450100.0,21804082,KOSDAQ,tradable_ohlcv
2021-12-10,3055.0,3065.0,3010.0,3040.0,110228.0,333847770.0,66284409280.0,21804082,KOSDAQ,tradable_ohlcv
2021-12-13,3165.0,3170.0,3020.0,3050.0,171680.0,526693520.0,66502450100.0,21804082,KOSDAQ,tradable_ohlcv
2021-12-14,3050.0,3100.0,2990.0,3000.0,119509.0,359918775.0,65412246000.0,21804082,KOSDAQ,tradable_ohlcv
2021-12-15,3010.0,3025.0,2940.0,2940.0,100078.0,296803095.0,64104001080.0,21804082,KOSDAQ,tradable_ohlcv
2021-12-16,2940.0,3165.0,2940.0,3005.0,200173.0,613546090.0,65521266410.0,21804082,KOSDAQ,tradable_ohlcv
2021-12-17,3010.0,3065.0,2965.0,2975.0,64566.0,192662460.0,64867143950.0,21804082,KOSDAQ,tradable_ohlcv
2021-12-20,2995.0,2995.0,2875.0,2880.0,99306.0,291363785.0,62795756160.0,21804082,KOSDAQ,tradable_ohlcv
2021-12-21,2880.0,2945.0,2850.0,2905.0,82782.0,239917540.0,63340858210.0,21804082,KOSDAQ,tradable_ohlcv
2021-12-22,2960.0,2995.0,2925.0,2970.0,65298.0,193433840.0,64758123540.0,21804082,KOSDAQ,tradable_ohlcv
2021-12-23,2990.0,3035.0,2975.0,3000.0,77788.0,233692900.0,65412246000.0,21804082,KOSDAQ,tradable_ohlcv
2021-12-24,3040.0,3040.0,2980.0,3020.0,72009.0,216986825.0,65848327640.0,21804082,KOSDAQ,tradable_ohlcv
2021-12-27,3020.0,3095.0,3010.0,3040.0,70037.0,214023655.0,66284409280.0,21804082,KOSDAQ,tradable_ohlcv
2021-12-28,3040.0,3065.0,2950.0,2960.0,82609.0,247476010.0,64540082720.0,21804082,KOSDAQ,tradable_ohlcv
2021-12-29,2925.0,3025.0,2925.0,3000.0,83432.0,250009345.0,65412246000.0,21804082,KOSDAQ,tradable_ohlcv
2021-12-30,3000.0,3080.0,2970.0,3040.0,57981.0,175085685.0,66284409280.0,21804082,KOSDAQ,tradable_ohlcv
