d,o,h,l,c,v,a,mc,s,m
2013-01-02,6730.0,6730.0,6550.0,6600.0,31067.0,206168200.0,75190302000.0,11392470,KOSDAQ
2013-01-03,6700.0,6700.0,6500.0,6600.0,31844.0,209143960.0,75190302000.0,11392470,KOSDAQ
2013-01-04,6510.0,6610.0,6490.0,6610.0,13010.0,85373140.0,75304226700.0,11392470,KOSDAQ
2013-01-07,6480.0,6800.0,6280.0,6640.0,93174.0,608855410.0,75646000800.0,11392470,KOSDAQ
2013-01-08,6640.0,6940.0,6550.0,6910.0,148996.0,1016826230.0,78721967700.0,11392470,KOSDAQ
2013-01-09,6910.0,7020.0,6810.0,7010.0,67079.0,467191150.0,79861214700.0,11392470,KOSDAQ
2013-01-10,7010.0,7100.0,6910.0,7060.0,46416.0,326381280.0,80430838200.0,11392470,KOSDAQ
2013-01-11,7060.0,7140.0,6990.0,7100.0,34970.0,246924370.0,80886537000.0,11392470,KOSDAQ
2013-01-14,7120.0,7260.0,6990.0,7170.0,48654.0,348313220.0,81684009900.0,11392470,KOSDAQ
2013-01-15,7200.0,7200.0,6980.0,7090.0,18503.0,130363680.0,80772612300.0,11392470,KOSDAQ
2013-01-16,7090.0,7160.0,6730.0,6840.0,51642.0,356446130.0,77924494800.0,11392470,KOSDAQ
2013-01-17,6840.0,6840.0,6660.0,6660.0,13766.0,92585260.0,75873850200.0,11392470,KOSDAQ
2013-01-18,6660.0,6800.0,6530.0,6630.0,62905.0,418547770.0,75532076100.0,11392470,KOSDAQ
2013-01-21,6640.0,6910.0,6530.0,6770.0,50761.0,337523360.0,77127021900.0,11392470,KOSDAQ
2013-01-22,6700.0,7090.0,6700.0,7010.0,41610.0,285552290.0,79861214700.0,11392470,KOSDAQ
2013-01-23,7000.0,7140.0,6950.0,6950.0,58557.0,412728050.0,79177666500.0,11392470,KOSDAQ
2013-01-24,7010.0,7080.0,6890.0,7060.0,29952.0,210307270.0,80430838200.0,11392470,KOSDAQ
2013-01-25,7000.0,7100.0,6850.0,7050.0,32818.0,231089350.0,80316913500.0,11392470,KOSDAQ
2013-01-28,6980.0,7000.0,6800.0,6890.0,45737.0,316455900.0,78494118300.0,11392470,KOSDAQ
2013-01-29,6990.0,6990.0,6650.0,6820.0,24857.0,169606450.0,77696645400.0,11392470,KOSDAQ
2013-01-30,6810.0,6830.0,6700.0,6740.0,22063.0,149037060.0,76785247800.0,11392470,KOSDAQ
2013-01-31,6700.0,6730.0,6590.0,6690.0,22445.0,149373950.0,76215624300.0,11392470,KOSDAQ
2013-02-01,6770.0,6770.0,6540.0,6580.0,15026.0,99117140.0,74962452600.0,11392470,KOSDAQ
2013-02-04,6570.0,6690.0,6540.0,6680.0,31443.0,207544750.0,76101699600.0,11392470,KOSDAQ
2013-02-05,6770.0,6770.0,6360.0,6360.0,21969.0,142672930.0,72456109200.0,11392470,KOSDAQ
2013-02-06,6450.0,6670.0,6450.0,6660.0,14619.0,95858250.0,75873850200.0,11392470,KOSDAQ
2013-02-07,6640.0,6880.0,6640.0,6680.0,27644.0,184233010.0,76101699600.0,11392470,KOSDAQ
2013-02-08,6580.0,7100.0,6580.0,7000.0,96091.0,664404180.0,79747290000.0,11392470,KOSDAQ
2013-02-12,7000.0,7050.0,6920.0,6980.0,32906.0,230037820.0,79519440600.0,11392470,KOSDAQ
2013-02-13,6940.0,7380.0,6850.0,7250.0,120743.0,861534390.0,82595407500.0,11392470,KOSDAQ
2013-02-14,7350.0,7550.0,7340.0,7420.0,145921.0,1089436660.0,84532127400.0,11392470,KOSDAQ
2013-02-15,7500.0,7500.0,7260.0,7270.0,60082.0,441363710.0,82823256900.0,11392470,KOSDAQ
2013-02-18,7270.0,7320.0,7150.0,7260.0,83170.0,605048300.0,82709332200.0,11392470,KOSDAQ
2013-02-19,7350.0,7850.0,7270.0,7750.0,223311.0,1708565850.0,88291642500.0,11392470,KOSDAQ
2013-02-20,7860.0,7950.0,7820.0,7850.0,114072.0,899742260.0,89430889500.0,11392470,KOSDAQ
2013-02-21,7890.0,8500.0,7760.0,8430.0,234169.0,1928777250.0,96038522100.0,11392470,KOSDAQ
2013-02-22,8430.0,8850.0,8430.0,8620.0,189719.0,1637737260.0,98203091400.0,11392470,KOSDAQ
2013-02-25,8620.0,8780.0,8570.0,8690.0,187430.0,1631065590.0,99000564300.0,11392470,KOSDAQ
2013-02-26,8650.0,8800.0,8580.0,8660.0,80571.0,699787310.0,98658790200.0,11392470,KOSDAQ
2013-02-27,8770.0,8770.0,8600.0,8670.0,70684.0,610900880.0,98772714900.0,11392470,KOSDAQ
2013-02-28,8670.0,8800.0,8330.0,8770.0,127143.0,1083491870.0,99911961900.0,11392470,KOSDAQ
2013-03-04,8810.0,9050.0,8770.0,8920.0,83596.0,747387030.0,101620832400.0,11392470,KOSDAQ
2013-03-05,8990.0,9140.0,8900.0,9090.0,76063.0,684149110.0,103557552300.0,11392470,KOSDAQ
2013-03-06,9100.0,9140.0,8850.0,9040.0,61535.0,553088140.0,102987928800.0,11392470,KOSDAQ
2013-03-07,8970.0,9110.0,8500.0,8610.0,92894.0,811944360.0,98089166700.0,11392470,KOSDAQ
2013-03-08,8690.0,8740.0,8600.0,8700.0,57886.0,502218250.0,99114489000.0,11392470,KOSDAQ
2013-03-11,8650.0,8820.0,8200.0,8350.0,81831.0,690048140.0,95127124500.0,11392470,KOSDAQ
2013-03-12,8300.0,8500.0,8290.0,8380.0,58707.0,490922010.0,95468898600.0,11392470,KOSDAQ
2013-03-13,8490.0,8790.0,8400.0,8670.0,53018.0,456796590.0,98772714900.0,11392470,KOSDAQ
2013-03-14,8670.0,8770.0,8550.0,8710.0,43407.0,375165990.0,99228413700.0,11392470,KOSDAQ
2013-03-15,8710.0,8720.0,8470.0,8600.0,54616.0,467244280.0,97975242000.0,11392470,KOSDAQ
2013-03-18,8670.0,8720.0,8410.0,8410.0,52897.0,453252610.0,95810672700.0,11392470,KOSDAQ
2013-03-19,8530.0,8660.0,8470.0,8530.0,45366.0,388967560.0,97177769100.0,11392470,KOSDAQ
2013-03-20,8460.0,8550.0,8300.0,8450.0,55570.0,468296670.0,96266371500.0,11392470,KOSDAQ
2013-03-21,8360.0,8500.0,8260.0,8340.0,44055.0,368381590.0,95013199800.0,11392470,KOSDAQ
2013-03-22,8290.0,8550.0,8260.0,8510.0,54526.0,461001370.0,96949919700.0,11392470,KOSDAQ
2013-03-25,8600.0,8740.0,8530.0,8590.0,68419.0,589162560.0,97861317300.0,11392470,KOSDAQ
2013-03-26,8680.0,8890.0,8320.0,8890.0,72070.0,623522900.0,101279058300.0,11392470,KOSDAQ
2013-03-27,9010.0,9740.0,9010.0,9730.0,506521.0,4766314090.0,110848733100.0,11392470,KOSDAQ
2013-03-28,9730.0,10350.0,9490.0,10250.0,459629.0,4577821550.0,116772817500.0,11392470,KOSDAQ
2013-03-29,10200.0,10400.0,10050.0,10200.0,174117.0,1776202250.0,116203194000.0,11392470,KOSDAQ
2013-04-01,10150.0,10450.0,10050.0,10400.0,188976.0,1935624500.0,118481688000.0,11392470,KOSDAQ
2013-04-02,10350.0,10500.0,9950.0,10100.0,145378.0,1486052930.0,115063947000.0,11392470,KOSDAQ
2013-04-03,10150.0,10850.0,10100.0,10550.0,256095.0,2696598250.0,120190558500.0,11392470,KOSDAQ
2013-04-04,10550.0,10700.0,9980.0,10400.0,152701.0,1584104130.0,118481688000.0,11392470,KOSDAQ
2013-04-05,10400.0,10450.0,9980.0,10150.0,208615.0,2121723480.0,115633570500.0,11392470,KOSDAQ
2013-04-08,10200.0,10200.0,9490.0,9490.0,141912.0,1391849780.0,108114540300.0,11392470,KOSDAQ
2013-04-09,9520.0,9800.0,9100.0,9680.0,159294.0,1513778130.0,110279109600.0,11392470,KOSDAQ
2013-04-10,9680.0,10200.0,9400.0,10050.0,106026.0,1054046090.0,114494323500.0,11392470,KOSDAQ
2013-04-11,10500.0,10700.0,10200.0,10600.0,237222.0,2480442550.0,120760182000.0,11392470,KOSDAQ
2013-04-12,10700.0,11100.0,10400.0,10500.0,283106.0,3042117450.0,119620935000.0,11392470,KOSDAQ
2013-04-15,10750.0,10950.0,10500.0,10650.0,166675.0,1782939200.0,121329805500.0,11392470,KOSDAQ
2013-04-16,10500.0,10900.0,10250.0,10900.0,227901.0,2400916400.0,124177923000.0,11392470,KOSDAQ
2013-04-17,11000.0,11300.0,10950.0,11100.0,215016.0,2386899200.0,126456417000.0,11392470,KOSDAQ
2013-04-18,11000.0,11300.0,10900.0,11000.0,177106.0,1965335600.0,125317170000.0,11392470,KOSDAQ
2013-04-19,11000.0,11050.0,10500.0,10500.0,203080.0,2165157950.0,119620935000.0,11392470,KOSDAQ
2013-04-22,10600.0,11000.0,10550.0,10900.0,115157.0,1249500550.0,124177923000.0,11392470,KOSDAQ
2013-04-23,11150.0,11850.0,11100.0,11750.0,387643.0,4489523700.0,133861522500.0,11392470,KOSDAQ
2013-04-24,11800.0,12300.0,11800.0,12100.0,319656.0,3856607400.0,137848887000.0,11392470,KOSDAQ
2013-04-25,12300.0,12300.0,11750.0,11800.0,202467.0,2410201450.0,134431146000.0,11392470,KOSDAQ
2013-04-26,12000.0,12350.0,11900.0,12100.0,168718.0,2040989400.0,137848887000.0,11392470,KOSDAQ
2013-04-29,12000.0,12350.0,12000.0,12100.0,114415.0,1393940300.0,137848887000.0,11392470,KOSDAQ
2013-04-30,12250.0,12250.0,11000.0,11300.0,431823.0,4994650300.0,128734911000.0,11392470,KOSDAQ
2013-05-02,11400.0,11550.0,11100.0,11350.0,122630.0,1388662700.0,129304534500.0,11392470,KOSDAQ
2013-05-03,11800.0,11800.0,11300.0,11600.0,131431.0,1517866450.0,132152652000.0,11392470,KOSDAQ
2013-05-06,11600.0,11700.0,11450.0,11600.0,77178.0,892794450.0,132152652000.0,11392470,KOSDAQ
2013-05-07,11600.0,11950.0,11550.0,11900.0,123811.0,1450808800.0,135570393000.0,11392470,KOSDAQ
2013-05-08,11850.0,12000.0,11450.0,11700.0,211657.0,2480637400.0,133291899000.0,11392470,KOSDAQ
2013-05-09,11700.0,11800.0,11150.0,11500.0,171249.0,1950790900.0,131013405000.0,11392470,KOSDAQ
2013-05-10,11550.0,11550.0,11250.0,11350.0,77821.0,882394950.0,129304534500.0,11392470,KOSDAQ
2013-05-13,11350.0,11400.0,10850.0,11000.0,116918.0,1291915050.0,125317170000.0,11392470,KOSDAQ
2013-05-14,11000.0,11200.0,10300.0,10550.0,173159.0,1834069550.0,120190558500.0,11392470,KOSDAQ
2013-05-15,10700.0,11100.0,10600.0,11100.0,132291.0,1433504200.0,126456417000.0,11392470,KOSDAQ
2013-05-16,11300.0,11500.0,11200.0,11250.0,139693.0,1581623850.0,128165287500.0,11392470,KOSDAQ
2013-05-20,11350.0,11500.0,11050.0,11350.0,91193.0,1031002500.0,129304534500.0,11392470,KOSDAQ
2013-05-21,11400.0,11750.0,11350.0,11600.0,128406.0,1483598250.0,132152652000.0,11392470,KOSDAQ
2013-05-22,11600.0,11900.0,11550.0,11900.0,150016.0,1763244900.0,135570393000.0,11392470,KOSDAQ
2013-05-23,11750.0,11950.0,11400.0,11600.0,127948.0,1492152450.0,132152652000.0,11392470,KOSDAQ
2013-05-24,11600.0,12200.0,11400.0,11850.0,282123.0,3333897350.0,135000769500.0,11392470,KOSDAQ
2013-05-27,11900.0,12100.0,11700.0,12050.0,115435.0,1380234800.0,137279263500.0,11392470,KOSDAQ
2013-05-28,11900.0,12200.0,11900.0,12150.0,172656.0,2076736900.0,138418510500.0,11392470,KOSDAQ
2013-05-29,12150.0,12200.0,11750.0,11850.0,113750.0,1353318300.0,135000769500.0,11392470,KOSDAQ
2013-05-30,11700.0,12050.0,11550.0,11600.0,88875.0,1046464950.0,132152652000.0,11392470,KOSDAQ
2013-05-31,11600.0,11800.0,11200.0,11500.0,147956.0,1686216850.0,131013405000.0,11392470,KOSDAQ
2013-06-03,11600.0,12250.0,11600.0,12200.0,488803.0,5875644800.0,138988134000.0,11392470,KOSDAQ
2013-06-04,12450.0,12600.0,12000.0,12100.0,434086.0,5344060350.0,137848887000.0,11392470,KOSDAQ
2013-06-05,12050.0,12100.0,11250.0,11400.0,355838.0,4102212500.0,129874158000.0,11392470,KOSDAQ
2013-06-07,11400.0,11550.0,9920.0,9930.0,553595.0,5809743210.0,113127227100.0,11392470,KOSDAQ
2013-06-10,10000.0,10600.0,10000.0,10500.0,234160.0,2425018600.0,119620935000.0,11392470,KOSDAQ
2013-06-11,10600.0,11000.0,10400.0,10900.0,121587.0,1301605750.0,124177923000.0,11392470,KOSDAQ
2013-06-12,10800.0,11100.0,10700.0,10950.0,91338.0,1001801900.0,124747546500.0,11392470,KOSDAQ
2013-06-13,10850.0,11150.0,10500.0,10950.0,128298.0,1388514550.0,124747546500.0,11392470,KOSDAQ
2013-06-14,11150.0,11200.0,10650.0,11000.0,116852.0,1281413650.0,125317170000.0,11392470,KOSDAQ
2013-06-17,11000.0,11050.0,10500.0,10700.0,88857.0,953216950.0,121899429000.0,11392470,KOSDAQ
2013-06-18,10800.0,11000.0,10450.0,10950.0,81389.0,879483000.0,124747546500.0,11392470,KOSDAQ
2013-06-19,11050.0,11250.0,10800.0,10800.0,107824.0,1183757250.0,123038676000.0,11392470,KOSDAQ
2013-06-20,10400.0,10750.0,10100.0,10300.0,110283.0,1152034500.0,117342441000.0,11392470,KOSDAQ
2013-06-21,9900.0,10900.0,9700.0,10900.0,178831.0,1823294190.0,124177923000.0,11392470,KOSDAQ
2013-06-24,10950.0,10950.0,10350.0,10400.0,94062.0,1002593550.0,118481688000.0,11392470,KOSDAQ
2013-06-25,10250.0,10600.0,9720.0,9840.0,205242.0,2078208890.0,112101904800.0,11392470,KOSDAQ
2013-06-26,10100.0,10300.0,9930.0,10100.0,100941.0,1017561710.0,115063947000.0,11392470,KOSDAQ
2013-06-27,10400.0,10600.0,10000.0,10550.0,305282.0,3173186700.0,120190558500.0,11392470,KOSDAQ
2013-06-28,10750.0,10750.0,10350.0,10550.0,140780.0,1474775400.0,120190558500.0,11392470,KOSDAQ
2013-07-01,10550.0,10800.0,10500.0,10800.0,72264.0,773089750.0,123038676000.0,11392470,KOSDAQ
2013-07-02,11200.0,11250.0,10750.0,10850.0,138579.0,1521252900.0,123608299500.0,11392470,KOSDAQ
2013-07-03,10850.0,10900.0,10500.0,10500.0,87023.0,932789100.0,119620935000.0,11392470,KOSDAQ
2013-07-04,10550.0,10650.0,10000.0,10500.0,155227.0,1600172200.0,119620935000.0,11392470,KOSDAQ
2013-07-05,10600.0,10700.0,10000.0,10350.0,132721.0,1365652700.0,117912064500.0,11392470,KOSDAQ
2013-07-08,10200.0,10350.0,9870.0,9920.0,152271.0,1521253750.0,113013302400.0,11392470,KOSDAQ
2013-07-09,10100.0,10350.0,9980.0,10300.0,190673.0,1940645700.0,117342441000.0,11392470,KOSDAQ
2013-07-10,10400.0,10550.0,10050.0,10100.0,151915.0,1555940250.0,115063947000.0,11392470,KOSDAQ
2013-07-11,10300.0,10750.0,10300.0,10750.0,157946.0,1661844050.0,122469052500.0,11392470,KOSDAQ
2013-07-12,10750.0,10750.0,10450.0,10600.0,119784.0,1266549400.0,120760182000.0,11392470,KOSDAQ
2013-07-15,10600.0,10600.0,10150.0,10350.0,124565.0,1293639650.0,117912064500.0,11392470,KOSDAQ
2013-07-16,10450.0,10750.0,10450.0,10750.0,144751.0,1535986550.0,122469052500.0,11392470,KOSDAQ
2013-07-17,10750.0,11300.0,10600.0,11300.0,283341.0,3122389750.0,128734911000.0,11392470,KOSDAQ
2013-07-18,11250.0,11400.0,11000.0,11300.0,191476.0,2155202200.0,128734911000.0,11392470,KOSDAQ
2013-07-19,11400.0,11550.0,11150.0,11300.0,123466.0,1396611750.0,128734911000.0,11392470,KOSDAQ
2013-07-22,11150.0,11350.0,10800.0,10900.0,112856.0,1250940700.0,124177923000.0,11392470,KOSDAQ
2013-07-23,11000.0,11000.0,10650.0,10850.0,84824.0,914998600.0,123608299500.0,11392470,KOSDAQ
2013-07-24,10900.0,10900.0,10500.0,10750.0,108567.0,1162857550.0,122469052500.0,11392470,KOSDAQ
2013-07-25,10850.0,10900.0,10300.0,10350.0,208285.0,2181186000.0,117912064500.0,11392470,KOSDAQ
2013-07-26,10450.0,10650.0,10350.0,10450.0,94480.0,991950000.0,119051311500.0,11392470,KOSDAQ
2013-07-29,10650.0,10650.0,10350.0,10350.0,55904.0,584496000.0,117912064500.0,11392470,KOSDAQ
2013-07-30,10450.0,10600.0,10400.0,10500.0,46120.0,484250550.0,119620935000.0,11392470,KOSDAQ
2013-07-31,10600.0,10800.0,10450.0,10750.0,95914.0,1023028700.0,122469052500.0,11392470,KOSDAQ
2013-08-01,10800.0,10800.0,10600.0,10750.0,57187.0,612073200.0,122469052500.0,11392470,KOSDAQ
2013-08-02,10750.0,10850.0,10450.0,10550.0,91091.0,968423750.0,120190558500.0,11392470,KOSDAQ
2013-08-05,10650.0,10750.0,10500.0,10600.0,70509.0,750673700.0,120760182000.0,11392470,KOSDAQ
2013-08-06,10700.0,11100.0,10700.0,10900.0,140778.0,1535531900.0,124177923000.0,11392470,KOSDAQ
2013-08-07,10900.0,11100.0,10600.0,10600.0,123813.0,1339790200.0,120760182000.0,11392470,KOSDAQ
2013-08-08,10800.0,11250.0,10800.0,10850.0,219330.0,2408814350.0,123608299500.0,11392470,KOSDAQ
2013-08-09,11150.0,11200.0,10900.0,11000.0,144293.0,1592663050.0,125317170000.0,11392470,KOSDAQ
2013-08-12,11100.0,11100.0,10800.0,10800.0,69326.0,756078400.0,123038676000.0,11392470,KOSDAQ
2013-08-13,10700.0,10850.0,10300.0,10500.0,231214.0,2419935000.0,119620935000.0,11392470,KOSDAQ
2013-08-14,10500.0,10600.0,9980.0,10200.0,312615.0,3184495550.0,116203194000.0,11392470,KOSDAQ
2013-08-16,10000.0,10550.0,10000.0,10350.0,106479.0,1100436750.0,117912064500.0,11392470,KOSDAQ
2013-08-19,10300.0,10400.0,10200.0,10200.0,57577.0,591054950.0,116203194000.0,11392470,KOSDAQ
2013-08-20,10300.0,10350.0,9960.0,9970.0,118023.0,1191302800.0,113582925900.0,11392470,KOSDAQ
2013-08-21,10150.0,10150.0,9220.0,9300.0,267674.0,2557990160.0,105949971000.0,11392470,KOSDAQ
2013-08-22,9100.0,9300.0,8910.0,9200.0,167112.0,1521140150.0,104810724000.0,11392470,KOSDAQ
2013-08-23,9260.0,9960.0,9260.0,9860.0,128953.0,1247629250.0,112329754200.0,11392470,KOSDAQ
2013-08-26,10000.0,10050.0,9600.0,9800.0,109662.0,1066029450.0,111646206000.0,11392470,KOSDAQ
2013-08-27,9720.0,9880.0,9370.0,9550.0,153289.0,1467937810.0,108798088500.0,11392470,KOSDAQ
2013-08-28,9190.0,9380.0,8980.0,8990.0,267801.0,2438474630.0,102418305300.0,11392470,KOSDAQ
2013-08-29,9030.0,9180.0,8990.0,9000.0,194303.0,1761614310.0,102532230000.0,11392470,KOSDAQ
2013-08-30,9050.0,9140.0,8920.0,9080.0,110772.0,999861630.0,103443627600.0,11392470,KOSDAQ
2013-09-02,9100.0,9270.0,9020.0,9260.0,100844.0,921306750.0,105494272200.0,11392470,KOSDAQ
2013-09-03,9440.0,9440.0,9050.0,9050.0,115444.0,1055094090.0,103101853500.0,11392470,KOSDAQ
2013-09-04,9100.0,9330.0,9080.0,9190.0,82137.0,754654550.0,104696799300.0,11392470,KOSDAQ
2013-09-05,9210.0,9290.0,9120.0,9150.0,47121.0,432037410.0,104241100500.0,11392470,KOSDAQ
2013-09-06,9130.0,9220.0,8990.0,9020.0,155494.0,1407727670.0,102760079400.0,11392470,KOSDAQ
2013-09-09,9030.0,9100.0,8780.0,8870.0,182379.0,1619414940.0,101051208900.0,11392470,KOSDAQ
2013-09-10,8930.0,8930.0,8680.0,8760.0,132008.0,1156778040.0,99798037200.0,11392470,KOSDAQ
2013-09-11,8760.0,8900.0,8700.0,8890.0,79792.0,702512830.0,101279058300.0,11392470,KOSDAQ
2013-09-12,8900.0,9040.0,8740.0,8850.0,73723.0,651761390.0,100823359500.0,11392470,KOSDAQ
2013-09-13,8850.0,8940.0,8750.0,8850.0,52004.0,458735740.0,100823359500.0,11392470,KOSDAQ
2013-09-16,8850.0,8940.0,8750.0,8850.0,31280.0,275765210.0,100823359500.0,11392470,KOSDAQ
2013-09-17,8800.0,8900.0,8790.0,8810.0,42258.0,373288860.0,100367660700.0,11392470,KOSDAQ
2013-09-23,8750.0,8900.0,8310.0,8480.0,137055.0,1182841480.0,96608145600.0,11392470,KOSDAQ
2013-09-24,8480.0,8500.0,7990.0,8050.0,161889.0,1319771370.0,91709383500.0,11392470,KOSDAQ
2013-09-25,8050.0,8150.0,7270.0,7750.0,195142.0,1528211360.0,88291642500.0,11392470,KOSDAQ
2013-09-26,7670.0,8140.0,7630.0,8140.0,121169.0,960347990.0,92734705800.0,11392470,KOSDAQ
2013-09-27,8210.0,8590.0,8150.0,8530.0,83626.0,702137790.0,97177769100.0,11392470,KOSDAQ
2013-09-30,8450.0,8560.0,8420.0,8520.0,44047.0,374361520.0,97063844400.0,11392470,KOSDAQ
2013-10-01,8520.0,8680.0,8430.0,8590.0,55277.0,473417520.0,97861317300.0,11392470,KOSDAQ
2013-10-02,8610.0,8710.0,8500.0,8590.0,54988.0,473173600.0,97861317300.0,11392470,KOSDAQ
2013-10-04,8590.0,8890.0,8520.0,8890.0,74361.0,650492780.0,101279058300.0,11392470,KOSDAQ
2013-10-07,8940.0,9040.0,8860.0,8940.0,78314.0,701126660.0,101848681800.0,11392470,KOSDAQ
2013-10-08,9000.0,9000.0,8830.0,8970.0,54127.0,482947150.0,102190455900.0,11392470,KOSDAQ
2013-10-10,8970.0,9050.0,8900.0,9010.0,58727.0,528198140.0,102646154700.0,11392470,KOSDAQ
2013-10-11,9030.0,9400.0,9030.0,9200.0,98767.0,908111560.0,104810724000.0,11392470,KOSDAQ
2013-10-14,9220.0,9230.0,9030.0,9190.0,45131.0,412961120.0,104696799300.0,11392470,KOSDAQ
2013-10-15,9060.0,9250.0,9060.0,9140.0,43815.0,400514760.0,104127175800.0,11392470,KOSDAQ
2013-10-16,9090.0,9200.0,8800.0,8860.0,64375.0,578144780.0,100937284200.0,11392470,KOSDAQ
2013-10-17,8900.0,9080.0,8650.0,8730.0,42151.0,370914580.0,99456263100.0,11392470,KOSDAQ
2013-10-18,8730.0,8960.0,8550.0,8700.0,51614.0,447075270.0,99114489000.0,11392470,KOSDAQ
2013-10-21,8700.0,8840.0,8490.0,8540.0,47747.0,411397990.0,97291693800.0,11392470,KOSDAQ
2013-10-22,8620.0,9100.0,8600.0,9090.0,75372.0,669398950.0,103557552300.0,11392470,KOSDAQ
2013-10-23,9160.0,9630.0,9130.0,9500.0,226848.0,2147111610.0,108228465000.0,11392470,KOSDAQ
2013-10-24,9400.0,9650.0,9200.0,9580.0,131918.0,1240821240.0,109139862600.0,11392470,KOSDAQ
2013-10-25,9670.0,9700.0,9200.0,9360.0,117086.0,1091928870.0,106633519200.0,11392470,KOSDAQ
2013-10-28,9310.0,9420.0,9220.0,9350.0,44934.0,418834430.0,106519594500.0,11392470,KOSDAQ
2013-10-29,9270.0,9400.0,9200.0,9200.0,51480.0,476076130.0,104810724000.0,11392470,KOSDAQ
2013-10-30,9270.0,9290.0,9110.0,9290.0,32777.0,302033810.0,105836046300.0,11392470,KOSDAQ
2013-10-31,9230.0,9360.0,9210.0,9300.0,33436.0,311638840.0,105949971000.0,11392470,KOSDAQ
2013-11-01,9310.0,9710.0,9300.0,9700.0,136089.0,1308449860.0,110506959000.0,11392470,KOSDAQ
2013-11-04,9720.0,9990.0,9720.0,9770.0,129307.0,1274172200.0,111304431900.0,11392470,KOSDAQ
2013-11-05,9670.0,9850.0,9610.0,9620.0,58474.0,565228670.0,109595561400.0,11392470,KOSDAQ
2013-11-06,9500.0,9690.0,9500.0,9500.0,57895.0,555161400.0,108228465000.0,11392470,KOSDAQ
2013-11-07,9540.0,9700.0,9300.0,9300.0,55534.0,522873180.0,105949971000.0,11392470,KOSDAQ
2013-11-08,9210.0,9480.0,9200.0,9210.0,46532.0,432058020.0,104924648700.0,11392470,KOSDAQ
2013-11-11,9310.0,9330.0,9050.0,9110.0,55709.0,512316710.0,103785401700.0,11392470,KOSDAQ
2013-11-12,9010.0,9400.0,9010.0,9300.0,22210.0,205448800.0,105949971000.0,11392470,KOSDAQ
2013-11-13,9240.0,9480.0,9120.0,9120.0,14542.0,134107010.0,103899326400.0,11392470,KOSDAQ
2013-11-14,9150.0,9470.0,9030.0,9450.0,28604.0,266314030.0,107658841500.0,11392470,KOSDAQ
2013-11-15,9480.0,9700.0,9400.0,9500.0,66312.0,631022640.0,108228465000.0,11392470,KOSDAQ
2013-11-18,9500.0,9690.0,9200.0,9400.0,93576.0,889825760.0,107089218000.0,11392470,KOSDAQ
2013-11-19,9400.0,9440.0,9280.0,9300.0,34031.0,317610870.0,105949971000.0,11392470,KOSDAQ
2013-11-20,9210.0,9330.0,9170.0,9270.0,16075.0,148894310.0,105608196900.0,11392470,KOSDAQ
2013-11-21,9450.0,9510.0,9250.0,9380.0,40960.0,383583410.0,106861368600.0,11392470,KOSDAQ
2013-11-22,9500.0,9670.0,9390.0,9610.0,86125.0,824473490.0,109481636700.0,11392470,KOSDAQ
2013-11-25,9690.0,9690.0,9520.0,9610.0,42522.0,407915740.0,109481636700.0,11392470,KOSDAQ
2013-11-26,9690.0,9740.0,9540.0,9730.0,69298.0,667457430.0,110848733100.0,11392470,KOSDAQ
2013-11-27,9630.0,9790.0,9630.0,9730.0,46963.0,456981300.0,110848733100.0,11392470,KOSDAQ
2013-11-28,9800.0,9830.0,9660.0,9700.0,40858.0,397611290.0,110506959000.0,11392470,KOSDAQ
2013-11-29,9700.0,10150.0,9700.0,10100.0,155477.0,1550750870.0,115063947000.0,11392470,KOSDAQ
2013-12-02,10200.0,10700.0,9990.0,10650.0,250903.0,2602702340.0,121329805500.0,11392470,KOSDAQ
2013-12-03,10600.0,11200.0,10450.0,10900.0,386368.0,4211595400.0,124177923000.0,11392470,KOSDAQ
2013-12-04,10850.0,11000.0,10650.0,10950.0,114812.0,1245765850.0,124747546500.0,11392470,KOSDAQ
2013-12-05,10800.0,10950.0,10600.0,10600.0,91991.0,987344100.0,120760182000.0,11392470,KOSDAQ
2013-12-06,10700.0,10950.0,10450.0,10850.0,120814.0,1290892400.0,123608299500.0,11392470,KOSDAQ
2013-12-09,10950.0,10950.0,10550.0,10700.0,61748.0,660258100.0,121899429000.0,11392470,KOSDAQ
2013-12-10,10600.0,10750.0,10400.0,10500.0,73404.0,771470450.0,119620935000.0,11392470,KOSDAQ
2013-12-11,10500.0,10650.0,10250.0,10350.0,69130.0,724026800.0,117912064500.0,11392470,KOSDAQ
2013-12-12,10300.0,10500.0,10250.0,10500.0,55081.0,571725600.0,119620935000.0,11392470,KOSDAQ
2013-12-13,10450.0,10650.0,10450.0,10500.0,31185.0,328194800.0,119620935000.0,11392470,KOSDAQ
2013-12-16,10450.0,10650.0,10300.0,10500.0,50714.0,532374700.0,119620935000.0,11392470,KOSDAQ
2013-12-17,10550.0,10600.0,10300.0,10400.0,48874.0,510400700.0,118481688000.0,11392470,KOSDAQ
2013-12-18,10450.0,10650.0,10400.0,10600.0,73202.0,773080200.0,120760182000.0,11392470,KOSDAQ
2013-12-19,10650.0,10900.0,10600.0,10750.0,99058.0,1065104000.0,122469052500.0,11392470,KOSDAQ
2013-12-20,10700.0,10900.0,10700.0,10900.0,86055.0,930648700.0,124177923000.0,11392470,KOSDAQ
2013-12-23,10900.0,10950.0,10700.0,10700.0,66938.0,722894250.0,121899429000.0,11392470,KOSDAQ
2013-12-24,10650.0,10850.0,10650.0,10700.0,46340.0,497101700.0,121899429000.0,11392470,KOSDAQ
2013-12-26,10750.0,10950.0,10700.0,10950.0,112707.0,1226875950.0,124747546500.0,11392470,KOSDAQ
2013-12-27,10800.0,10950.0,10700.0,10750.0,73932.0,800006200.0,122469052500.0,11392470,KOSDAQ
2013-12-30,10750.0,10800.0,10350.0,10450.0,109882.0,1151105350.0,119051311500.0,11392470,KOSDAQ
