d,o,h,l,c,v,a,mc,s,m
2001-01-02,15400.0,18850.0,15400.0,18400.0,2182.0,38742550.0,24109520000.0,1310300,KOSDAQ
2001-01-03,17500.0,20600.0,17500.0,20600.0,6368.0,125914900.0,26992180000.0,1310300,KOSDAQ
2001-01-04,23050.0,23050.0,22400.0,23050.0,4582.0,105602100.0,30202415000.0,1310300,KOSDAQ
2001-01-05,25800.0,25800.0,24000.0,25800.0,7818.0,201465900.0,33805740000.0,1310300,KOSDAQ
2001-01-08,28850.0,28850.0,24500.0,25950.0,49794.0,1289350400.0,34002285000.0,1310300,KOSDAQ
2001-01-09,26000.0,28500.0,25500.0,27900.0,31698.0,841979350.0,36557370000.0,1310300,KOSDAQ
2001-01-10,28600.0,30600.0,24600.0,24600.0,61607.0,1731181950.0,32233380000.0,1310300,KOSDAQ
2001-01-11,24000.0,26700.0,24000.0,25400.0,16740.0,421989250.0,33281620000.0,1310300,KOSDAQ
2001-01-12,25200.0,27800.0,25200.0,25600.0,38961.0,1038970750.0,33543680000.0,1310300,KOSDAQ
2001-01-15,26000.0,27600.0,25700.0,25900.0,29700.0,787703000.0,33936770000.0,1310300,KOSDAQ
2001-01-16,26500.0,26500.0,24800.0,25500.0,17063.0,431854250.0,33412650000.0,1310300,KOSDAQ
2001-01-17,24750.0,25200.0,23400.0,23550.0,10562.0,255185400.0,30857565000.0,1310300,KOSDAQ
2001-01-18,24400.0,25500.0,23850.0,24050.0,14521.0,355251350.0,31512715000.0,1310300,KOSDAQ
2001-01-19,23700.0,24700.0,23700.0,24400.0,7421.0,179751650.0,31971320000.0,1310300,KOSDAQ
2001-01-22,24050.0,26200.0,24050.0,25900.0,13836.0,350943450.0,33936770000.0,1310300,KOSDAQ
2001-01-26,25800.0,25900.0,24000.0,24600.0,11125.0,277796500.0,32233380000.0,1310300,KOSDAQ
2001-01-29,25500.0,27500.0,24150.0,26300.0,30717.0,800103450.0,34460890000.0,1310300,KOSDAQ
2001-01-30,27300.0,29000.0,26700.0,27600.0,37795.0,1045295400.0,36164280000.0,1310300,KOSDAQ
2001-01-31,28100.0,28800.0,26000.0,27000.0,17049.0,461927650.0,35378100000.0,1310300,KOSDAQ
2001-02-01,26300.0,27500.0,25500.0,26550.0,12547.0,332901100.0,34788465000.0,1310300,KOSDAQ
2001-02-02,26900.0,29700.0,26750.0,29700.0,39490.0,1128300400.0,38915910000.0,1310300,KOSDAQ
2001-02-05,29000.0,31600.0,27500.0,28600.0,62720.0,1855021150.0,37474580000.0,1310300,KOSDAQ
2001-02-06,27750.0,29300.0,27150.0,27500.0,13293.0,368834850.0,36033250000.0,1310300,KOSDAQ
2001-02-07,28100.0,29250.0,27000.0,27000.0,24925.0,707951200.0,35378100000.0,1310300,KOSDAQ
2001-02-08,27600.0,28000.0,26700.0,27500.0,7732.0,211756300.0,36033250000.0,1310300,KOSDAQ
2001-02-09,27000.0,28500.0,27000.0,28000.0,7214.0,200512500.0,36688400000.0,1310300,KOSDAQ
2001-02-12,28500.0,29400.0,27500.0,28600.0,15332.0,434565750.0,37474580000.0,1310300,KOSDAQ
2001-02-13,29600.0,31000.0,29000.0,29100.0,35573.0,1064751500.0,38129730000.0,1310300,KOSDAQ
2001-02-14,29000.0,29800.0,28600.0,29100.0,18005.0,522247050.0,38129730000.0,1310300,KOSDAQ
2001-02-15,30300.0,32550.0,30300.0,32550.0,27934.0,892045450.0,42650265000.0,1310300,KOSDAQ
2001-02-16,36450.0,36450.0,31650.0,33000.0,82115.0,2817126450.0,43239900000.0,1310300,KOSDAQ
2001-02-19,32500.0,36950.0,32500.0,36950.0,59429.0,2088072550.0,48415585000.0,1310300,KOSDAQ
2001-02-20,38150.0,40400.0,37100.0,37950.0,56407.0,2173047400.0,49725885000.0,1310300,KOSDAQ
2001-02-21,37900.0,37900.0,34100.0,34200.0,32203.0,1149494150.0,44812260000.0,1310300,KOSDAQ
2001-02-22,33000.0,33000.0,30100.0,30600.0,35882.0,1122126250.0,40095180000.0,1310300,KOSDAQ
2001-02-23,31000.0,34250.0,30300.0,33000.0,56936.0,1878266900.0,43239900000.0,1310300,KOSDAQ
2001-02-26,34000.0,34000.0,31800.0,32000.0,14750.0,479286950.0,41929600000.0,1310300,KOSDAQ
2001-02-27,31700.0,32500.0,30400.0,30500.0,16479.0,520223050.0,39964150000.0,1310300,KOSDAQ
2001-02-28,26900.0,29500.0,26900.0,29100.0,9306.0,267918050.0,38129730000.0,1310300,KOSDAQ
2001-03-02,29700.0,31000.0,27600.0,28900.0,12679.0,371246250.0,37867670000.0,1310300,KOSDAQ
2001-03-05,27150.0,29600.0,27150.0,29500.0,10479.0,296049450.0,38653850000.0,1310300,KOSDAQ
2001-03-06,30000.0,30700.0,29200.0,29600.0,13213.0,394565500.0,38784880000.0,1310300,KOSDAQ
2001-03-07,30100.0,31400.0,29900.0,31300.0,17301.0,527525800.0,41012390000.0,1310300,KOSDAQ
2001-03-08,31200.0,34300.0,30600.0,32100.0,28077.0,917074550.0,42060630000.0,1310300,KOSDAQ
2001-03-09,32800.0,33200.0,31500.0,32900.0,15327.0,495333950.0,43108870000.0,1310300,KOSDAQ
2001-03-12,32000.0,32000.0,29100.0,29200.0,15164.0,465822650.0,38260760000.0,1310300,KOSDAQ
2001-03-13,27500.0,28300.0,26400.0,26400.0,15422.0,418326850.0,34591920000.0,1310300,KOSDAQ
2001-03-14,27500.0,29450.0,27500.0,28700.0,9977.0,285312100.0,37605610000.0,1310300,KOSDAQ
2001-03-15,27000.0,28700.0,26550.0,28700.0,7606.0,209417650.0,37605610000.0,1310300,KOSDAQ
2001-03-16,28500.0,29650.0,27800.0,29500.0,9190.0,266717800.0,38653850000.0,1310300,KOSDAQ
2001-03-19,28700.0,29950.0,28700.0,28950.0,7166.0,208986850.0,37933185000.0,1310300,KOSDAQ
2001-03-20,30500.0,30500.0,28900.0,29000.0,9235.0,273322550.0,37998700000.0,1310300,KOSDAQ
2001-03-21,27500.0,31000.0,27500.0,30300.0,8930.0,265811000.0,39702090000.0,1310300,KOSDAQ
2001-03-22,30500.0,30800.0,29300.0,29500.0,5398.0,161984850.0,38653850000.0,1310300,KOSDAQ
2001-03-23,30200.0,32700.0,30200.0,31850.0,20298.0,637816700.0,41733055000.0,1310300,KOSDAQ
2001-03-26,33100.0,35300.0,32500.0,34500.0,41517.0,1423208850.0,45205350000.0,1310300,KOSDAQ
2001-03-27,33700.0,33900.0,31500.0,31800.0,17073.0,564444700.0,41667540000.0,1310300,KOSDAQ
2001-03-28,33000.0,33500.0,30600.0,30600.0,12381.0,392930500.0,40095180000.0,1310300,KOSDAQ
2001-03-29,28600.0,30900.0,28600.0,29900.0,9508.0,283781000.0,39177970000.0,1310300,KOSDAQ
2001-03-30,29000.0,30800.0,28500.0,30400.0,6788.0,199457000.0,39833120000.0,1310300,KOSDAQ
2001-04-02,29400.0,30300.0,29400.0,29550.0,5421.0,160503900.0,38719365000.0,1310300,KOSDAQ
2001-04-03,28600.0,29500.0,27000.0,28300.0,7936.0,223337550.0,37081490000.0,1310300,KOSDAQ
2001-04-04,27100.0,28500.0,27100.0,27600.0,6162.0,171754550.0,36164280000.0,1310300,KOSDAQ
2001-04-06,29500.0,29850.0,28600.0,29200.0,7332.0,215325450.0,38260760000.0,1310300,KOSDAQ
2001-04-09,28100.0,28600.0,27200.0,28000.0,5922.0,165600250.0,36688400000.0,1310300,KOSDAQ
2001-04-10,28000.0,28500.0,27550.0,27550.0,4457.0,124177750.0,36098765000.0,1310300,KOSDAQ
2001-04-11,28500.0,28700.0,28050.0,28300.0,4997.0,141581150.0,37081490000.0,1310300,KOSDAQ
2001-04-12,29100.0,30300.0,28900.0,29500.0,9303.0,272826600.0,38653850000.0,1310300,KOSDAQ
2001-04-13,30400.0,30400.0,28800.0,28900.0,5261.0,155859500.0,37867670000.0,1310300,KOSDAQ
2001-04-16,29250.0,29250.0,28100.0,28900.0,5455.0,155539750.0,37867670000.0,1310300,KOSDAQ
2001-04-17,28150.0,28900.0,28150.0,28400.0,4584.0,131045400.0,37212520000.0,1310300,KOSDAQ
2001-04-18,29100.0,31800.0,29000.0,31000.0,23863.0,729607150.0,40619300000.0,1310300,KOSDAQ
2001-04-19,33500.0,33500.0,30000.0,31950.0,22716.0,725711450.0,41864085000.0,1310300,KOSDAQ
2001-04-20,31950.0,32000.0,30450.0,30700.0,14853.0,460504750.0,42105786800.0,1371524,KOSDAQ
2001-04-23,31000.0,34350.0,31000.0,33500.0,30096.0,990970900.0,45946054000.0,1371524,KOSDAQ
2001-04-24,33000.0,36300.0,32200.0,35800.0,74192.0,2570291900.0,49100559200.0,1371524,KOSDAQ
2001-04-25,36200.0,40050.0,36000.0,40050.0,88092.0,3385178700.0,54929536200.0,1371524,KOSDAQ
2001-04-26,41500.0,43950.0,38000.0,39700.0,118245.0,4959599150.0,54449502800.0,1371524,KOSDAQ
2001-04-27,39700.0,41300.0,37500.0,39500.0,47195.0,1836849000.0,54175198000.0,1371524,KOSDAQ
2001-04-30,43000.0,44200.0,40300.0,44200.0,83678.0,3575841250.0,60621360800.0,1371524,KOSDAQ
2001-05-02,45000.0,48750.0,42000.0,42500.0,115689.0,5295604400.0,58289770000.0,1371524,KOSDAQ
2001-05-03,43000.0,44500.0,40700.0,41650.0,56611.0,2367363900.0,57123974600.0,1371524,KOSDAQ
2001-05-04,40500.0,42500.0,40000.0,42000.0,36486.0,1510219050.0,57604008000.0,1371524,KOSDAQ
2001-05-07,42000.0,44100.0,41500.0,42000.0,42674.0,1826339250.0,57604008000.0,1371524,KOSDAQ
2001-05-08,42000.0,42700.0,41000.0,41300.0,20198.0,845030100.0,56643941200.0,1371524,KOSDAQ
2001-05-09,41600.0,42100.0,38800.0,39450.0,27054.0,1092738850.0,54106621800.0,1371524,KOSDAQ
2001-05-10,38050.0,40000.0,38050.0,39600.0,13512.0,527500500.0,54312350400.0,1371524,KOSDAQ
2001-05-11,39500.0,42800.0,39000.0,40800.0,19814.0,814468000.0,55958179200.0,1371524,KOSDAQ
2001-05-14,40800.0,43000.0,40800.0,41500.0,20072.0,835312700.0,56918246000.0,1371524,KOSDAQ
2001-05-15,41200.0,41800.0,40200.0,40650.0,15010.0,611419450.0,55752450600.0,1371524,KOSDAQ
2001-05-16,41000.0,41400.0,40200.0,40750.0,11015.0,448693450.0,55889603000.0,1371524,KOSDAQ
2001-05-17,41500.0,45600.0,41500.0,45500.0,67086.0,2965395550.0,62404342000.0,1371524,KOSDAQ
2001-05-18,45500.0,48000.0,43500.0,46000.0,44057.0,1989269150.0,63090104000.0,1371524,KOSDAQ
2001-05-21,46500.0,47350.0,44600.0,45000.0,45626.0,2089959350.0,61718580000.0,1371524,KOSDAQ
2001-05-22,46300.0,46300.0,41150.0,42900.0,37127.0,1615525750.0,58838379600.0,1371524,KOSDAQ
2001-05-23,43100.0,45200.0,42900.0,44000.0,90461.0,3955761700.0,60347056000.0,1371524,KOSDAQ
2001-05-24,0.0,44000.0,0.0,44000.0,0.0,0.0,60347056000.0,1371524,KOSDAQ
2001-05-25,0.0,44000.0,0.0,44000.0,0.0,0.0,60347056000.0,1371524,KOSDAQ
2001-05-28,8300.0,8800.0,8210.0,8380.0,133286.0,1120942190.0,57466855600.0,6857620,KOSDAQ
2001-05-29,8500.0,8770.0,8390.0,8700.0,177685.0,1537535760.0,59661294000.0,6857620,KOSDAQ
2001-05-30,8500.0,8650.0,8180.0,8650.0,115311.0,968187180.0,59318413000.0,6857620,KOSDAQ
2001-05-31,8220.0,8700.0,8220.0,8600.0,48240.0,408632900.0,58975532000.0,6857620,KOSDAQ
2001-06-01,8510.0,8650.0,8310.0,8440.0,54731.0,461002560.0,57878312800.0,6857620,KOSDAQ
2001-06-04,8360.0,8500.0,8170.0,8200.0,53740.0,444023790.0,56232484000.0,6857620,KOSDAQ
2001-06-05,8080.0,8400.0,8010.0,8050.0,81631.0,668530070.0,55203841000.0,6857620,KOSDAQ
2001-06-07,7930.0,8300.0,7840.0,8040.0,51704.0,413543300.0,55135264800.0,6857620,KOSDAQ
2001-06-08,8310.0,8400.0,8100.0,8150.0,49198.0,403474160.0,55889603000.0,6857620,KOSDAQ
2001-06-11,8150.0,8170.0,7900.0,7980.0,37233.0,298397430.0,54723807600.0,6857620,KOSDAQ
2001-06-12,8460.0,8460.0,7960.0,8000.0,49166.0,396781150.0,54860960000.0,6857620,KOSDAQ
2001-06-13,8050.0,8150.0,8010.0,8050.0,53642.0,433467770.0,55203841000.0,6857620,KOSDAQ
2001-06-14,8050.0,8160.0,7900.0,8070.0,43106.0,346866050.0,55340993400.0,6857620,KOSDAQ
2001-06-15,8190.0,8190.0,7970.0,8090.0,34085.0,274835200.0,55478145800.0,6857620,KOSDAQ
2001-06-18,7980.0,8120.0,7900.0,8000.0,53049.0,424740830.0,54860960000.0,6857620,KOSDAQ
2001-06-19,8090.0,8090.0,7910.0,8020.0,32343.0,258483040.0,54998112400.0,6857620,KOSDAQ
2001-06-20,7950.0,8000.0,7690.0,7800.0,30871.0,241805250.0,53489436000.0,6857620,KOSDAQ
2001-06-21,7800.0,7850.0,7590.0,7640.0,13876.0,106245930.0,52392216800.0,6857620,KOSDAQ
2001-06-22,7500.0,7700.0,7400.0,7600.0,35384.0,266314180.0,52117912000.0,6857620,KOSDAQ
2001-06-25,7640.0,7640.0,7400.0,7450.0,20904.0,155923520.0,51089269000.0,6857620,KOSDAQ
2001-06-26,7350.0,7400.0,6800.0,6810.0,53394.0,375611210.0,46700392200.0,6857620,KOSDAQ
2001-06-27,6800.0,7360.0,6650.0,7300.0,45269.0,320768170.0,50060626000.0,6857620,KOSDAQ
2001-06-28,7200.0,8170.0,7200.0,8170.0,81221.0,650823810.0,56026755400.0,6857620,KOSDAQ
2001-06-29,8290.0,9150.0,8210.0,8350.0,164573.0,1424633140.0,57261127000.0,6857620,KOSDAQ
2001-07-02,8380.0,8400.0,7950.0,8050.0,65606.0,529655630.0,55203841000.0,6857620,KOSDAQ
2001-07-03,7750.0,8270.0,7750.0,8050.0,29385.0,234612290.0,55203841000.0,6857620,KOSDAQ
2001-07-04,7920.0,8100.0,7820.0,8100.0,21785.0,173545490.0,55546722000.0,6857620,KOSDAQ
2001-07-05,7860.0,8030.0,7860.0,7880.0,20849.0,164963640.0,54038045600.0,6857620,KOSDAQ
2001-07-06,7810.0,7870.0,7610.0,7790.0,20389.0,158427070.0,53420859800.0,6857620,KOSDAQ
2001-07-09,7410.0,7690.0,7300.0,7500.0,18376.0,137001980.0,51432150000.0,6857620,KOSDAQ
2001-07-10,7450.0,7640.0,7350.0,7450.0,20260.0,151661500.0,51089269000.0,6857620,KOSDAQ
2001-07-11,7260.0,7480.0,7200.0,7300.0,11667.0,85424370.0,50060626000.0,6857620,KOSDAQ
2001-07-12,7170.0,7620.0,7170.0,7550.0,29272.0,219077880.0,51775031000.0,6857620,KOSDAQ
2001-07-13,7620.0,8010.0,7350.0,7350.0,55266.0,423247420.0,50403507000.0,6857620,KOSDAQ
2001-07-16,7240.0,7470.0,6950.0,7150.0,30562.0,217465360.0,49031983000.0,6857620,KOSDAQ
2001-07-18,7000.0,7200.0,6930.0,6930.0,11945.0,83824090.0,47523306600.0,6857620,KOSDAQ
2001-07-19,6800.0,6980.0,6800.0,6890.0,10379.0,71698940.0,47249001800.0,6857620,KOSDAQ
2001-07-20,6890.0,6900.0,6500.0,6500.0,14129.0,93568370.0,44574530000.0,6857620,KOSDAQ
2001-07-23,6500.0,6720.0,6020.0,6180.0,6041.0,38026440.0,42380091600.0,6857620,KOSDAQ
2001-07-24,6000.0,6500.0,5800.0,6200.0,86630.0,528358240.0,42517244000.0,6857620,KOSDAQ
2001-07-25,6000.0,6200.0,5930.0,6000.0,63546.0,385689930.0,41145720000.0,6857620,KOSDAQ
2001-07-26,6180.0,6190.0,5960.0,6000.0,23955.0,144989470.0,41145720000.0,6857620,KOSDAQ
2001-07-27,6210.0,6480.0,6050.0,6380.0,79639.0,502574430.0,43751615600.0,6857620,KOSDAQ
2001-07-30,6380.0,6380.0,6060.0,6110.0,31229.0,194294880.0,41900058200.0,6857620,KOSDAQ
2001-07-31,6120.0,6240.0,6080.0,6150.0,22037.0,135354550.0,42174363000.0,6857620,KOSDAQ
2001-08-01,6210.0,6390.0,6100.0,6350.0,68294.0,427489480.0,43545887000.0,6857620,KOSDAQ
2001-08-02,6520.0,6720.0,6420.0,6510.0,60228.0,394528530.0,44643106200.0,6857620,KOSDAQ
2001-08-03,6600.0,6730.0,6360.0,6480.0,14344.0,92618630.0,44437377600.0,6857620,KOSDAQ
2001-08-06,6300.0,6460.0,6290.0,6330.0,27998.0,178541890.0,43408734600.0,6857620,KOSDAQ
2001-08-07,6250.0,6310.0,6100.0,6230.0,34535.0,213086920.0,42722972600.0,6857620,KOSDAQ
2001-08-08,6230.0,6300.0,6080.0,6100.0,18384.0,112942000.0,41831482000.0,6857620,KOSDAQ
2001-08-09,5920.0,6400.0,5860.0,6140.0,48013.0,294485740.0,42105786800.0,6857620,KOSDAQ
2001-08-10,6100.0,6250.0,6100.0,6160.0,22678.0,139599810.0,42242939200.0,6857620,KOSDAQ
2001-08-13,6190.0,6350.0,6140.0,6200.0,16981.0,105253510.0,42517244000.0,6857620,KOSDAQ
2001-08-14,6300.0,6410.0,6250.0,6380.0,29078.0,184692270.0,43751615600.0,6857620,KOSDAQ
2001-08-16,6340.0,6340.0,6140.0,6250.0,18186.0,112849730.0,42860125000.0,6857620,KOSDAQ
2001-08-17,6350.0,6350.0,6180.0,6240.0,24604.0,153160050.0,42791548800.0,6857620,KOSDAQ
2001-08-20,6000.0,6130.0,5900.0,6050.0,23758.0,142808480.0,41488601000.0,6857620,KOSDAQ
2001-08-21,6050.0,6330.0,6020.0,6330.0,37012.0,229829190.0,43408734600.0,6857620,KOSDAQ
2001-08-22,6200.0,6350.0,6120.0,6330.0,29988.0,188670830.0,43408734600.0,6857620,KOSDAQ
2001-08-23,6420.0,6430.0,6310.0,6370.0,30815.0,195878310.0,43683039400.0,6857620,KOSDAQ
2001-08-24,6380.0,6380.0,6250.0,6330.0,24010.0,151057520.0,43408734600.0,6857620,KOSDAQ
2001-08-27,6500.0,6640.0,6350.0,6350.0,42465.0,275255950.0,43545887000.0,6857620,KOSDAQ
2001-08-28,6290.0,6370.0,6180.0,6260.0,17860.0,111781640.0,42928701200.0,6857620,KOSDAQ
2001-08-29,6230.0,6280.0,6000.0,6100.0,24864.0,151974970.0,41831482000.0,6857620,KOSDAQ
2001-08-30,6000.0,6300.0,5860.0,6300.0,33940.0,208004440.0,43203006000.0,6857620,KOSDAQ
2001-08-31,6100.0,6180.0,5930.0,6000.0,38165.0,229655700.0,41145720000.0,6857620,KOSDAQ
2001-09-03,6000.0,6150.0,5910.0,6050.0,11105.0,66802050.0,41488601000.0,6857620,KOSDAQ
2001-09-04,6050.0,6600.0,5980.0,6400.0,29007.0,180286130.0,43888768000.0,6857620,KOSDAQ
2001-09-05,6300.0,6360.0,6140.0,6140.0,23683.0,147116480.0,42105786800.0,6857620,KOSDAQ
2001-09-06,6160.0,6850.0,6050.0,6530.0,79156.0,510363980.0,44780258600.0,6857620,KOSDAQ
2001-09-07,6350.0,6580.0,6270.0,6400.0,31742.0,202256910.0,43888768000.0,6857620,KOSDAQ
2001-09-10,6400.0,6760.0,6350.0,6640.0,83136.0,545887990.0,45534596800.0,6857620,KOSDAQ
2001-09-11,6630.0,6700.0,6330.0,6400.0,47281.0,307033530.0,43888768000.0,6857620,KOSDAQ
2001-09-12,5640.0,5640.0,5640.0,5640.0,35893.0,202436520.0,38676976800.0,6857620,KOSDAQ
2001-09-13,5460.0,6180.0,5420.0,5800.0,73093.0,414986880.0,39774196000.0,6857620,KOSDAQ
2001-09-14,5650.0,5800.0,5110.0,5180.0,54430.0,287327050.0,35522471600.0,6857620,KOSDAQ
2001-09-17,5110.0,5110.0,4560.0,4560.0,50007.0,229662140.0,31270747200.0,6857620,KOSDAQ
2001-09-18,4750.0,4950.0,4590.0,4830.0,23037.0,111288930.0,33122304600.0,6857620,KOSDAQ
2001-09-19,4980.0,5000.0,4780.0,4840.0,28835.0,139316500.0,33190880800.0,6857620,KOSDAQ
2001-09-20,4510.0,4790.0,4510.0,4580.0,11797.0,54631600.0,31407899600.0,6857620,KOSDAQ
2001-09-21,4390.0,4700.0,4390.0,4700.0,22686.0,102043160.0,32230814000.0,6857620,KOSDAQ
2001-09-24,4510.0,4980.0,4510.0,4850.0,15571.0,75342470.0,33259457000.0,6857620,KOSDAQ
2001-09-25,4990.0,5000.0,4700.0,4700.0,25273.0,121978350.0,32230814000.0,6857620,KOSDAQ
2001-09-26,4850.0,4850.0,4610.0,4700.0,5310.0,25280340.0,32230814000.0,6857620,KOSDAQ
2001-09-27,4700.0,4730.0,4500.0,4700.0,29763.0,137003000.0,32230814000.0,6857620,KOSDAQ
2001-09-28,4600.0,4940.0,4600.0,4900.0,44687.0,216272730.0,33602338000.0,6857620,KOSDAQ
2001-10-04,5300.0,5350.0,5100.0,5340.0,36039.0,188815390.0,36619690800.0,6857620,KOSDAQ
2001-10-05,5250.0,5470.0,5210.0,5470.0,27921.0,148974740.0,37511181400.0,6857620,KOSDAQ
2001-10-08,5500.0,5640.0,5250.0,5590.0,22600.0,123765720.0,38334095800.0,6857620,KOSDAQ
2001-10-09,5650.0,5950.0,5620.0,5750.0,64300.0,370885840.0,39431315000.0,6857620,KOSDAQ
2001-10-10,5630.0,5760.0,5440.0,5440.0,31596.0,173823460.0,37305452800.0,6857620,KOSDAQ
2001-10-11,5600.0,5690.0,5500.0,5530.0,50133.0,280407550.0,37922638600.0,6857620,KOSDAQ
2001-10-12,5650.0,5670.0,5370.0,5400.0,23767.0,131108220.0,37031148000.0,6857620,KOSDAQ
2001-10-15,5220.0,5450.0,5190.0,5280.0,31029.0,163678310.0,36208233600.0,6857620,KOSDAQ
2001-10-16,5250.0,5350.0,5200.0,5290.0,34647.0,182541590.0,36276809800.0,6857620,KOSDAQ
2001-10-17,5700.0,5700.0,5500.0,5630.0,71440.0,399680000.0,38608400600.0,6857620,KOSDAQ
2001-10-18,5580.0,6020.0,5410.0,5780.0,72695.0,418432660.0,39637043600.0,6857620,KOSDAQ
2001-10-19,5800.0,5900.0,5660.0,5770.0,48002.0,275086810.0,39568467400.0,6857620,KOSDAQ
2001-10-22,5800.0,5850.0,5650.0,5850.0,54703.0,314390070.0,40117077000.0,6857620,KOSDAQ
2001-10-23,6000.0,6000.0,5610.0,5850.0,60201.0,347324990.0,40117077000.0,6857620,KOSDAQ
2001-10-24,5880.0,6200.0,5870.0,6100.0,137540.0,832099210.0,41831482000.0,6857620,KOSDAQ
2001-10-25,6100.0,6300.0,5950.0,6200.0,44659.0,272249430.0,42517244000.0,6857620,KOSDAQ
2001-10-26,6300.0,6400.0,6200.0,6210.0,35287.0,220721830.0,42585820200.0,6857620,KOSDAQ
2001-10-29,6320.0,6950.0,6300.0,6550.0,199193.0,1315797120.0,44917411000.0,6857620,KOSDAQ
2001-10-30,6500.0,6500.0,6100.0,6300.0,42100.0,264512830.0,43203006000.0,6857620,KOSDAQ
2001-10-31,6030.0,6250.0,6000.0,6180.0,35278.0,216124730.0,42380091600.0,6857620,KOSDAQ
2001-11-01,6180.0,6380.0,6010.0,6290.0,23755.0,147796040.0,43134429800.0,6857620,KOSDAQ
2001-11-02,6300.0,6530.0,6250.0,6400.0,42260.0,270717470.0,43888768000.0,6857620,KOSDAQ
2001-11-05,6310.0,6500.0,6300.0,6380.0,14750.0,93743560.0,43751615600.0,6857620,KOSDAQ
2001-11-06,6450.0,6570.0,6310.0,6460.0,33708.0,217161150.0,44300225200.0,6857620,KOSDAQ
2001-11-07,6390.0,6450.0,6230.0,6250.0,22121.0,139584390.0,42860125000.0,6857620,KOSDAQ
2001-11-08,6400.0,6570.0,6190.0,6510.0,98733.0,631830620.0,44643106200.0,6857620,KOSDAQ
2001-11-09,6510.0,6650.0,6280.0,6460.0,38014.0,246195870.0,44300225200.0,6857620,KOSDAQ
2001-11-12,6460.0,6960.0,6410.0,6900.0,119908.0,807046190.0,47317578000.0,6857620,KOSDAQ
2001-11-13,6970.0,6970.0,6600.0,6650.0,80326.0,540249490.0,45603173000.0,6857620,KOSDAQ
2001-11-14,6820.0,7370.0,6820.0,6980.0,113815.0,806089750.0,47866187600.0,6857620,KOSDAQ
2001-11-15,6810.0,7150.0,6780.0,6890.0,44891.0,308831200.0,47249001800.0,6857620,KOSDAQ
2001-11-16,6810.0,7020.0,6810.0,6820.0,27408.0,189571780.0,46768968400.0,6857620,KOSDAQ
2001-11-19,6850.0,7300.0,6850.0,7050.0,85136.0,600336690.0,48346221000.0,6857620,KOSDAQ
2001-11-20,7050.0,7150.0,6760.0,6900.0,47860.0,334122490.0,47317578000.0,6857620,KOSDAQ
2001-11-21,6760.0,7100.0,6700.0,6990.0,66651.0,459734710.0,47934763800.0,6857620,KOSDAQ
2001-11-22,7000.0,7090.0,6850.0,7090.0,35447.0,247588770.0,48620525800.0,6857620,KOSDAQ
2001-11-23,7010.0,7230.0,6850.0,7210.0,76572.0,540320680.0,49443440200.0,6857620,KOSDAQ
2001-11-26,7400.0,7400.0,7170.0,7270.0,45485.0,328967840.0,49854897400.0,6857620,KOSDAQ
2001-11-27,7400.0,7460.0,7110.0,7200.0,26156.0,189202460.0,49374864000.0,6857620,KOSDAQ
2001-11-28,7210.0,7340.0,6700.0,6760.0,27403.0,192313820.0,46357511200.0,6857620,KOSDAQ
2001-11-29,6750.0,6750.0,6420.0,6500.0,27636.0,180667560.0,44574530000.0,6857620,KOSDAQ
2001-11-30,6550.0,7150.0,6320.0,6600.0,640714.0,4328221260.0,45260292000.0,6857620,KOSDAQ
2001-12-03,6500.0,6650.0,6400.0,6600.0,91104.0,593327900.0,45260292000.0,6857620,KOSDAQ
2001-12-04,6500.0,6600.0,6450.0,6480.0,47053.0,307651220.0,44437377600.0,6857620,KOSDAQ
2001-12-05,6700.0,7140.0,6700.0,7000.0,122160.0,847958160.0,48003340000.0,6857620,KOSDAQ
2001-12-06,7350.0,7810.0,7350.0,7750.0,272782.0,2066326970.0,53146555000.0,6857620,KOSDAQ
2001-12-07,7670.0,8130.0,7480.0,7850.0,102488.0,804480180.0,53832317000.0,6857620,KOSDAQ
2001-12-10,8300.0,8430.0,7900.0,7990.0,143497.0,1170154010.0,54792383800.0,6857620,KOSDAQ
2001-12-11,7990.0,7990.0,7660.0,7980.0,41456.0,324086940.0,54723807600.0,6857620,KOSDAQ
2001-12-12,7790.0,8290.0,7730.0,8130.0,92533.0,735853600.0,55752450600.0,6857620,KOSDAQ
2001-12-13,7950.0,8040.0,7800.0,7800.0,28571.0,225684730.0,53489436000.0,6857620,KOSDAQ
2001-12-14,7650.0,8100.0,7550.0,7780.0,57581.0,451261560.0,53352283600.0,6857620,KOSDAQ
2001-12-17,7810.0,8000.0,7550.0,7550.0,21104.0,162816460.0,51775031000.0,6857620,KOSDAQ
2001-12-18,7450.0,7700.0,7220.0,7450.0,50634.0,381525750.0,51089269000.0,6857620,KOSDAQ
2001-12-19,7260.0,7600.0,7000.0,7350.0,33444.0,238062090.0,50403507000.0,6857620,KOSDAQ
2001-12-20,7350.0,8230.0,7200.0,8040.0,105560.0,827959050.0,55135264800.0,6857620,KOSDAQ
2001-12-21,7900.0,7900.0,7450.0,7600.0,28060.0,213702600.0,52117912000.0,6857620,KOSDAQ
2001-12-24,7810.0,7990.0,7350.0,7410.0,13718.0,103568380.0,50814964200.0,6857620,KOSDAQ
2001-12-26,7270.0,7770.0,7240.0,7490.0,21689.0,161808190.0,51363573800.0,6857620,KOSDAQ
2001-12-27,7450.0,7650.0,7300.0,7500.0,17083.0,128054190.0,51432150000.0,6857620,KOSDAQ
2001-12-28,7520.0,7840.0,7520.0,7810.0,22345.0,172102200.0,53558012200.0,6857620,KOSDAQ
