d,o,h,l,c,v,a,mc,s,m,rs
2006-01-02,18350.0,18650.0,17700.0,17850.0,133203.0,2395409050.0,533253952350.0,29874171,KOSPI,tradable_ohlcv
2006-01-03,17900.0,17900.0,17550.0,17650.0,125488.0,2218150200.0,527279118150.0,29874171,KOSPI,tradable_ohlcv
2006-01-04,17700.0,17900.0,17400.0,17400.0,135750.0,2382934000.0,519810575400.0,29874171,KOSPI,tradable_ohlcv
2006-01-05,17300.0,17650.0,17050.0,17150.0,463205.0,8042922050.0,512342032650.0,29874171,KOSPI,tradable_ohlcv
2006-01-06,17000.0,17500.0,16800.0,17500.0,502988.0,8591439000.0,522797992500.0,29874171,KOSPI,tradable_ohlcv
2006-01-09,17350.0,17500.0,17050.0,17150.0,151962.0,2622310300.0,512342032650.0,29874171,KOSPI,tradable_ohlcv
2006-01-10,17800.0,17950.0,14600.0,17400.0,470934.0,8266627600.0,519810575400.0,29874171,KOSPI,tradable_ohlcv
2006-01-11,17600.0,17800.0,17350.0,17500.0,151250.0,2649996500.0,522797992500.0,29874171,KOSPI,tradable_ohlcv
2006-01-12,17650.0,17650.0,17050.0,17050.0,187977.0,3230511350.0,509354615550.0,29874171,KOSPI,tradable_ohlcv
2006-01-13,16950.0,17350.0,16950.0,17200.0,273215.0,4697761500.0,513835741200.0,29874171,KOSPI,tradable_ohlcv
2006-01-16,17400.0,18500.0,17350.0,18500.0,228996.0,4081961300.0,552672163500.0,29874171,KOSPI,tradable_ohlcv
2006-01-17,18600.0,18600.0,18000.0,18100.0,213314.0,3879596400.0,540722495100.0,29874171,KOSPI,tradable_ohlcv
2006-01-18,18250.0,18250.0,17000.0,17650.0,126604.0,2206533100.0,527279118150.0,29874171,KOSPI,tradable_ohlcv
2006-01-19,17950.0,17950.0,17100.0,17600.0,75854.0,1316285700.0,525785409600.0,29874171,KOSPI,tradable_ohlcv
2006-01-20,17100.0,17400.0,17050.0,17150.0,135296.0,2328457900.0,512342032650.0,29874171,KOSPI,tradable_ohlcv
2006-01-23,16550.0,17000.0,16450.0,16700.0,116950.0,1949680000.0,498898655700.0,29874171,KOSPI,tradable_ohlcv
2006-01-24,16500.0,16800.0,16300.0,16500.0,87293.0,1439748000.0,492923821500.0,29874171,KOSPI,tradable_ohlcv
2006-01-25,16400.0,16850.0,16300.0,16600.0,138805.0,2299492000.0,495911238600.0,29874171,KOSPI,tradable_ohlcv
2006-01-26,16400.0,16750.0,16250.0,16400.0,129900.0,2134470700.0,489936404400.0,29874171,KOSPI,tradable_ohlcv
2006-01-27,16200.0,16650.0,16200.0,16550.0,129404.0,2134750700.0,494417530050.0,29874171,KOSPI,tradable_ohlcv
2006-01-31,16800.0,17000.0,16500.0,16800.0,125387.0,2098775100.0,501886072800.0,29874171,KOSPI,tradable_ohlcv
2006-02-01,16500.0,16650.0,16000.0,16050.0,122042.0,1983598100.0,479480444550.0,29874171,KOSPI,tradable_ohlcv
2006-02-02,16100.0,16350.0,15600.0,15650.0,168814.0,2670241600.0,467530776150.0,29874171,KOSPI,tradable_ohlcv
2006-02-03,15800.0,15800.0,15000.0,15000.0,122630.0,1880828500.0,448112565000.0,29874171,KOSPI,tradable_ohlcv
2006-02-06,14600.0,14900.0,14100.0,14500.0,98441.0,1424626000.0,433175479500.0,29874171,KOSPI,tradable_ohlcv
2006-02-07,14350.0,15100.0,14350.0,14800.0,183609.0,2731708200.0,442137730800.0,29874171,KOSPI,tradable_ohlcv
2006-02-08,15000.0,15300.0,14700.0,14950.0,170474.0,2569945800.0,446618856450.0,29874171,KOSPI,tradable_ohlcv
2006-02-09,15000.0,15050.0,14300.0,15050.0,502270.0,7343858000.0,449606273550.0,29874171,KOSPI,tradable_ohlcv
2006-02-10,14850.0,15250.0,14850.0,15000.0,64198.0,966053500.0,448112565000.0,29874171,KOSPI,tradable_ohlcv
2006-02-13,15050.0,15350.0,15000.0,15250.0,71440.0,1082106500.0,455581107750.0,29874171,KOSPI,tradable_ohlcv
2006-02-14,15350.0,15500.0,15000.0,15200.0,65874.0,995630300.0,454087399200.0,29874171,KOSPI,tradable_ohlcv
2006-02-15,15200.0,15450.0,14750.0,14850.0,98663.0,1478817550.0,443631439350.0,29874171,KOSPI,tradable_ohlcv
2006-02-16,14850.0,15400.0,14850.0,15050.0,137892.0,2088539600.0,449606273550.0,29874171,KOSPI,tradable_ohlcv
2006-02-17,15200.0,15400.0,15100.0,15350.0,93060.0,1421434000.0,458568524850.0,29874171,KOSPI,tradable_ohlcv
2006-02-20,15300.0,15900.0,15150.0,15900.0,133453.0,2085342200.0,474999318900.0,29874171,KOSPI,tradable_ohlcv
2006-02-21,15900.0,17100.0,15900.0,16900.0,215978.0,3588779400.0,504873489900.0,29874171,KOSPI,tradable_ohlcv
2006-02-22,16900.0,17200.0,16250.0,16600.0,126446.0,2118449100.0,495911238600.0,29874171,KOSPI,tradable_ohlcv
2006-02-23,16950.0,17200.0,16750.0,17200.0,129265.0,2196324000.0,513835741200.0,29874171,KOSPI,tradable_ohlcv
2006-02-24,17300.0,17550.0,17000.0,17300.0,113120.0,1962001000.0,516823158300.0,29874171,KOSPI,tradable_ohlcv
2006-02-27,17700.0,17700.0,17400.0,17500.0,71553.0,1255288500.0,522797992500.0,29874171,KOSPI,tradable_ohlcv
2006-02-28,17400.0,17450.0,16700.0,17450.0,152480.0,2591261000.0,521304283950.0,29874171,KOSPI,tradable_ohlcv
2006-03-02,17400.0,17400.0,17000.0,17350.0,75180.0,1297741750.0,518316866850.0,29874171,KOSPI,tradable_ohlcv
2006-03-03,17200.0,17300.0,16500.0,16600.0,166962.0,2809986200.0,495911238600.0,29874171,KOSPI,tradable_ohlcv
2006-03-06,16950.0,16950.0,16600.0,16700.0,124832.0,2089297800.0,498898655700.0,29874171,KOSPI,tradable_ohlcv
2006-03-07,16500.0,16950.0,16350.0,16500.0,99735.0,1666426000.0,492923821500.0,29874171,KOSPI,tradable_ohlcv
2006-03-08,16500.0,17000.0,16450.0,16650.0,74580.0,1256684500.0,497404947150.0,29874171,KOSPI,tradable_ohlcv
2006-03-09,16950.0,17150.0,16800.0,16800.0,58984.0,999404100.0,501886072800.0,29874171,KOSPI,tradable_ohlcv
2006-03-10,17000.0,17200.0,16800.0,17000.0,53600.0,911732300.0,507860907000.0,29874171,KOSPI,tradable_ohlcv
2006-03-13,17000.0,17200.0,16800.0,17000.0,69460.0,1179305000.0,507860907000.0,29874171,KOSPI,tradable_ohlcv
2006-03-14,17000.0,17000.0,16150.0,16500.0,206641.0,3380106000.0,492923821500.0,29874171,KOSPI,tradable_ohlcv
2006-03-15,16300.0,16600.0,16200.0,16500.0,146560.0,2411562500.0,492923821500.0,29874171,KOSPI,tradable_ohlcv
2006-03-16,16950.0,17400.0,16850.0,17350.0,276342.0,4747116850.0,518316866850.0,29874171,KOSPI,tradable_ohlcv
2006-03-17,17300.0,17300.0,16650.0,17000.0,155597.0,2629865500.0,507860907000.0,29874171,KOSPI,tradable_ohlcv
2006-03-20,17000.0,17100.0,16750.0,16850.0,69969.0,1184929400.0,503379781350.0,29874171,KOSPI,tradable_ohlcv
2006-03-21,16850.0,17250.0,16800.0,17250.0,141245.0,2402489750.0,515329449750.0,29874171,KOSPI,tradable_ohlcv
2006-03-22,17000.0,17100.0,16550.0,16800.0,352305.0,5974352670.0,501886072800.0,29874171,KOSPI,tradable_ohlcv
2006-03-23,16800.0,17100.0,16500.0,16800.0,85021.0,1429337800.0,501886072800.0,29874171,KOSPI,tradable_ohlcv
2006-03-24,16600.0,16950.0,16600.0,16800.0,229579.0,3858633200.0,501886072800.0,29874171,KOSPI,tradable_ohlcv
2006-03-27,16550.0,17000.0,16550.0,16850.0,37690.0,633492000.0,503379781350.0,29874171,KOSPI,tradable_ohlcv
2006-03-28,16950.0,17150.0,16900.0,17100.0,84582.0,1441937200.0,510848324100.0,29874171,KOSPI,tradable_ohlcv
2006-03-29,16900.0,17200.0,16800.0,16950.0,110884.0,1877930100.0,506367198450.0,29874171,KOSPI,tradable_ohlcv
2006-03-30,17000.0,17250.0,16900.0,17200.0,103810.0,1780258000.0,513835741200.0,29874171,KOSPI,tradable_ohlcv
2006-03-31,17200.0,19700.0,17050.0,19000.0,552131.0,10154610750.0,567609249000.0,29874171,KOSPI,tradable_ohlcv
2006-04-03,19350.0,19800.0,18700.0,19200.0,209642.0,4051986850.0,573584083200.0,29874171,KOSPI,tradable_ohlcv
2006-04-04,19400.0,21700.0,19300.0,20900.0,822841.0,17089604900.0,624370173900.0,29874171,KOSPI,tradable_ohlcv
2006-04-05,21400.0,21500.0,20650.0,21050.0,330830.0,6960569500.0,628851299550.0,29874171,KOSPI,tradable_ohlcv
2006-04-06,21250.0,21250.0,20100.0,20800.0,224600.0,4607004000.0,621382756800.0,29874171,KOSPI,tradable_ohlcv
2006-04-07,20550.0,20750.0,20100.0,20600.0,112031.0,2284260300.0,615407922600.0,29874171,KOSPI,tradable_ohlcv
2006-04-10,20150.0,21300.0,20150.0,20850.0,178104.0,3718432900.0,622876465350.0,29874171,KOSPI,tradable_ohlcv
2006-04-11,21000.0,21050.0,20550.0,21000.0,111931.0,2334194500.0,627357591000.0,29874171,KOSPI,tradable_ohlcv
2006-04-12,20800.0,20800.0,20100.0,20500.0,162457.0,3317215000.0,612420505500.0,29874171,KOSPI,tradable_ohlcv
2006-04-13,20350.0,20850.0,20150.0,20250.0,198437.0,4029169750.0,604951962750.0,29874171,KOSPI,tradable_ohlcv
2006-04-14,20600.0,21100.0,20600.0,20900.0,261609.0,5459733100.0,624370173900.0,29874171,KOSPI,tradable_ohlcv
2006-04-17,21000.0,21350.0,20600.0,21000.0,266523.0,5591593000.0,627357591000.0,29874171,KOSPI,tradable_ohlcv
2006-04-18,20700.0,20800.0,20300.0,20800.0,221924.0,4604402700.0,621382756800.0,29874171,KOSPI,tradable_ohlcv
2006-04-19,21000.0,21400.0,20900.0,21000.0,413055.0,8697696000.0,627357591000.0,29874171,KOSPI,tradable_ohlcv
2006-04-20,0.0,0.0,0.0,21000.0,0.0,0.0,627357591000.0,29874171,KOSPI,non_tradable_zero_volume
2006-04-21,0.0,0.0,0.0,21000.0,0.0,0.0,627357591000.0,29874171,KOSPI,non_tradable_zero_volume
2006-04-24,0.0,0.0,0.0,21000.0,0.0,0.0,627357591000.0,29874171,KOSPI,non_tradable_zero_volume
2006-04-25,0.0,0.0,0.0,21000.0,0.0,0.0,627357591000.0,29874171,KOSPI,non_tradable_zero_volume
2006-04-26,10700.0,12000.0,10650.0,11600.0,2033862.0,23407009800.0,693080767200.0,59748342,KOSPI,tradable_ohlcv
2006-04-27,12000.0,12200.0,10950.0,11150.0,1067433.0,12403045450.0,666194013300.0,59748342,KOSPI,tradable_ohlcv
2006-04-28,11250.0,11250.0,10400.0,10600.0,1154142.0,12324037700.0,633332425200.0,59748342,KOSPI,tradable_ohlcv
2006-05-02,10400.0,11050.0,10300.0,10850.0,741623.0,7996431550.0,648269510700.0,59748342,KOSPI,tradable_ohlcv
2006-05-03,11000.0,11900.0,10950.0,11850.0,1094754.0,12659516900.0,708017852700.0,59748342,KOSPI,tradable_ohlcv
2006-05-04,11850.0,12650.0,11550.0,11900.0,1722502.0,20644727800.0,711005269800.0,59748342,KOSPI,tradable_ohlcv
2006-05-08,12250.0,12250.0,11400.0,11550.0,805130.0,9317849500.0,690093350100.0,59748342,KOSPI,tradable_ohlcv
2006-05-09,11550.0,11650.0,11050.0,11150.0,851842.0,9526014800.0,666194013300.0,59748342,KOSPI,tradable_ohlcv
2006-05-10,11100.0,11650.0,11000.0,11650.0,617787.0,7053628550.0,696068184300.0,59748342,KOSPI,tradable_ohlcv
2006-05-11,11550.0,11900.0,11450.0,11750.0,470766.0,5492191500.0,702043018500.0,59748342,KOSPI,tradable_ohlcv
2006-05-12,11700.0,12200.0,11550.0,12100.0,1012064.0,12079913400.0,722954938200.0,59748342,KOSPI,tradable_ohlcv
2006-05-15,12100.0,12550.0,11800.0,12550.0,928642.0,11353341000.0,749841692100.0,59748342,KOSPI,tradable_ohlcv
2006-05-16,12400.0,12400.0,11200.0,11600.0,1125000.0,13164905500.0,693080767200.0,59748342,KOSPI,tradable_ohlcv
2006-05-17,11600.0,12000.0,11250.0,11600.0,620381.0,7251214100.0,693080767200.0,59748342,KOSPI,tradable_ohlcv
2006-05-18,11050.0,11300.0,10350.0,10700.0,1085958.0,11625118600.0,639307259400.0,59748342,KOSPI,tradable_ohlcv
2006-05-19,10400.0,10500.0,10000.0,10450.0,986039.0,10160628050.0,624370173900.0,59748342,KOSPI,tradable_ohlcv
2006-05-22,10450.0,10700.0,9750.0,9750.0,676850.0,6768671100.0,582546334500.0,59748342,KOSPI,tradable_ohlcv
2006-05-23,9460.0,9750.0,9300.0,9370.0,553794.0,5212042280.0,559841964540.0,59748342,KOSPI,tradable_ohlcv
2006-05-24,9340.0,10750.0,9330.0,10750.0,1183033.0,11988192750.0,642294676500.0,59748342,KOSPI,tradable_ohlcv
2006-05-25,10900.0,10950.0,10150.0,10200.0,498432.0,5188431400.0,609433088400.0,59748342,KOSPI,tradable_ohlcv
2006-05-26,10450.0,11500.0,10450.0,11000.0,1144800.0,12709663500.0,657231762000.0,59748342,KOSPI,tradable_ohlcv
2006-05-29,11250.0,11400.0,10800.0,11000.0,550162.0,6153423500.0,657231762000.0,59748342,KOSPI,tradable_ohlcv
2006-05-30,11050.0,11200.0,10500.0,11100.0,327417.0,3522473400.0,663206596200.0,59748342,KOSPI,tradable_ohlcv
2006-06-01,10800.0,10900.0,10400.0,10400.0,286327.0,3043763300.0,621382756800.0,59748342,KOSPI,tradable_ohlcv
2006-06-02,10700.0,10900.0,10400.0,10850.0,343561.0,3686475900.0,648269510700.0,59748342,KOSPI,tradable_ohlcv
2006-06-05,11100.0,11100.0,10300.0,10300.0,175730.0,1868840500.0,615407922600.0,59748342,KOSPI,tradable_ohlcv
2006-06-07,10300.0,10850.0,10200.0,10300.0,547635.0,5787744500.0,615407922600.0,59748342,KOSPI,tradable_ohlcv
2006-06-08,10300.0,10550.0,9990.0,9990.0,341518.0,3463714520.0,596885936580.0,59748342,KOSPI,tradable_ohlcv
2006-06-09,10350.0,10400.0,9800.0,10000.0,377191.0,3770289900.0,597483420000.0,59748342,KOSPI,tradable_ohlcv
2006-06-12,9990.0,10000.0,9650.0,9990.0,178089.0,1757631500.0,596885936580.0,59748342,KOSPI,tradable_ohlcv
2006-06-13,9710.0,9880.0,9600.0,9600.0,169271.0,1642832700.0,573584083200.0,59748342,KOSPI,tradable_ohlcv
2006-06-14,9430.0,9990.0,9430.0,9920.0,204505.0,2013766900.0,592703552640.0,59748342,KOSPI,tradable_ohlcv
2006-06-15,10150.0,10250.0,9780.0,9810.0,159480.0,1588013700.0,586131235020.0,59748342,KOSPI,tradable_ohlcv
2006-06-16,10100.0,10350.0,10050.0,10150.0,211763.0,2158464450.0,606445671300.0,59748342,KOSPI,tradable_ohlcv
2006-06-19,10150.0,10300.0,10050.0,10100.0,143501.0,1462029600.0,603458254200.0,59748342,KOSPI,tradable_ohlcv
2006-06-20,9950.0,9950.0,9600.0,9800.0,198555.0,1936874300.0,585533751600.0,59748342,KOSPI,tradable_ohlcv
2006-06-21,9710.0,9840.0,9650.0,9720.0,76104.0,741001100.0,580753884240.0,59748342,KOSPI,tradable_ohlcv
2006-06-22,9900.0,10150.0,9820.0,9930.0,271418.0,2704421440.0,593301036060.0,59748342,KOSPI,tradable_ohlcv
2006-06-23,9760.0,9900.0,9700.0,9790.0,139282.0,1358599380.0,584936268180.0,59748342,KOSPI,tradable_ohlcv
2006-06-26,10000.0,10000.0,9750.0,9900.0,93422.0,923358100.0,591508585800.0,59748342,KOSPI,tradable_ohlcv
2006-06-27,10000.0,10050.0,9680.0,9900.0,238929.0,2351413500.0,591508585800.0,59748342,KOSPI,tradable_ohlcv
2006-06-28,9700.0,9840.0,9600.0,9700.0,94132.0,913534050.0,579558917400.0,59748342,KOSPI,tradable_ohlcv
2006-06-29,9760.0,9910.0,9750.0,9910.0,246231.0,2422695010.0,592106069220.0,59748342,KOSPI,tradable_ohlcv
2006-06-30,10150.0,10300.0,10050.0,10200.0,210626.0,2141344860.0,609433088400.0,59748342,KOSPI,tradable_ohlcv
2006-07-03,10300.0,10300.0,10050.0,10200.0,116269.0,1178526000.0,609433088400.0,59748342,KOSPI,tradable_ohlcv
2006-07-04,10300.0,10850.0,10150.0,10650.0,548099.0,5782499250.0,636319842300.0,59748342,KOSPI,tradable_ohlcv
2006-07-05,10300.0,10900.0,10250.0,10800.0,433723.0,4649748900.0,645282093600.0,59748342,KOSPI,tradable_ohlcv
2006-07-06,10700.0,11300.0,10600.0,11200.0,730731.0,8063868700.0,669181430400.0,59748342,KOSPI,tradable_ohlcv
2006-07-07,11250.0,11650.0,10950.0,11450.0,523561.0,5932039450.0,684118515900.0,59748342,KOSPI,tradable_ohlcv
2006-07-10,11350.0,11550.0,11050.0,11500.0,769029.0,8741347500.0,687105933000.0,59748342,KOSPI,tradable_ohlcv
2006-07-11,11350.0,11600.0,11250.0,11400.0,444307.0,5084422150.0,681131098800.0,59748342,KOSPI,tradable_ohlcv
2006-07-12,11500.0,11550.0,11150.0,11400.0,420907.0,4792534800.0,681131098800.0,59748342,KOSPI,tradable_ohlcv
2006-07-13,11200.0,11300.0,10800.0,11000.0,419196.0,4629873000.0,657231762000.0,59748342,KOSPI,tradable_ohlcv
2006-07-14,10600.0,10800.0,10550.0,10700.0,244306.0,2608632200.0,639307259400.0,59748342,KOSPI,tradable_ohlcv
2006-07-18,10450.0,10850.0,10350.0,10600.0,194061.0,2065292100.0,633332425200.0,59748342,KOSPI,tradable_ohlcv
2006-07-19,10800.0,11100.0,10750.0,11100.0,315085.0,3444262500.0,663206596200.0,59748342,KOSPI,tradable_ohlcv
2006-07-20,11400.0,11750.0,11300.0,11550.0,568405.0,6572537500.0,690093350100.0,59748342,KOSPI,tradable_ohlcv
2006-07-21,11250.0,11400.0,11150.0,11150.0,273794.0,3073108600.0,666194013300.0,59748342,KOSPI,tradable_ohlcv
2006-07-24,11000.0,11300.0,10900.0,11150.0,249591.0,2771925650.0,666194013300.0,59748342,KOSPI,tradable_ohlcv
2006-07-25,11350.0,11550.0,11250.0,11350.0,716621.0,8132121350.0,678143681700.0,59748342,KOSPI,tradable_ohlcv
2006-07-26,11500.0,11750.0,11350.0,11700.0,529919.0,6156814750.0,699055601400.0,59748342,KOSPI,tradable_ohlcv
2006-07-27,12000.0,12800.0,11900.0,12450.0,1943511.0,24218597450.0,743866857900.0,59748342,KOSPI,tradable_ohlcv
2006-07-28,12600.0,12900.0,12200.0,12500.0,893608.0,11239130400.0,746854275000.0,59748342,KOSPI,tradable_ohlcv
2006-07-31,12800.0,12800.0,11900.0,12100.0,597523.0,7299778800.0,722954938200.0,59748342,KOSPI,tradable_ohlcv
2006-08-01,12150.0,12500.0,12150.0,12300.0,353144.0,4358207700.0,734904606600.0,59748342,KOSPI,tradable_ohlcv
2006-08-02,12300.0,12600.0,12100.0,12300.0,271388.0,3339756750.0,734904606600.0,59748342,KOSPI,tradable_ohlcv
2006-08-03,12500.0,12750.0,12150.0,12450.0,584490.0,7351173500.0,743866857900.0,59748342,KOSPI,tradable_ohlcv
2006-08-04,12400.0,12600.0,12200.0,12350.0,188662.0,2335649200.0,737892023700.0,59748342,KOSPI,tradable_ohlcv
2006-08-07,12400.0,12450.0,12000.0,12000.0,267370.0,3262680000.0,716980104000.0,59748342,KOSPI,tradable_ohlcv
2006-08-08,11900.0,12350.0,11900.0,12350.0,254450.0,3072044500.0,737892023700.0,59748342,KOSPI,tradable_ohlcv
2006-08-09,12300.0,12600.0,12250.0,12500.0,191400.0,2381342000.0,746854275000.0,59748342,KOSPI,tradable_ohlcv
2006-08-10,12400.0,12550.0,12150.0,12350.0,210832.0,2608989000.0,737892023700.0,59748342,KOSPI,tradable_ohlcv
2006-08-11,12400.0,12600.0,12300.0,12300.0,265890.0,3313668000.0,734904606600.0,59748342,KOSPI,tradable_ohlcv
2006-08-14,12300.0,12500.0,12200.0,12200.0,110048.0,1359438600.0,728929772400.0,59748342,KOSPI,tradable_ohlcv
2006-08-16,12400.0,14000.0,12400.0,14000.0,1049476.0,14043996500.0,836476788000.0,59748342,KOSPI,tradable_ohlcv
2006-08-17,13900.0,14000.0,13500.0,13650.0,722193.0,9941686150.0,815564868300.0,59748342,KOSPI,tradable_ohlcv
2006-08-18,13700.0,14050.0,13450.0,13700.0,395766.0,5442368450.0,818552285400.0,59748342,KOSPI,tradable_ohlcv
2006-08-21,13800.0,13800.0,13350.0,13400.0,244131.0,3292064800.0,800627782800.0,59748342,KOSPI,tradable_ohlcv
2006-08-22,13250.0,13950.0,13250.0,13750.0,328357.0,4466856200.0,821539702500.0,59748342,KOSPI,tradable_ohlcv
2006-08-23,13600.0,14100.0,13500.0,13750.0,348195.0,4804876250.0,821539702500.0,59748342,KOSPI,tradable_ohlcv
2006-08-24,13600.0,13700.0,13100.0,13100.0,321384.0,4267940040.0,782703280200.0,59748342,KOSPI,tradable_ohlcv
2006-08-25,13100.0,13350.0,12850.0,13000.0,400047.0,5240426750.0,776728446000.0,59748342,KOSPI,tradable_ohlcv
2006-08-28,13100.0,13350.0,12750.0,12850.0,344027.0,4463784900.0,767766194700.0,59748342,KOSPI,tradable_ohlcv
2006-08-29,13050.0,13450.0,13050.0,13350.0,398637.0,5288511950.0,797640365700.0,59748342,KOSPI,tradable_ohlcv
2006-08-30,13350.0,13500.0,13150.0,13400.0,229197.0,3073032800.0,800627782800.0,59748342,KOSPI,tradable_ohlcv
2006-08-31,13500.0,13600.0,13250.0,13300.0,328758.0,4415003400.0,794652948600.0,59748342,KOSPI,tradable_ohlcv
2006-09-01,13250.0,13600.0,13200.0,13400.0,273820.0,3675060000.0,800627782800.0,59748342,KOSPI,tradable_ohlcv
2006-09-04,13550.0,13650.0,13300.0,13400.0,288224.0,3882798100.0,800627782800.0,59748342,KOSPI,tradable_ohlcv
2006-09-05,13400.0,13400.0,13050.0,13300.0,245809.0,3245750200.0,794652948600.0,59748342,KOSPI,tradable_ohlcv
2006-09-06,13300.0,13300.0,12850.0,13000.0,284736.0,3702397750.0,776728446000.0,59748342,KOSPI,tradable_ohlcv
2006-09-07,12950.0,13150.0,12850.0,12950.0,141970.0,1849101500.0,773741028900.0,59748342,KOSPI,tradable_ohlcv
2006-09-08,12950.0,13300.0,12900.0,13150.0,155921.0,2048434150.0,785690697300.0,59748342,KOSPI,tradable_ohlcv
2006-09-11,13000.0,13100.0,12800.0,12800.0,104802.0,1352961600.0,764778777600.0,59748342,KOSPI,tradable_ohlcv
2006-09-12,12800.0,13000.0,12450.0,12650.0,282981.0,3572322900.0,755816526300.0,59748342,KOSPI,tradable_ohlcv
2006-09-13,12900.0,12900.0,12600.0,12600.0,102345.0,1296295250.0,752829109200.0,59748342,KOSPI,tradable_ohlcv
2006-09-14,12550.0,13000.0,12400.0,13000.0,373549.0,4783720500.0,776728446000.0,59748342,KOSPI,tradable_ohlcv
2006-09-15,13000.0,13100.0,12800.0,13000.0,117659.0,1521358500.0,776728446000.0,59748342,KOSPI,tradable_ohlcv
2006-09-18,12900.0,13000.0,12600.0,12900.0,497180.0,6338420300.0,770753611800.0,59748342,KOSPI,tradable_ohlcv
2006-09-19,12500.0,12550.0,11500.0,12000.0,1691122.0,20193180000.0,716980104000.0,59748342,KOSPI,tradable_ohlcv
2006-09-20,12000.0,12050.0,11650.0,11950.0,521668.0,6168919850.0,713992686900.0,59748342,KOSPI,tradable_ohlcv
2006-09-21,12050.0,12100.0,11700.0,11700.0,367869.0,4343340800.0,699055601400.0,59748342,KOSPI,tradable_ohlcv
2006-09-22,11700.0,11800.0,11450.0,11700.0,300726.0,3487297200.0,699055601400.0,59748342,KOSPI,tradable_ohlcv
2006-09-25,11650.0,11650.0,11150.0,11600.0,418810.0,4755976500.0,693080767200.0,59748342,KOSPI,tradable_ohlcv
2006-09-26,11550.0,11600.0,11150.0,11400.0,416518.0,4710029200.0,681131098800.0,59748342,KOSPI,tradable_ohlcv
2006-09-27,11300.0,11450.0,10950.0,11400.0,1968292.0,21993696600.0,681131098800.0,59748342,KOSPI,tradable_ohlcv
2006-09-28,11500.0,12100.0,11400.0,11800.0,1413657.0,16760778100.0,705030435600.0,59748342,KOSPI,tradable_ohlcv
2006-09-29,12050.0,12800.0,12000.0,12600.0,1776755.0,22341136000.0,752829109200.0,59748342,KOSPI,tradable_ohlcv
2006-10-02,12650.0,13100.0,12650.0,13000.0,1275829.0,16535956850.0,776728446000.0,59748342,KOSPI,tradable_ohlcv
2006-10-04,12650.0,13000.0,12300.0,12400.0,864688.0,10892232700.0,740879440800.0,59748342,KOSPI,tradable_ohlcv
2006-10-09,12600.0,12950.0,11600.0,12300.0,920065.0,11377773250.0,734904606600.0,59748342,KOSPI,tradable_ohlcv
2006-10-10,12050.0,12500.0,12050.0,12350.0,438300.0,5393299000.0,737892023700.0,59748342,KOSPI,tradable_ohlcv
2006-10-11,12150.0,12300.0,12000.0,12050.0,333969.0,4046209150.0,719967521100.0,59748342,KOSPI,tradable_ohlcv
2006-10-12,12150.0,12400.0,12050.0,12350.0,431840.0,5320560000.0,737892023700.0,59748342,KOSPI,tradable_ohlcv
2006-10-13,12600.0,13100.0,12450.0,13000.0,570140.0,7345233000.0,776728446000.0,59748342,KOSPI,tradable_ohlcv
2006-10-16,13300.0,14200.0,13250.0,13950.0,987795.0,13540346600.0,833489370900.0,59748342,KOSPI,tradable_ohlcv
2006-10-17,14050.0,14100.0,13250.0,13400.0,656832.0,8845298300.0,800627782800.0,59748342,KOSPI,tradable_ohlcv
2006-10-18,13600.0,14000.0,13350.0,14000.0,657838.0,9016620000.0,836476788000.0,59748342,KOSPI,tradable_ohlcv
2006-10-19,14100.0,14250.0,13750.0,13800.0,458649.0,6386162400.0,824527119600.0,59748342,KOSPI,tradable_ohlcv
2006-10-20,13800.0,14100.0,13650.0,13800.0,304169.0,4219797200.0,824527119600.0,59748342,KOSPI,tradable_ohlcv
2006-10-23,14100.0,14100.0,13700.0,13800.0,312121.0,4320563250.0,824527119600.0,59748342,KOSPI,tradable_ohlcv
2006-10-24,13900.0,14000.0,13400.0,13400.0,305293.0,4146091700.0,800627782800.0,59748342,KOSPI,tradable_ohlcv
2006-10-25,13400.0,13550.0,13150.0,13300.0,203899.0,2718246200.0,794652948600.0,59748342,KOSPI,tradable_ohlcv
2006-10-26,13300.0,13650.0,13300.0,13650.0,187711.0,2535066000.0,815564868300.0,59748342,KOSPI,tradable_ohlcv
2006-10-27,13800.0,14000.0,13650.0,13950.0,450123.0,6248414350.0,833489370900.0,59748342,KOSPI,tradable_ohlcv
2006-10-30,13900.0,14000.0,13550.0,13950.0,194216.0,2690820200.0,833489370900.0,59748342,KOSPI,tradable_ohlcv
2006-10-31,14100.0,14550.0,14100.0,14450.0,449210.0,6452445500.0,863363541900.0,59748342,KOSPI,tradable_ohlcv
2006-11-01,14650.0,14650.0,14250.0,14350.0,261610.0,3767067500.0,857388707700.0,59748342,KOSPI,tradable_ohlcv
2006-11-02,13900.0,14050.0,13700.0,14000.0,946291.0,13157660500.0,836476788000.0,59748342,KOSPI,tradable_ohlcv
2006-11-03,14000.0,14050.0,13800.0,13800.0,256475.0,3554454150.0,824527119600.0,59748342,KOSPI,tradable_ohlcv
2006-11-06,13850.0,14000.0,13650.0,13850.0,188383.0,2605232550.0,827514536700.0,59748342,KOSPI,tradable_ohlcv
2006-11-07,13950.0,14000.0,13650.0,13650.0,230340.0,3181437000.0,815564868300.0,59748342,KOSPI,tradable_ohlcv
2006-11-08,13650.0,13900.0,13350.0,13900.0,296886.0,4049758100.0,830501953800.0,59748342,KOSPI,tradable_ohlcv
2006-11-09,13850.0,14100.0,13850.0,14050.0,376652.0,5270996100.0,839464205100.0,59748342,KOSPI,tradable_ohlcv
2006-11-10,13950.0,14000.0,13800.0,13900.0,192925.0,2680643200.0,830501953800.0,59748342,KOSPI,tradable_ohlcv
2006-11-13,14000.0,14100.0,13500.0,13550.0,340679.0,4689100950.0,809590034100.0,59748342,KOSPI,tradable_ohlcv
2006-11-14,13450.0,13500.0,13300.0,13300.0,240117.0,3216679600.0,794652948600.0,59748342,KOSPI,tradable_ohlcv
2006-11-15,13500.0,13750.0,13150.0,13550.0,444272.0,5984509100.0,809590034100.0,59748342,KOSPI,tradable_ohlcv
2006-11-16,13450.0,13750.0,13450.0,13700.0,169740.0,2311651000.0,818552285400.0,59748342,KOSPI,tradable_ohlcv
2006-11-17,13800.0,13800.0,13550.0,13550.0,159345.0,2178596250.0,809590034100.0,59748342,KOSPI,tradable_ohlcv
2006-11-20,13700.0,13700.0,13200.0,13200.0,214060.0,2851461000.0,788678114400.0,59748342,KOSPI,tradable_ohlcv
2006-11-21,13100.0,13150.0,12750.0,12800.0,551618.0,7095714400.0,764778777600.0,59748342,KOSPI,tradable_ohlcv
2006-11-22,12550.0,13050.0,12400.0,12900.0,1115864.0,14293951800.0,928800000000.0,72000000,KOSPI,tradable_ohlcv
2006-11-23,13050.0,13200.0,12750.0,13200.0,777972.0,10182225250.0,950400000000.0,72000000,KOSPI,tradable_ohlcv
2006-11-24,13300.0,13950.0,13050.0,13900.0,1139716.0,15483126750.0,1000800000000.0,72000000,KOSPI,tradable_ohlcv
2006-11-27,13800.0,13800.0,13550.0,13700.0,446379.0,6117161850.0,986400000000.0,72000000,KOSPI,tradable_ohlcv
2006-11-28,13400.0,13450.0,13250.0,13300.0,1143879.0,15231993700.0,957600000000.0,72000000,KOSPI,tradable_ohlcv
2006-11-29,13150.0,13900.0,13150.0,13900.0,1213713.0,16602432700.0,1000800000000.0,72000000,KOSPI,tradable_ohlcv
2006-11-30,14100.0,14750.0,13900.0,14600.0,1791212.0,25772510750.0,1051200000000.0,72000000,KOSPI,tradable_ohlcv
2006-12-01,14550.0,14850.0,14500.0,14650.0,728921.0,10695648650.0,1054800000000.0,72000000,KOSPI,tradable_ohlcv
2006-12-04,14650.0,14700.0,14200.0,14500.0,284331.0,4098682500.0,1044000000000.0,72000000,KOSPI,tradable_ohlcv
2006-12-05,14400.0,14500.0,13700.0,14000.0,923947.0,12935277000.0,1008000000000.0,72000000,KOSPI,tradable_ohlcv
2006-12-06,13800.0,14100.0,13250.0,14100.0,1462458.0,19964816300.0,1015200000000.0,72000000,KOSPI,tradable_ohlcv
2006-12-07,14000.0,15100.0,14000.0,14800.0,1129302.0,16504154750.0,1065600000000.0,72000000,KOSPI,tradable_ohlcv
2006-12-08,14650.0,14900.0,14350.0,14450.0,954443.0,13936022450.0,1040400000000.0,72000000,KOSPI,tradable_ohlcv
2006-12-11,14300.0,14700.0,14250.0,14400.0,343335.0,4962498000.0,1036800000000.0,72000000,KOSPI,tradable_ohlcv
2006-12-12,14400.0,14900.0,14200.0,14400.0,781100.0,11374276550.0,1036800000000.0,72000000,KOSPI,tradable_ohlcv
2006-12-13,14500.0,14950.0,14350.0,14750.0,399682.0,5874085500.0,1062000000000.0,72000000,KOSPI,tradable_ohlcv
2006-12-14,14700.0,16000.0,14700.0,15850.0,1321886.0,20546899600.0,1141200000000.0,72000000,KOSPI,tradable_ohlcv
2006-12-15,15700.0,16800.0,15700.0,15900.0,862327.0,13980473100.0,1144800000000.0,72000000,KOSPI,tradable_ohlcv
2006-12-18,16100.0,16300.0,15550.0,15600.0,382361.0,6050193550.0,1123200000000.0,72000000,KOSPI,tradable_ohlcv
2006-12-19,15550.0,15900.0,15150.0,15250.0,709995.0,10985413500.0,1098000000000.0,72000000,KOSPI,tradable_ohlcv
2006-12-20,15250.0,15850.0,15250.0,15550.0,721571.0,11209089000.0,1119600000000.0,72000000,KOSPI,tradable_ohlcv
2006-12-21,15450.0,15650.0,15050.0,15200.0,506182.0,7725635400.0,1094400000000.0,72000000,KOSPI,tradable_ohlcv
2006-12-22,15050.0,15600.0,15050.0,15150.0,535469.0,8172094900.0,1090800000000.0,72000000,KOSPI,tradable_ohlcv
2006-12-26,15250.0,15400.0,14950.0,15300.0,474654.0,7215120200.0,1101600000000.0,72000000,KOSPI,tradable_ohlcv
2006-12-27,15300.0,16050.0,15300.0,15900.0,505977.0,7983204800.0,1144800000000.0,72000000,KOSPI,tradable_ohlcv
2006-12-28,16050.0,16150.0,15600.0,15600.0,364706.0,5761125900.0,1123200000000.0,72000000,KOSPI,tradable_ohlcv
