d,o,h,l,c,v,a,mc,s,m,rs
2013-01-02,9450.0,9540.0,9100.0,9220.0,45302.0,421699240.0,151822264060.0,16466623,KOSPI,tradable_ohlcv
2013-01-03,9240.0,9420.0,9230.0,9230.0,30020.0,280449400.0,151986930290.0,16466623,KOSPI,tradable_ohlcv
2013-01-04,9300.0,9580.0,9300.0,9500.0,27620.0,261506800.0,156432918500.0,16466623,KOSPI,tradable_ohlcv
2013-01-07,9600.0,9770.0,9570.0,9750.0,46018.0,446276000.0,160549574250.0,16466623,KOSPI,tradable_ohlcv
2013-01-08,9770.0,10350.0,9720.0,10100.0,125994.0,1274947100.0,166312892300.0,16466623,KOSPI,tradable_ohlcv
2013-01-09,10250.0,10600.0,10000.0,10450.0,139321.0,1434762650.0,172076210350.0,16466623,KOSPI,tradable_ohlcv
2013-01-10,10450.0,10750.0,10350.0,10550.0,65644.0,693069200.0,173722872650.0,16466623,KOSPI,tradable_ohlcv
2013-01-11,10550.0,11300.0,10500.0,11000.0,187431.0,2048038500.0,181132853000.0,16466623,KOSPI,tradable_ohlcv
2013-01-14,11200.0,11200.0,10800.0,10900.0,84931.0,931450900.0,179486190700.0,16466623,KOSPI,tradable_ohlcv
2013-01-15,11000.0,11150.0,10400.0,10800.0,139260.0,1489233500.0,177839528400.0,16466623,KOSPI,tradable_ohlcv
2013-01-16,10650.0,11450.0,10650.0,11350.0,128444.0,1433516800.0,186896171050.0,16466623,KOSPI,tradable_ohlcv
2013-01-17,11300.0,11550.0,11100.0,11400.0,83067.0,943280800.0,187719502200.0,16466623,KOSPI,tradable_ohlcv
2013-01-18,11400.0,11500.0,11250.0,11350.0,50420.0,574806500.0,186896171050.0,16466623,KOSPI,tradable_ohlcv
2013-01-21,11350.0,12000.0,11200.0,11850.0,76691.0,892230600.0,195129482550.0,16466623,KOSPI,tradable_ohlcv
2013-01-22,12000.0,12100.0,11650.0,12000.0,64551.0,767189250.0,197599476000.0,16466623,KOSPI,tradable_ohlcv
2013-01-23,12300.0,12300.0,11650.0,11950.0,52610.0,623324000.0,196776144850.0,16466623,KOSPI,tradable_ohlcv
2013-01-24,12000.0,12150.0,11200.0,11800.0,49541.0,585564300.0,194306151400.0,16466623,KOSPI,tradable_ohlcv
2013-01-25,11900.0,12450.0,11700.0,12200.0,64640.0,785839500.0,200892800600.0,16466623,KOSPI,tradable_ohlcv
2013-01-28,12200.0,12350.0,12000.0,12100.0,60350.0,734031000.0,199246138300.0,16466623,KOSPI,tradable_ohlcv
2013-01-29,12000.0,12200.0,11700.0,12000.0,41620.0,495228500.0,197599476000.0,16466623,KOSPI,tradable_ohlcv
2013-01-30,12100.0,12200.0,11750.0,12100.0,36183.0,434520100.0,199246138300.0,16466623,KOSPI,tradable_ohlcv
2013-01-31,12250.0,12600.0,12000.0,12400.0,97305.0,1203291000.0,204186125200.0,16466623,KOSPI,tradable_ohlcv
2013-02-01,12700.0,12700.0,11800.0,12250.0,84052.0,1017284000.0,201716131750.0,16466623,KOSPI,tradable_ohlcv
2013-02-04,12250.0,12250.0,11350.0,11350.0,100186.0,1175021100.0,186896171050.0,16466623,KOSPI,tradable_ohlcv
2013-02-05,11150.0,11450.0,10900.0,11150.0,88650.0,993174500.0,183602846450.0,16466623,KOSPI,tradable_ohlcv
2013-02-06,11250.0,11750.0,11050.0,11550.0,84523.0,970746650.0,190189495650.0,16466623,KOSPI,tradable_ohlcv
2013-02-07,11700.0,11850.0,11300.0,11750.0,49115.0,571998050.0,193482820250.0,16466623,KOSPI,tradable_ohlcv
2013-02-08,11700.0,12000.0,11500.0,11600.0,31901.0,374025100.0,191012826800.0,16466623,KOSPI,tradable_ohlcv
2013-02-12,11700.0,11750.0,11350.0,11500.0,22751.0,262032000.0,189366164500.0,16466623,KOSPI,tradable_ohlcv
2013-02-13,11400.0,12050.0,11400.0,12050.0,43703.0,520221850.0,198422807150.0,16466623,KOSPI,tradable_ohlcv
2013-02-14,12250.0,12350.0,11850.0,12100.0,35207.0,425364500.0,199246138300.0,16466623,KOSPI,tradable_ohlcv
2013-02-15,12000.0,12300.0,11700.0,12250.0,49640.0,602863500.0,201716131750.0,16466623,KOSPI,tradable_ohlcv
2013-02-18,12150.0,12600.0,12150.0,12500.0,37819.0,467873250.0,205832787500.0,16466623,KOSPI,tradable_ohlcv
2013-02-19,12400.0,12600.0,12000.0,12000.0,71810.0,880465000.0,197599476000.0,16466623,KOSPI,tradable_ohlcv
2013-02-20,12100.0,12250.0,11800.0,12100.0,61789.0,746312200.0,199246138300.0,16466623,KOSPI,tradable_ohlcv
2013-02-21,12050.0,12050.0,11600.0,11600.0,56067.0,661786300.0,191012826800.0,16466623,KOSPI,tradable_ohlcv
2013-02-22,11600.0,11700.0,11300.0,11450.0,65006.0,747203200.0,188542833350.0,16466623,KOSPI,tradable_ohlcv
2013-02-25,11500.0,11600.0,11200.0,11400.0,38316.0,434239950.0,187719502200.0,16466623,KOSPI,tradable_ohlcv
2013-02-26,11400.0,11500.0,11050.0,11350.0,33082.0,372380600.0,186896171050.0,16466623,KOSPI,tradable_ohlcv
2013-02-27,11250.0,11650.0,11250.0,11550.0,30282.0,347159200.0,190189495650.0,16466623,KOSPI,tradable_ohlcv
2013-02-28,11550.0,11700.0,11300.0,11550.0,24198.0,277610900.0,190189495650.0,16466623,KOSPI,tradable_ohlcv
2013-03-04,11600.0,11600.0,11050.0,11100.0,63973.0,722697300.0,182779515300.0,16466623,KOSPI,tradable_ohlcv
2013-03-05,11200.0,11600.0,10950.0,11500.0,50448.0,568646000.0,189366164500.0,16466623,KOSPI,tradable_ohlcv
2013-03-06,11450.0,12100.0,11400.0,11950.0,72750.0,854465000.0,196776144850.0,16466623,KOSPI,tradable_ohlcv
2013-03-07,11950.0,12050.0,11350.0,11950.0,76630.0,904357000.0,196776144850.0,16466623,KOSPI,tradable_ohlcv
2013-03-08,11850.0,11950.0,11700.0,11750.0,34319.0,405497450.0,193482820250.0,16466623,KOSPI,tradable_ohlcv
2013-03-11,11750.0,12500.0,11650.0,12400.0,80983.0,991446700.0,204186125200.0,16466623,KOSPI,tradable_ohlcv
2013-03-12,12400.0,12550.0,12250.0,12350.0,64242.0,796651700.0,203362794050.0,16466623,KOSPI,tradable_ohlcv
2013-03-13,12350.0,12400.0,12100.0,12400.0,44431.0,546008900.0,204186125200.0,16466623,KOSPI,tradable_ohlcv
2013-03-14,12500.0,13050.0,12250.0,12950.0,78844.0,1000996300.0,213242767850.0,16466623,KOSPI,tradable_ohlcv
2013-03-15,13300.0,13300.0,12800.0,12850.0,58937.0,765186950.0,211596105550.0,16466623,KOSPI,tradable_ohlcv
2013-03-18,12750.0,13250.0,12550.0,12900.0,62710.0,814408500.0,212419436700.0,16466623,KOSPI,tradable_ohlcv
2013-03-19,13000.0,13650.0,12900.0,13500.0,79648.0,1060174500.0,222299410500.0,16466623,KOSPI,tradable_ohlcv
2013-03-20,13350.0,13600.0,13050.0,13350.0,73990.0,981803500.0,219829417050.0,16466623,KOSPI,tradable_ohlcv
2013-03-21,13350.0,13600.0,13350.0,13350.0,23580.0,317827500.0,219829417050.0,16466623,KOSPI,tradable_ohlcv
2013-03-22,13500.0,13900.0,13300.0,13650.0,37420.0,508303000.0,224769403950.0,16466623,KOSPI,tradable_ohlcv
2013-03-25,13650.0,14150.0,13450.0,14000.0,41752.0,579022250.0,230532722000.0,16466623,KOSPI,tradable_ohlcv
2013-03-26,14050.0,14500.0,13800.0,14400.0,39652.0,563309800.0,237119371200.0,16466623,KOSPI,tradable_ohlcv
2013-03-27,14400.0,14600.0,14200.0,14450.0,41750.0,601302500.0,237942702350.0,16466623,KOSPI,tradable_ohlcv
2013-03-28,14600.0,14600.0,14250.0,14350.0,75640.0,1093874400.0,236296040050.0,16466623,KOSPI,tradable_ohlcv
2013-03-29,14350.0,14700.0,14200.0,14500.0,49318.0,715149800.0,238766033500.0,16466623,KOSPI,tradable_ohlcv
2013-04-01,14650.0,15450.0,14650.0,14900.0,97524.0,1458306600.0,245352682700.0,16466623,KOSPI,tradable_ohlcv
2013-04-02,14700.0,16400.0,14700.0,16400.0,394146.0,6270046550.0,270052617200.0,16466623,KOSPI,tradable_ohlcv
2013-04-03,16250.0,17150.0,16100.0,16700.0,324094.0,5394580300.0,274992604100.0,16466623,KOSPI,tradable_ohlcv
2013-04-04,16500.0,16950.0,16100.0,16850.0,247724.0,4117997400.0,277462597550.0,16466623,KOSPI,tradable_ohlcv
2013-04-05,16900.0,17000.0,16500.0,16750.0,106320.0,1781117000.0,275815935250.0,16466623,KOSPI,tradable_ohlcv
2013-04-08,16550.0,17000.0,15500.0,15950.0,101882.0,1646441900.0,262642636850.0,16466623,KOSPI,tradable_ohlcv
2013-04-09,16000.0,16300.0,15300.0,16200.0,128332.0,2018370400.0,266759292600.0,16466623,KOSPI,tradable_ohlcv
2013-04-10,16300.0,16300.0,16000.0,16200.0,23840.0,385488000.0,266759292600.0,16466623,KOSPI,tradable_ohlcv
2013-04-11,16300.0,16900.0,16100.0,16500.0,63110.0,1037720500.0,271699279500.0,16466623,KOSPI,tradable_ohlcv
2013-04-12,16500.0,17150.0,16200.0,16800.0,149767.0,2506409100.0,276639266400.0,16466623,KOSPI,tradable_ohlcv
2013-04-15,16800.0,16850.0,16000.0,16800.0,120083.0,1974002400.0,276639266400.0,16466623,KOSPI,tradable_ohlcv
2013-04-16,16500.0,16550.0,15800.0,16350.0,126220.0,2041506000.0,269229286050.0,16466623,KOSPI,tradable_ohlcv
2013-04-17,16400.0,16700.0,16150.0,16650.0,83533.0,1370928450.0,274169272950.0,16466623,KOSPI,tradable_ohlcv
2013-04-18,16600.0,17550.0,16300.0,17100.0,168468.0,2867293800.0,281579253300.0,16466623,KOSPI,tradable_ohlcv
2013-04-19,17150.0,17500.0,16600.0,17000.0,108825.0,1871542000.0,279932591000.0,16466623,KOSPI,tradable_ohlcv
2013-04-22,17000.0,17500.0,16850.0,17450.0,211776.0,3617241700.0,287342571350.0,16466623,KOSPI,tradable_ohlcv
2013-04-23,17600.0,18300.0,17600.0,18100.0,220727.0,3993575500.0,298045876300.0,16466623,KOSPI,tradable_ohlcv
2013-04-24,18350.0,18950.0,17950.0,18800.0,159163.0,2961419950.0,309572512400.0,16466623,KOSPI,tradable_ohlcv
2013-04-25,18850.0,18900.0,18250.0,18900.0,119173.0,2230486200.0,311219174700.0,16466623,KOSPI,tradable_ohlcv
2013-04-26,18850.0,19350.0,18500.0,19200.0,83929.0,1595661800.0,316159161600.0,16466623,KOSPI,tradable_ohlcv
2013-04-29,19350.0,19500.0,18500.0,19000.0,58686.0,1118126400.0,312865837000.0,16466623,KOSPI,tradable_ohlcv
2013-04-30,19050.0,19050.0,18300.0,18500.0,85737.0,1598176500.0,304632525500.0,16466623,KOSPI,tradable_ohlcv
2013-05-02,18200.0,19350.0,18150.0,19250.0,80510.0,1507366000.0,316982492750.0,16466623,KOSPI,tradable_ohlcv
2013-05-03,19250.0,19800.0,18700.0,18850.0,56918.0,1083832800.0,310395843550.0,16466623,KOSPI,tradable_ohlcv
2013-05-06,18850.0,18850.0,18400.0,18550.0,39322.0,731361200.0,305455856650.0,16466623,KOSPI,tradable_ohlcv
2013-05-07,18600.0,19200.0,18300.0,19200.0,48400.0,909227600.0,316159161600.0,16466623,KOSPI,tradable_ohlcv
2013-05-08,19300.0,20200.0,19150.0,20050.0,119257.0,2358265750.0,330155791150.0,16466623,KOSPI,tradable_ohlcv
2013-05-09,20200.0,20200.0,19150.0,20050.0,133621.0,2632007000.0,330155791150.0,16466623,KOSPI,tradable_ohlcv
2013-05-10,20050.0,20550.0,19900.0,20050.0,93240.0,1885103000.0,330155791150.0,16466623,KOSPI,tradable_ohlcv
2013-05-13,19650.0,20050.0,19500.0,19550.0,36221.0,715336850.0,321922479650.0,16466623,KOSPI,tradable_ohlcv
2013-05-14,19700.0,19700.0,18450.0,19050.0,128352.0,2441758600.0,313689168150.0,16466623,KOSPI,tradable_ohlcv
2013-05-15,19000.0,19300.0,18850.0,19000.0,87531.0,1669100500.0,312865837000.0,16466623,KOSPI,tradable_ohlcv
2013-05-16,18950.0,19000.0,18000.0,18500.0,81668.0,1517012300.0,304632525500.0,16466623,KOSPI,tradable_ohlcv
2013-05-20,18300.0,18850.0,17750.0,18850.0,124833.0,2296724550.0,310395843550.0,16466623,KOSPI,tradable_ohlcv
2013-05-21,18650.0,18950.0,18450.0,18800.0,41621.0,780243600.0,309572512400.0,16466623,KOSPI,tradable_ohlcv
2013-05-22,18900.0,19050.0,18550.0,18900.0,56259.0,1056388600.0,311219174700.0,16466623,KOSPI,tradable_ohlcv
2013-05-23,18550.0,18900.0,18300.0,18800.0,44116.0,823604300.0,309572512400.0,16466623,KOSPI,tradable_ohlcv
2013-05-24,18800.0,18800.0,18100.0,18100.0,35551.0,652519650.0,298045876300.0,16466623,KOSPI,tradable_ohlcv
2013-05-27,18500.0,18600.0,18100.0,18450.0,34032.0,625869100.0,303809194350.0,16466623,KOSPI,tradable_ohlcv
2013-05-28,18450.0,19150.0,18100.0,19000.0,59500.0,1109872000.0,312865837000.0,16466623,KOSPI,tradable_ohlcv
2013-05-29,19000.0,19850.0,18800.0,19850.0,80712.0,1566556100.0,326862466550.0,16466623,KOSPI,tradable_ohlcv
2013-05-30,19750.0,19750.0,19100.0,19400.0,60033.0,1167125700.0,319452486200.0,16466623,KOSPI,tradable_ohlcv
2013-05-31,19650.0,19650.0,18500.0,19150.0,96977.0,1837843550.0,315335830450.0,16466623,KOSPI,tradable_ohlcv
2013-06-03,19150.0,19600.0,18650.0,19050.0,25631.0,493553050.0,313689168150.0,16466623,KOSPI,tradable_ohlcv
2013-06-04,18650.0,19450.0,18250.0,18900.0,31815.0,596841850.0,311219174700.0,16466623,KOSPI,tradable_ohlcv
2013-06-05,18550.0,18550.0,17500.0,17550.0,65333.0,1178220150.0,288989233650.0,16466623,KOSPI,tradable_ohlcv
2013-06-07,17300.0,18000.0,17200.0,17550.0,43341.0,758608500.0,288989233650.0,16466623,KOSPI,tradable_ohlcv
2013-06-10,17600.0,18750.0,17600.0,18550.0,54166.0,998095800.0,305455856650.0,16466623,KOSPI,tradable_ohlcv
2013-06-11,18900.0,18900.0,18150.0,18350.0,30497.0,558376450.0,302162532050.0,16466623,KOSPI,tradable_ohlcv
2013-06-12,18450.0,19050.0,18100.0,18950.0,37973.0,714652850.0,312042505850.0,16466623,KOSPI,tradable_ohlcv
2013-06-13,18700.0,18950.0,18150.0,18700.0,19030.0,352492500.0,307925850100.0,16466623,KOSPI,tradable_ohlcv
2013-06-14,18700.0,18700.0,18050.0,18050.0,18799.0,342034150.0,297222545150.0,16466623,KOSPI,tradable_ohlcv
2013-06-17,17950.0,18200.0,17500.0,17650.0,28441.0,508707150.0,290635895950.0,16466623,KOSPI,tradable_ohlcv
2013-06-18,17450.0,18350.0,17000.0,18350.0,47125.0,828160300.0,302162532050.0,16466623,KOSPI,tradable_ohlcv
2013-06-19,18350.0,18550.0,18100.0,18200.0,13783.0,252307600.0,299692538600.0,16466623,KOSPI,tradable_ohlcv
2013-06-20,18100.0,18300.0,17250.0,18150.0,47018.0,847967400.0,298869207450.0,16466623,KOSPI,tradable_ohlcv
2013-06-21,17250.0,18050.0,17250.0,18000.0,26366.0,471501500.0,296399214000.0,16466623,KOSPI,tradable_ohlcv
2013-06-24,18000.0,18000.0,17500.0,17500.0,20010.0,354830000.0,288165902500.0,16466623,KOSPI,tradable_ohlcv
2013-06-25,17250.0,17500.0,15300.0,15400.0,101766.0,1641729400.0,253585994200.0,16466623,KOSPI,tradable_ohlcv
2013-06-26,16000.0,16650.0,15950.0,16500.0,31971.0,524342500.0,271699279500.0,16466623,KOSPI,tradable_ohlcv
2013-06-27,16950.0,17700.0,16850.0,17350.0,38653.0,668489050.0,285695909050.0,16466623,KOSPI,tradable_ohlcv
2013-06-28,17350.0,17500.0,16900.0,17400.0,19473.0,336850200.0,286519240200.0,16466623,KOSPI,tradable_ohlcv
2013-07-01,17400.0,17800.0,17050.0,17650.0,27505.0,482256250.0,290635895950.0,16466623,KOSPI,tradable_ohlcv
2013-07-02,17500.0,17650.0,17200.0,17400.0,17575.0,305773500.0,286519240200.0,16466623,KOSPI,tradable_ohlcv
2013-07-03,17400.0,17900.0,17100.0,17150.0,24628.0,430114200.0,282402584450.0,16466623,KOSPI,tradable_ohlcv
2013-07-04,17150.0,17600.0,17150.0,17550.0,23437.0,406630850.0,288989233650.0,16466623,KOSPI,tradable_ohlcv
2013-07-05,17550.0,18350.0,17550.0,18050.0,26727.0,482766350.0,297222545150.0,16466623,KOSPI,tradable_ohlcv
2013-07-08,17650.0,18000.0,17400.0,18000.0,9900.0,174889500.0,296399214000.0,16466623,KOSPI,tradable_ohlcv
2013-07-09,18050.0,18250.0,17700.0,18250.0,10781.0,194622250.0,300515869750.0,16466623,KOSPI,tradable_ohlcv
2013-07-10,18200.0,18350.0,17700.0,18050.0,50899.0,923208450.0,297222545150.0,16466623,KOSPI,tradable_ohlcv
2013-07-11,18300.0,18350.0,17900.0,18150.0,19920.0,360722000.0,298869207450.0,16466623,KOSPI,tradable_ohlcv
2013-07-12,18150.0,18300.0,17800.0,18150.0,17860.0,322257500.0,298869207450.0,16466623,KOSPI,tradable_ohlcv
2013-07-15,18150.0,18300.0,17800.0,18150.0,12228.0,222297700.0,298869207450.0,16466623,KOSPI,tradable_ohlcv
2013-07-16,18700.0,18700.0,18150.0,18450.0,29250.0,534763500.0,303809194350.0,16466623,KOSPI,tradable_ohlcv
2013-07-17,18500.0,18600.0,18200.0,18550.0,35420.0,653724500.0,305455856650.0,16466623,KOSPI,tradable_ohlcv
2013-07-18,18550.0,18700.0,17850.0,18200.0,37174.0,674138300.0,299692538600.0,16466623,KOSPI,tradable_ohlcv
2013-07-19,18200.0,18500.0,17950.0,18400.0,28786.0,522973400.0,302985863200.0,16466623,KOSPI,tradable_ohlcv
2013-07-22,18250.0,19500.0,18200.0,19400.0,59592.0,1124777800.0,319452486200.0,16466623,KOSPI,tradable_ohlcv
2013-07-23,19400.0,19800.0,19250.0,19500.0,43353.0,846338000.0,321099148500.0,16466623,KOSPI,tradable_ohlcv
2013-07-24,19500.0,19650.0,19250.0,19350.0,35490.0,690144000.0,318629155050.0,16466623,KOSPI,tradable_ohlcv
2013-07-25,19350.0,19650.0,18750.0,19550.0,33205.0,633968250.0,321922479650.0,16466623,KOSPI,tradable_ohlcv
2013-07-26,19400.0,20000.0,19200.0,19950.0,36570.0,721301500.0,328509128850.0,16466623,KOSPI,tradable_ohlcv
2013-07-29,19950.0,20000.0,19500.0,19650.0,27118.0,539049700.0,323569141950.0,16466623,KOSPI,tradable_ohlcv
2013-07-30,19650.0,20150.0,19400.0,20000.0,44687.0,886475500.0,329332460000.0,16466623,KOSPI,tradable_ohlcv
2013-07-31,20000.0,21250.0,20000.0,21000.0,102553.0,2120350000.0,345799083000.0,16466623,KOSPI,tradable_ohlcv
2013-08-01,21200.0,21600.0,21000.0,21400.0,55333.0,1184808200.0,352385732200.0,16466623,KOSPI,tradable_ohlcv
2013-08-02,21700.0,21700.0,20700.0,20900.0,35991.0,764311850.0,344152420700.0,16466623,KOSPI,tradable_ohlcv
2013-08-05,20650.0,21600.0,20600.0,20950.0,39495.0,835478250.0,344975751850.0,16466623,KOSPI,tradable_ohlcv
2013-08-06,21000.0,21300.0,20700.0,20800.0,31020.0,652853000.0,342505758400.0,16466623,KOSPI,tradable_ohlcv
2013-08-07,20600.0,20700.0,19750.0,19800.0,59200.0,1192270000.0,326039135400.0,16466623,KOSPI,tradable_ohlcv
2013-08-08,19700.0,20650.0,19700.0,20550.0,51641.0,1046988050.0,338389102650.0,16466623,KOSPI,tradable_ohlcv
2013-08-09,20100.0,20700.0,19250.0,19250.0,47321.0,931712750.0,316982492750.0,16466623,KOSPI,tradable_ohlcv
2013-08-12,19100.0,19250.0,18300.0,18550.0,62581.0,1163373650.0,305455856650.0,16466623,KOSPI,tradable_ohlcv
2013-08-13,18700.0,18750.0,18100.0,18500.0,45020.0,831812200.0,304632525500.0,16466623,KOSPI,tradable_ohlcv
2013-08-14,18300.0,18500.0,17700.0,17950.0,100667.0,1813370150.0,295575882850.0,16466623,KOSPI,tradable_ohlcv
2013-08-16,17950.0,18400.0,17800.0,18100.0,30156.0,547268100.0,298045876300.0,16466623,KOSPI,tradable_ohlcv
2013-08-19,18000.0,18000.0,17350.0,17800.0,53600.0,943263000.0,293105889400.0,16466623,KOSPI,tradable_ohlcv
2013-08-20,17500.0,17750.0,17050.0,17400.0,69365.0,1206145000.0,286519240200.0,16466623,KOSPI,tradable_ohlcv
2013-08-21,17500.0,17550.0,16300.0,17400.0,71022.0,1194562050.0,286519240200.0,16466623,KOSPI,tradable_ohlcv
2013-08-22,17350.0,17350.0,16300.0,16500.0,48180.0,802655500.0,271699279500.0,16466623,KOSPI,tradable_ohlcv
2013-08-23,16800.0,17150.0,16500.0,17000.0,29907.0,506245500.0,279932591000.0,16466623,KOSPI,tradable_ohlcv
2013-08-26,17000.0,17000.0,15950.0,16150.0,75550.0,1232490600.0,265935961450.0,16466623,KOSPI,tradable_ohlcv
2013-08-27,16000.0,16350.0,15800.0,16000.0,36470.0,584517000.0,263465968000.0,16466623,KOSPI,tradable_ohlcv
2013-08-28,15550.0,16450.0,15500.0,16450.0,46777.0,743186300.0,270875948350.0,16466623,KOSPI,tradable_ohlcv
2013-08-29,16450.0,17300.0,16250.0,16700.0,52910.0,890075500.0,274992604100.0,16466623,KOSPI,tradable_ohlcv
2013-08-30,16700.0,16700.0,16050.0,16500.0,15864.0,261337000.0,271699279500.0,16466623,KOSPI,tradable_ohlcv
2013-09-02,16400.0,16600.0,15950.0,16150.0,23570.0,381174000.0,265935961450.0,16466623,KOSPI,tradable_ohlcv
2013-09-03,16150.0,16250.0,15950.0,16000.0,19025.0,305731500.0,263465968000.0,16466623,KOSPI,tradable_ohlcv
2013-09-04,16100.0,16200.0,15600.0,16150.0,17551.0,279688500.0,265935961450.0,16466623,KOSPI,tradable_ohlcv
2013-09-05,16000.0,16150.0,15400.0,15500.0,39201.0,614192000.0,255232656500.0,16466623,KOSPI,tradable_ohlcv
2013-09-06,15400.0,15750.0,14800.0,15550.0,76180.0,1160065500.0,256055987650.0,16466623,KOSPI,tradable_ohlcv
2013-09-09,15500.0,15650.0,14900.0,15000.0,39900.0,599817000.0,246999345000.0,16466623,KOSPI,tradable_ohlcv
2013-09-10,15150.0,15450.0,14800.0,15250.0,36540.0,550788000.0,251116000750.0,16466623,KOSPI,tradable_ohlcv
2013-09-11,15250.0,16050.0,15250.0,15800.0,50202.0,782698600.0,260172643400.0,16466623,KOSPI,tradable_ohlcv
2013-09-12,15800.0,16100.0,15400.0,15600.0,33043.0,519440300.0,256879318800.0,16466623,KOSPI,tradable_ohlcv
2013-09-13,15500.0,16100.0,15300.0,15850.0,34621.0,541729850.0,260995974550.0,16466623,KOSPI,tradable_ohlcv
2013-09-16,15850.0,16150.0,15500.0,15650.0,39770.0,628302000.0,257702649950.0,16466623,KOSPI,tradable_ohlcv
2013-09-17,15700.0,15700.0,15350.0,15400.0,21310.0,329264000.0,253585994200.0,16466623,KOSPI,tradable_ohlcv
2013-09-23,15350.0,15600.0,14850.0,14900.0,39479.0,597207600.0,245352682700.0,16466623,KOSPI,tradable_ohlcv
2013-09-24,14900.0,15250.0,14600.0,15150.0,50170.0,744895500.0,249469338450.0,16466623,KOSPI,tradable_ohlcv
2013-09-25,15200.0,15850.0,15000.0,15750.0,36080.0,556309500.0,259349312250.0,16466623,KOSPI,tradable_ohlcv
2013-09-26,15750.0,16650.0,15650.0,16400.0,137830.0,2226107350.0,270052617200.0,16466623,KOSPI,tradable_ohlcv
2013-09-27,16200.0,16350.0,15950.0,16100.0,38802.0,624621100.0,265112630300.0,16466623,KOSPI,tradable_ohlcv
2013-09-30,15800.0,16300.0,15800.0,16200.0,42720.0,689087500.0,266759292600.0,16466623,KOSPI,tradable_ohlcv
2013-10-01,16200.0,16500.0,15950.0,16500.0,24650.0,400385500.0,271699279500.0,16466623,KOSPI,tradable_ohlcv
2013-10-02,16400.0,16600.0,15850.0,15950.0,34830.0,561462500.0,262642636850.0,16466623,KOSPI,tradable_ohlcv
2013-10-04,15750.0,15950.0,15200.0,15350.0,46858.0,720266800.0,252762663050.0,16466623,KOSPI,tradable_ohlcv
2013-10-07,15150.0,15300.0,14900.0,14950.0,43240.0,649739500.0,246176013850.0,16466623,KOSPI,tradable_ohlcv
2013-10-08,15050.0,15250.0,14650.0,15250.0,31240.0,464067500.0,251116000750.0,16466623,KOSPI,tradable_ohlcv
2013-10-10,15300.0,15450.0,15100.0,15450.0,25450.0,391076500.0,254409325350.0,16466623,KOSPI,tradable_ohlcv
2013-10-11,15450.0,15450.0,14800.0,15000.0,64500.0,965691500.0,246999345000.0,16466623,KOSPI,tradable_ohlcv
2013-10-14,15000.0,15150.0,14550.0,14850.0,54490.0,804003500.0,244529351550.0,16466623,KOSPI,tradable_ohlcv
2013-10-15,14850.0,14900.0,14600.0,14800.0,57650.0,849076000.0,243706020400.0,16466623,KOSPI,tradable_ohlcv
2013-10-16,14800.0,15050.0,14700.0,14800.0,61090.0,906637000.0,243706020400.0,16466623,KOSPI,tradable_ohlcv
2013-10-17,14850.0,15000.0,14600.0,14800.0,44610.0,658824500.0,243706020400.0,16466623,KOSPI,tradable_ohlcv
2013-10-18,14800.0,15650.0,14750.0,15300.0,68488.0,1040311400.0,251939331900.0,16466623,KOSPI,tradable_ohlcv
2013-10-21,15300.0,15500.0,15050.0,15250.0,35000.0,534277000.0,251116000750.0,16466623,KOSPI,tradable_ohlcv
2013-10-22,15600.0,15800.0,15250.0,15600.0,49910.0,773228500.0,256879318800.0,16466623,KOSPI,tradable_ohlcv
2013-10-23,15800.0,16050.0,15500.0,15850.0,53180.0,839616500.0,260995974550.0,16466623,KOSPI,tradable_ohlcv
2013-10-24,15850.0,16000.0,15400.0,15700.0,49831.0,782553200.0,258525981100.0,16466623,KOSPI,tradable_ohlcv
2013-10-25,15700.0,16900.0,15550.0,16900.0,116141.0,1914234400.0,278285928700.0,16466623,KOSPI,tradable_ohlcv
2013-10-28,17000.0,17400.0,16650.0,16900.0,118981.0,2029374900.0,278285928700.0,16466623,KOSPI,tradable_ohlcv
2013-10-29,16750.0,17300.0,16750.0,17200.0,99796.0,1713702700.0,283225915600.0,16466623,KOSPI,tradable_ohlcv
2013-10-30,16950.0,17200.0,16750.0,17150.0,48030.0,813126000.0,282402584450.0,16466623,KOSPI,tradable_ohlcv
2013-10-31,16850.0,17150.0,16800.0,16950.0,34441.0,585210450.0,279109259850.0,16466623,KOSPI,tradable_ohlcv
2013-11-01,16950.0,17500.0,16800.0,17500.0,91218.0,1570322950.0,288165902500.0,16466623,KOSPI,tradable_ohlcv
2013-11-04,17500.0,17500.0,16850.0,16850.0,25300.0,435176000.0,277462597550.0,16466623,KOSPI,tradable_ohlcv
2013-11-05,16750.0,17100.0,16650.0,16950.0,41632.0,697003400.0,279109259850.0,16466623,KOSPI,tradable_ohlcv
2013-11-06,16800.0,17200.0,16600.0,17150.0,25330.0,430263500.0,282402584450.0,16466623,KOSPI,tradable_ohlcv
2013-11-07,17100.0,17300.0,16800.0,17300.0,18480.0,315036500.0,284872577900.0,16466623,KOSPI,tradable_ohlcv
2013-11-08,17200.0,17200.0,16550.0,16600.0,41340.0,694851500.0,273345941800.0,16466623,KOSPI,tradable_ohlcv
2013-11-11,16500.0,16900.0,16100.0,16450.0,35054.0,577283800.0,270875948350.0,16466623,KOSPI,tradable_ohlcv
2013-11-12,16850.0,17500.0,16450.0,16900.0,73270.0,1253192500.0,278285928700.0,16466623,KOSPI,tradable_ohlcv
2013-11-13,17200.0,17200.0,16350.0,16350.0,36390.0,604818000.0,269229286050.0,16466623,KOSPI,tradable_ohlcv
2013-11-14,16600.0,17000.0,16300.0,17000.0,18221.0,303708000.0,279932591000.0,16466623,KOSPI,tradable_ohlcv
2013-11-15,16600.0,17300.0,16550.0,17150.0,27213.0,461571450.0,282402584450.0,16466623,KOSPI,tradable_ohlcv
2013-11-18,17150.0,17200.0,16900.0,17000.0,10252.0,174809900.0,279932591000.0,16466623,KOSPI,tradable_ohlcv
2013-11-19,16800.0,17050.0,16600.0,17000.0,26680.0,448268000.0,279932591000.0,16466623,KOSPI,tradable_ohlcv
2013-11-20,17050.0,17050.0,16550.0,16600.0,22938.0,382020800.0,273345941800.0,16466623,KOSPI,tradable_ohlcv
2013-11-21,16700.0,16800.0,16250.0,16400.0,14305.0,235116000.0,270052617200.0,16466623,KOSPI,tradable_ohlcv
2013-11-22,16450.0,16650.0,16250.0,16350.0,14423.0,236490550.0,269229286050.0,16466623,KOSPI,tradable_ohlcv
2013-11-25,16350.0,16700.0,16300.0,16550.0,9900.0,162132500.0,272522610650.0,16466623,KOSPI,tradable_ohlcv
2013-11-26,16400.0,16700.0,16050.0,16600.0,22620.0,368924500.0,273345941800.0,16466623,KOSPI,tradable_ohlcv
2013-11-27,16750.0,17050.0,16350.0,17050.0,29206.0,485118600.0,280755922150.0,16466623,KOSPI,tradable_ohlcv
2013-11-28,17050.0,17050.0,16650.0,16800.0,28240.0,474365500.0,276639266400.0,16466623,KOSPI,tradable_ohlcv
2013-11-29,16750.0,16800.0,16250.0,16450.0,31120.0,511733500.0,270875948350.0,16466623,KOSPI,tradable_ohlcv
2013-12-02,16450.0,16750.0,16250.0,16250.0,13038.0,215494000.0,267582623750.0,16466623,KOSPI,tradable_ohlcv
2013-12-03,16350.0,16650.0,15950.0,16600.0,27630.0,450109500.0,273345941800.0,16466623,KOSPI,tradable_ohlcv
2013-12-04,16500.0,17000.0,16250.0,16300.0,17710.0,291882000.0,268405954900.0,16466623,KOSPI,tradable_ohlcv
2013-12-05,16400.0,16800.0,16200.0,16500.0,8260.0,136482500.0,271699279500.0,16466623,KOSPI,tradable_ohlcv
2013-12-06,16450.0,17000.0,16200.0,16450.0,9401.0,154693900.0,270875948350.0,16466623,KOSPI,tradable_ohlcv
2013-12-09,16300.0,16500.0,16100.0,16100.0,10401.0,168495100.0,265112630300.0,16466623,KOSPI,tradable_ohlcv
2013-12-10,16100.0,16450.0,15500.0,16000.0,16050.0,254828000.0,263465968000.0,16466623,KOSPI,tradable_ohlcv
2013-12-11,16250.0,16250.0,15400.0,16000.0,31320.0,491368500.0,263465968000.0,16466623,KOSPI,tradable_ohlcv
2013-12-12,15900.0,16200.0,15500.0,15750.0,12600.0,199153000.0,259349312250.0,16466623,KOSPI,tradable_ohlcv
2013-12-13,15750.0,15950.0,15500.0,15650.0,14679.0,231471350.0,257702649950.0,16466623,KOSPI,tradable_ohlcv
2013-12-16,15800.0,15800.0,15400.0,15600.0,9140.0,142364500.0,256879318800.0,16466623,KOSPI,tradable_ohlcv
2013-12-17,15500.0,15700.0,15400.0,15650.0,5220.0,81338000.0,257702649950.0,16466623,KOSPI,tradable_ohlcv
2013-12-18,15700.0,15750.0,15250.0,15450.0,8165.0,125995750.0,254409325350.0,16466623,KOSPI,tradable_ohlcv
2013-12-19,15500.0,15500.0,15100.0,15300.0,8340.0,127749000.0,251939331900.0,16466623,KOSPI,tradable_ohlcv
2013-12-20,15450.0,15500.0,14950.0,15050.0,20626.0,312206200.0,247822676150.0,16466623,KOSPI,tradable_ohlcv
2013-12-23,14850.0,15300.0,14850.0,15150.0,12981.0,195715650.0,249469338450.0,16466623,KOSPI,tradable_ohlcv
2013-12-24,15050.0,15200.0,14900.0,15100.0,12461.0,187126600.0,248646007300.0,16466623,KOSPI,tradable_ohlcv
2013-12-26,14950.0,15200.0,14700.0,14800.0,66683.0,994312900.0,243706020400.0,16466623,KOSPI,tradable_ohlcv
2013-12-27,14800.0,15700.0,14800.0,15600.0,23690.0,365333000.0,256879318800.0,16466623,KOSPI,tradable_ohlcv
2013-12-30,15400.0,15850.0,15150.0,15700.0,45610.0,709019500.0,258525981100.0,16466623,KOSPI,tradable_ohlcv
