d,o,h,l,c,v,a,mc,s,m,rs
2024-01-02,9700.0,9700.0,9540.0,9590.0,4713.0,45324940.0,88140587150.0,9190885,KOSDAQ,tradable_ohlcv
2024-01-03,9670.0,9670.0,9480.0,9500.0,4034.0,38418410.0,87313407500.0,9190885,KOSDAQ,tradable_ohlcv
2024-01-04,9480.0,9550.0,9410.0,9440.0,5267.0,49826960.0,86761954400.0,9190885,KOSDAQ,tradable_ohlcv
2024-01-05,9400.0,9480.0,9320.0,9340.0,4313.0,40561060.0,85842865900.0,9190885,KOSDAQ,tradable_ohlcv
2024-01-08,9340.0,9350.0,9290.0,9320.0,7481.0,69647110.0,85659048200.0,9190885,KOSDAQ,tradable_ohlcv
2024-01-09,9320.0,9540.0,9270.0,9380.0,5820.0,54245290.0,86210501300.0,9190885,KOSDAQ,tradable_ohlcv
2024-01-10,9390.0,9420.0,9340.0,9380.0,1348.0,12634520.0,86210501300.0,9190885,KOSDAQ,tradable_ohlcv
2024-01-11,9420.0,9420.0,9260.0,9370.0,4858.0,45357040.0,86118592450.0,9190885,KOSDAQ,tradable_ohlcv
2024-01-12,9400.0,9450.0,9170.0,9210.0,4323.0,40029360.0,84648050850.0,9190885,KOSDAQ,tradable_ohlcv
2024-01-15,9150.0,9290.0,9150.0,9200.0,5845.0,53844080.0,84556142000.0,9190885,KOSDAQ,tradable_ohlcv
2024-01-16,9200.0,9280.0,9190.0,9210.0,1861.0,17175090.0,84648050850.0,9190885,KOSDAQ,tradable_ohlcv
2024-01-17,9210.0,9210.0,9050.0,9090.0,5112.0,46588700.0,83545144650.0,9190885,KOSDAQ,tradable_ohlcv
2024-01-18,9030.0,9180.0,9030.0,9080.0,3807.0,34577920.0,83453235800.0,9190885,KOSDAQ,tradable_ohlcv
2024-01-19,9050.0,9150.0,9050.0,9100.0,1445.0,13143570.0,83637053500.0,9190885,KOSDAQ,tradable_ohlcv
2024-01-22,9170.0,10200.0,9060.0,9120.0,154339.0,1492395660.0,83820871200.0,9190885,KOSDAQ,tradable_ohlcv
2024-01-23,9120.0,9220.0,9050.0,9180.0,10287.0,93741640.0,84372324300.0,9190885,KOSDAQ,tradable_ohlcv
2024-01-24,9180.0,9200.0,9110.0,9190.0,5803.0,53081940.0,84464233150.0,9190885,KOSDAQ,tradable_ohlcv
2024-01-25,9140.0,9290.0,9120.0,9290.0,8984.0,82396560.0,85383321650.0,9190885,KOSDAQ,tradable_ohlcv
2024-01-26,9230.0,9300.0,9200.0,9260.0,6258.0,57846820.0,85107595100.0,9190885,KOSDAQ,tradable_ohlcv
2024-01-29,9200.0,9300.0,9180.0,9250.0,5738.0,52965440.0,85015686250.0,9190885,KOSDAQ,tradable_ohlcv
2024-01-30,9200.0,9260.0,9160.0,9220.0,6689.0,61545640.0,84739959700.0,9190885,KOSDAQ,tradable_ohlcv
2024-01-31,9220.0,9270.0,9140.0,9200.0,3356.0,30854360.0,84556142000.0,9190885,KOSDAQ,tradable_ohlcv
2024-02-01,9150.0,9550.0,9150.0,9280.0,6573.0,61254820.0,85291412800.0,9190885,KOSDAQ,tradable_ohlcv
2024-02-02,9230.0,9380.0,9230.0,9370.0,4437.0,41356260.0,86118592450.0,9190885,KOSDAQ,tradable_ohlcv
2024-02-05,9400.0,9430.0,9330.0,9380.0,4498.0,42120860.0,86210501300.0,9190885,KOSDAQ,tradable_ohlcv
2024-02-06,9260.0,9390.0,9260.0,9330.0,2229.0,20771470.0,85750957050.0,9190885,KOSDAQ,tradable_ohlcv
2024-02-07,9270.0,9410.0,9270.0,9350.0,2146.0,20034020.0,85934774750.0,9190885,KOSDAQ,tradable_ohlcv
2024-02-08,9360.0,9490.0,9280.0,9470.0,4988.0,47009260.0,87037680950.0,9190885,KOSDAQ,tradable_ohlcv
2024-02-13,9500.0,9500.0,9320.0,9390.0,5476.0,51601730.0,86302410150.0,9190885,KOSDAQ,tradable_ohlcv
2024-02-14,9240.0,9370.0,9240.0,9360.0,10223.0,94819670.0,86026683600.0,9190885,KOSDAQ,tradable_ohlcv
2024-02-15,9360.0,9440.0,9270.0,9280.0,5608.0,52250460.0,85291412800.0,9190885,KOSDAQ,tradable_ohlcv
2024-02-16,9290.0,9300.0,9240.0,9280.0,8873.0,82258570.0,85291412800.0,9190885,KOSDAQ,tradable_ohlcv
2024-02-19,9210.0,9330.0,9210.0,9270.0,4410.0,40878880.0,85199503950.0,9190885,KOSDAQ,tradable_ohlcv
2024-02-20,9220.0,9300.0,9220.0,9260.0,8849.0,81779490.0,85107595100.0,9190885,KOSDAQ,tradable_ohlcv
2024-02-21,9260.0,9340.0,9230.0,9280.0,4908.0,45426210.0,85291412800.0,9190885,KOSDAQ,tradable_ohlcv
2024-02-22,9290.0,9430.0,9280.0,9310.0,8434.0,78624210.0,85567139350.0,9190885,KOSDAQ,tradable_ohlcv
2024-02-23,9320.0,9440.0,9310.0,9440.0,7489.0,70076830.0,86761954400.0,9190885,KOSDAQ,tradable_ohlcv
2024-02-26,9450.0,9470.0,9350.0,9350.0,4930.0,46409260.0,85934774750.0,9190885,KOSDAQ,tradable_ohlcv
2024-02-27,9350.0,9420.0,9350.0,9400.0,2862.0,26843280.0,86394319000.0,9190885,KOSDAQ,tradable_ohlcv
2024-02-28,9400.0,9410.0,9340.0,9400.0,3835.0,35963920.0,86394319000.0,9190885,KOSDAQ,tradable_ohlcv
2024-02-29,9410.0,9450.0,9300.0,9320.0,3315.0,30995330.0,85659048200.0,9190885,KOSDAQ,tradable_ohlcv
2024-03-04,9270.0,9450.0,9270.0,9370.0,9688.0,90854030.0,86118592450.0,9190885,KOSDAQ,tradable_ohlcv
2024-03-05,9370.0,9400.0,9240.0,9320.0,9466.0,87764030.0,85659048200.0,9190885,KOSDAQ,tradable_ohlcv
2024-03-06,9310.0,9350.0,9200.0,9280.0,6384.0,59064470.0,85291412800.0,9190885,KOSDAQ,tradable_ohlcv
2024-03-07,9280.0,9310.0,9220.0,9230.0,10538.0,97735720.0,84831868550.0,9190885,KOSDAQ,tradable_ohlcv
2024-03-08,9230.0,9340.0,9230.0,9230.0,2253.0,20871730.0,84831868550.0,9190885,KOSDAQ,tradable_ohlcv
2024-03-11,9230.0,9340.0,9150.0,9250.0,8190.0,75537800.0,85015686250.0,9190885,KOSDAQ,tradable_ohlcv
2024-03-12,9320.0,9320.0,9200.0,9240.0,6346.0,58635520.0,84923777400.0,9190885,KOSDAQ,tradable_ohlcv
2024-03-13,9240.0,9240.0,9200.0,9230.0,4470.0,41190190.0,84831868550.0,9190885,KOSDAQ,tradable_ohlcv
2024-03-14,9220.0,9330.0,9160.0,9240.0,4555.0,41948500.0,84923777400.0,9190885,KOSDAQ,tradable_ohlcv
2024-03-15,9200.0,9260.0,9130.0,9240.0,10266.0,94186640.0,84923777400.0,9190885,KOSDAQ,tradable_ohlcv
2024-03-18,9240.0,9240.0,9100.0,9170.0,19610.0,178995510.0,84280415450.0,9190885,KOSDAQ,tradable_ohlcv
2024-03-19,9090.0,9150.0,9090.0,9150.0,8104.0,73782060.0,84096597750.0,9190885,KOSDAQ,tradable_ohlcv
2024-03-20,9150.0,9200.0,9130.0,9140.0,6180.0,56624990.0,84004688900.0,9190885,KOSDAQ,tradable_ohlcv
2024-03-21,9240.0,9240.0,9070.0,9190.0,9608.0,87784540.0,84464233150.0,9190885,KOSDAQ,tradable_ohlcv
2024-03-22,9130.0,9210.0,9130.0,9160.0,1787.0,16363610.0,84188506600.0,9190885,KOSDAQ,tradable_ohlcv
2024-03-25,9160.0,9220.0,9140.0,9210.0,3545.0,32598320.0,84648050850.0,9190885,KOSDAQ,tradable_ohlcv
2024-03-26,9240.0,9280.0,9170.0,9180.0,6745.0,62178710.0,84372324300.0,9190885,KOSDAQ,tradable_ohlcv
2024-03-27,9270.0,9270.0,9160.0,9200.0,2339.0,21486670.0,84556142000.0,9190885,KOSDAQ,tradable_ohlcv
2024-03-28,9190.0,9190.0,9090.0,9090.0,12035.0,109972010.0,83545144650.0,9190885,KOSDAQ,tradable_ohlcv
2024-03-29,9110.0,9200.0,9110.0,9190.0,4499.0,41225150.0,84464233150.0,9190885,KOSDAQ,tradable_ohlcv
2024-04-01,9220.0,9270.0,9140.0,9150.0,6211.0,57004300.0,84096597750.0,9190885,KOSDAQ,tradable_ohlcv
2024-04-02,9180.0,9210.0,9080.0,9200.0,7230.0,65981050.0,84556142000.0,9190885,KOSDAQ,tradable_ohlcv
2024-04-03,9170.0,9200.0,9140.0,9180.0,4865.0,44572280.0,84372324300.0,9190885,KOSDAQ,tradable_ohlcv
2024-04-04,9150.0,9220.0,9110.0,9130.0,2349.0,21488670.0,83912780050.0,9190885,KOSDAQ,tradable_ohlcv
2024-04-05,9140.0,9190.0,9100.0,9130.0,3630.0,33129010.0,83912780050.0,9190885,KOSDAQ,tradable_ohlcv
2024-04-08,9130.0,9140.0,9050.0,9080.0,6915.0,62826220.0,83453235800.0,9190885,KOSDAQ,tradable_ohlcv
2024-04-09,9060.0,9080.0,9020.0,9060.0,10620.0,95919050.0,83269418100.0,9190885,KOSDAQ,tradable_ohlcv
2024-04-11,9060.0,9060.0,8980.0,9030.0,5568.0,50153760.0,82993691550.0,9190885,KOSDAQ,tradable_ohlcv
2024-04-12,9030.0,9040.0,8960.0,9000.0,6329.0,56889650.0,82717965000.0,9190885,KOSDAQ,tradable_ohlcv
2024-04-15,9050.0,9050.0,8850.0,8890.0,6245.0,55651850.0,81706967650.0,9190885,KOSDAQ,tradable_ohlcv
2024-04-16,8840.0,9000.0,8840.0,8930.0,9561.0,85052140.0,82074603050.0,9190885,KOSDAQ,tradable_ohlcv
2024-04-17,8930.0,9150.0,8930.0,9080.0,8366.0,75820880.0,83453235800.0,9190885,KOSDAQ,tradable_ohlcv
2024-04-18,9080.0,9170.0,9020.0,9170.0,3511.0,32011530.0,84280415450.0,9190885,KOSDAQ,tradable_ohlcv
2024-04-19,9170.0,9170.0,9040.0,9060.0,3460.0,31497850.0,83269418100.0,9190885,KOSDAQ,tradable_ohlcv
2024-04-22,9070.0,9100.0,9020.0,9100.0,4521.0,41005870.0,83637053500.0,9190885,KOSDAQ,tradable_ohlcv
2024-04-23,9100.0,9150.0,9050.0,9110.0,3341.0,30395420.0,83728962350.0,9190885,KOSDAQ,tradable_ohlcv
2024-04-24,9150.0,9150.0,9050.0,9080.0,4238.0,38468770.0,83453235800.0,9190885,KOSDAQ,tradable_ohlcv
2024-04-25,9110.0,9120.0,9050.0,9050.0,5875.0,53384320.0,83177509250.0,9190885,KOSDAQ,tradable_ohlcv
2024-04-26,9050.0,9110.0,9040.0,9110.0,3190.0,29006390.0,83728962350.0,9190885,KOSDAQ,tradable_ohlcv
2024-04-29,9070.0,9120.0,9070.0,9100.0,3527.0,32085310.0,83637053500.0,9190885,KOSDAQ,tradable_ohlcv
2024-04-30,9100.0,9130.0,9070.0,9130.0,4757.0,43267350.0,83912780050.0,9190885,KOSDAQ,tradable_ohlcv
2024-05-02,9130.0,9150.0,9000.0,9130.0,6122.0,55476640.0,83912780050.0,9190885,KOSDAQ,tradable_ohlcv
2024-05-03,9070.0,9150.0,9070.0,9120.0,6386.0,58181340.0,83820871200.0,9190885,KOSDAQ,tradable_ohlcv
2024-05-07,9090.0,9150.0,9090.0,9130.0,2811.0,25632730.0,83912780050.0,9190885,KOSDAQ,tradable_ohlcv
2024-05-08,9070.0,9140.0,9070.0,9120.0,5012.0,45620600.0,83820871200.0,9190885,KOSDAQ,tradable_ohlcv
2024-05-09,9080.0,9980.0,9010.0,9070.0,149097.0,1405844460.0,83361326950.0,9190885,KOSDAQ,tradable_ohlcv
2024-05-10,9070.0,9170.0,9060.0,9150.0,10253.0,93353700.0,84096597750.0,9190885,KOSDAQ,tradable_ohlcv
2024-05-13,9150.0,9180.0,9110.0,9140.0,1896.0,17328350.0,84004688900.0,9190885,KOSDAQ,tradable_ohlcv
2024-05-14,9100.0,9190.0,9090.0,9090.0,7016.0,63990150.0,83545144650.0,9190885,KOSDAQ,tradable_ohlcv
2024-05-16,9130.0,9160.0,9110.0,9130.0,6577.0,60064710.0,83912780050.0,9190885,KOSDAQ,tradable_ohlcv
2024-05-17,9130.0,9290.0,9130.0,9160.0,7764.0,71236550.0,84188506600.0,9190885,KOSDAQ,tradable_ohlcv
2024-05-20,9160.0,9350.0,9140.0,9240.0,7341.0,67830960.0,84923777400.0,9190885,KOSDAQ,tradable_ohlcv
2024-05-21,9290.0,9330.0,9100.0,9180.0,8437.0,77828870.0,84372324300.0,9190885,KOSDAQ,tradable_ohlcv
2024-05-22,9240.0,9240.0,9180.0,9220.0,12969.0,119224020.0,84739959700.0,9190885,KOSDAQ,tradable_ohlcv
2024-05-23,9260.0,9260.0,9150.0,9210.0,3730.0,34314510.0,84648050850.0,9190885,KOSDAQ,tradable_ohlcv
2024-05-24,9210.0,9240.0,9100.0,9200.0,5896.0,53845560.0,84556142000.0,9190885,KOSDAQ,tradable_ohlcv
2024-05-27,9200.0,9250.0,9160.0,9230.0,6499.0,59858260.0,84831868550.0,9190885,KOSDAQ,tradable_ohlcv
2024-05-28,9210.0,9310.0,9210.0,9300.0,5274.0,48830960.0,85475230500.0,9190885,KOSDAQ,tradable_ohlcv
2024-05-29,9300.0,9300.0,9160.0,9180.0,7260.0,66845150.0,84372324300.0,9190885,KOSDAQ,tradable_ohlcv
2024-05-30,9180.0,9180.0,9100.0,9120.0,4684.0,42701660.0,83820871200.0,9190885,KOSDAQ,tradable_ohlcv
2024-05-31,9120.0,9190.0,9010.0,9020.0,10538.0,95624800.0,82901782700.0,9190885,KOSDAQ,tradable_ohlcv
2024-06-03,9050.0,9190.0,9050.0,9180.0,2237.0,20437090.0,84372324300.0,9190885,KOSDAQ,tradable_ohlcv
2024-06-04,9160.0,9180.0,9130.0,9170.0,2223.0,20349010.0,84280415450.0,9190885,KOSDAQ,tradable_ohlcv
2024-06-05,9170.0,9170.0,9130.0,9150.0,2227.0,20356340.0,84096597750.0,9190885,KOSDAQ,tradable_ohlcv
2024-06-07,9150.0,9190.0,9120.0,9130.0,2941.0,26878910.0,83912780050.0,9190885,KOSDAQ,tradable_ohlcv
2024-06-10,9240.0,9240.0,9080.0,9220.0,6780.0,62121940.0,84739959700.0,9190885,KOSDAQ,tradable_ohlcv
2024-06-11,9220.0,9500.0,9170.0,9330.0,51534.0,481300160.0,85750957050.0,9190885,KOSDAQ,tradable_ohlcv
2024-06-12,9330.0,9400.0,9230.0,9340.0,13694.0,127617240.0,85842865900.0,9190885,KOSDAQ,tradable_ohlcv
2024-06-13,9400.0,9400.0,9220.0,9320.0,11659.0,108166250.0,85659048200.0,9190885,KOSDAQ,tradable_ohlcv
2024-06-14,9300.0,9480.0,9200.0,9410.0,13298.0,124716440.0,86486227850.0,9190885,KOSDAQ,tradable_ohlcv
2024-06-17,9430.0,9480.0,9360.0,9430.0,12027.0,113316500.0,86670045550.0,9190885,KOSDAQ,tradable_ohlcv
2024-06-18,9460.0,9640.0,9360.0,9420.0,19458.0,184209720.0,86578136700.0,9190885,KOSDAQ,tradable_ohlcv
2024-06-19,9400.0,9480.0,9360.0,9460.0,6494.0,61260520.0,86945772100.0,9190885,KOSDAQ,tradable_ohlcv
2024-06-20,9490.0,9490.0,9400.0,9450.0,2154.0,20327810.0,86853863250.0,9190885,KOSDAQ,tradable_ohlcv
2024-06-21,9440.0,9490.0,9370.0,9410.0,4090.0,38445830.0,86486227850.0,9190885,KOSDAQ,tradable_ohlcv
2024-06-24,9380.0,9380.0,9250.0,9280.0,9242.0,85855070.0,85291412800.0,9190885,KOSDAQ,tradable_ohlcv
2024-06-25,9200.0,9280.0,9200.0,9280.0,9196.0,84874160.0,85291412800.0,9190885,KOSDAQ,tradable_ohlcv
2024-06-26,9300.0,9420.0,9180.0,9240.0,8771.0,80723780.0,84923777400.0,9190885,KOSDAQ,tradable_ohlcv
2024-06-27,9260.0,9260.0,9130.0,9150.0,9893.0,90547860.0,84096597750.0,9190885,KOSDAQ,tradable_ohlcv
2024-06-28,9140.0,9220.0,9140.0,9140.0,5241.0,48013010.0,84004688900.0,9190885,KOSDAQ,tradable_ohlcv
2024-07-01,9150.0,9220.0,9140.0,9200.0,3540.0,32466640.0,84556142000.0,9190885,KOSDAQ,tradable_ohlcv
2024-07-02,9160.0,9200.0,9100.0,9130.0,4041.0,36926940.0,83912780050.0,9190885,KOSDAQ,tradable_ohlcv
2024-07-03,9130.0,9200.0,9090.0,9150.0,8706.0,79534760.0,84096597750.0,9190885,KOSDAQ,tradable_ohlcv
2024-07-04,9170.0,9210.0,9140.0,9200.0,5699.0,52237170.0,84556142000.0,9190885,KOSDAQ,tradable_ohlcv
2024-07-05,9150.0,9250.0,9150.0,9230.0,5107.0,47059060.0,84831868550.0,9190885,KOSDAQ,tradable_ohlcv
2024-07-08,9230.0,9280.0,9200.0,9230.0,1645.0,15199180.0,84831868550.0,9190885,KOSDAQ,tradable_ohlcv
2024-07-09,9230.0,9280.0,9160.0,9230.0,2365.0,21777360.0,84831868550.0,9190885,KOSDAQ,tradable_ohlcv
2024-07-10,9210.0,9230.0,9180.0,9230.0,3091.0,28405810.0,84831868550.0,9190885,KOSDAQ,tradable_ohlcv
2024-07-11,9230.0,9280.0,9200.0,9270.0,3227.0,29833480.0,85199503950.0,9190885,KOSDAQ,tradable_ohlcv
2024-07-12,9220.0,9390.0,9220.0,9360.0,8058.0,75215390.0,86026683600.0,9190885,KOSDAQ,tradable_ohlcv
2024-07-15,9360.0,9390.0,9290.0,9340.0,4787.0,44589700.0,85842865900.0,9190885,KOSDAQ,tradable_ohlcv
2024-07-16,9300.0,9400.0,9300.0,9330.0,11051.0,103403950.0,85750957050.0,9190885,KOSDAQ,tradable_ohlcv
2024-07-17,9330.0,9390.0,9300.0,9340.0,4010.0,37376230.0,85842865900.0,9190885,KOSDAQ,tradable_ohlcv
2024-07-18,9330.0,9340.0,9200.0,9320.0,12574.0,117199200.0,85659048200.0,9190885,KOSDAQ,tradable_ohlcv
2024-07-19,9350.0,9350.0,9310.0,9350.0,6005.0,56052500.0,85934774750.0,9190885,KOSDAQ,tradable_ohlcv
2024-07-22,9250.0,9370.0,9250.0,9330.0,13347.0,124463820.0,85750957050.0,9190885,KOSDAQ,tradable_ohlcv
2024-07-23,9390.0,9440.0,9330.0,9440.0,12190.0,114670600.0,86761954400.0,9190885,KOSDAQ,tradable_ohlcv
2024-07-24,9400.0,9480.0,9400.0,9400.0,6909.0,65165070.0,86394319000.0,9190885,KOSDAQ,tradable_ohlcv
2024-07-25,9320.0,9410.0,9300.0,9370.0,9690.0,90775120.0,86118592450.0,9190885,KOSDAQ,tradable_ohlcv
2024-07-26,9290.0,9440.0,9290.0,9420.0,6020.0,56445390.0,86578136700.0,9190885,KOSDAQ,tradable_ohlcv
2024-07-29,9440.0,9460.0,9390.0,9450.0,6703.0,63230350.0,86853863250.0,9190885,KOSDAQ,tradable_ohlcv
2024-07-30,9420.0,9480.0,9360.0,9460.0,4297.0,40523780.0,86945772100.0,9190885,KOSDAQ,tradable_ohlcv
2024-07-31,9500.0,9500.0,9370.0,9440.0,3803.0,35828210.0,86761954400.0,9190885,KOSDAQ,tradable_ohlcv
2024-08-01,9430.0,9480.0,9400.0,9440.0,1922.0,18115770.0,86761954400.0,9190885,KOSDAQ,tradable_ohlcv
2024-08-02,9440.0,9470.0,9340.0,9350.0,15426.0,144494450.0,85934774750.0,9190885,KOSDAQ,tradable_ohlcv
2024-08-05,9310.0,9330.0,8650.0,8780.0,43243.0,390463350.0,80695970300.0,9190885,KOSDAQ,tradable_ohlcv
2024-08-06,8730.0,9050.0,8730.0,9010.0,14229.0,126981500.0,82809873850.0,9190885,KOSDAQ,tradable_ohlcv
2024-08-07,9000.0,9120.0,8920.0,9090.0,4825.0,43735390.0,83545144650.0,9190885,KOSDAQ,tradable_ohlcv
2024-08-08,9100.0,9400.0,9040.0,9250.0,26999.0,249994000.0,85015686250.0,9190885,KOSDAQ,tradable_ohlcv
2024-08-09,9270.0,9360.0,9190.0,9240.0,8682.0,80414840.0,84923777400.0,9190885,KOSDAQ,tradable_ohlcv
2024-08-12,9240.0,9310.0,9200.0,9260.0,1858.0,17173150.0,85107595100.0,9190885,KOSDAQ,tradable_ohlcv
2024-08-13,9230.0,9250.0,9120.0,9200.0,5830.0,53481970.0,84556142000.0,9190885,KOSDAQ,tradable_ohlcv
2024-08-14,9200.0,9240.0,9200.0,9240.0,3669.0,33791410.0,84923777400.0,9190885,KOSDAQ,tradable_ohlcv
2024-08-16,9290.0,9570.0,9290.0,9570.0,29940.0,283568420.0,87956769450.0,9190885,KOSDAQ,tradable_ohlcv
2024-08-19,9590.0,9850.0,9400.0,9770.0,76165.0,740830430.0,89794946450.0,9190885,KOSDAQ,tradable_ohlcv
2024-08-20,9830.0,9830.0,9560.0,9640.0,22904.0,221618190.0,88600131400.0,9190885,KOSDAQ,tradable_ohlcv
2024-08-21,9670.0,9720.0,9590.0,9720.0,12579.0,121338700.0,89335402200.0,9190885,KOSDAQ,tradable_ohlcv
2024-08-22,9760.0,9760.0,9530.0,9680.0,8940.0,86246500.0,88967766800.0,9190885,KOSDAQ,tradable_ohlcv
2024-08-23,9540.0,9680.0,9510.0,9670.0,6464.0,61953380.0,88875857950.0,9190885,KOSDAQ,tradable_ohlcv
2024-08-26,9590.0,9670.0,9530.0,9640.0,5413.0,51760690.0,88600131400.0,9190885,KOSDAQ,tradable_ohlcv
2024-08-27,9490.0,9620.0,9470.0,9520.0,6442.0,61209570.0,87497225200.0,9190885,KOSDAQ,tradable_ohlcv
2024-08-28,9600.0,9600.0,9490.0,9490.0,4076.0,38772240.0,87221498650.0,9190885,KOSDAQ,tradable_ohlcv
2024-08-29,9490.0,9590.0,9410.0,9490.0,5835.0,55266710.0,87221498650.0,9190885,KOSDAQ,tradable_ohlcv
2024-08-30,9430.0,9520.0,9430.0,9510.0,2209.0,20906780.0,87405316350.0,9190885,KOSDAQ,tradable_ohlcv
2024-09-02,9510.0,9570.0,9480.0,9550.0,4696.0,44694510.0,87772951750.0,9190885,KOSDAQ,tradable_ohlcv
2024-09-03,9480.0,9550.0,9480.0,9550.0,1283.0,12212220.0,87772951750.0,9190885,KOSDAQ,tradable_ohlcv
2024-09-04,9480.0,9520.0,9420.0,9430.0,5830.0,55083340.0,86670045550.0,9190885,KOSDAQ,tradable_ohlcv
2024-09-05,9440.0,9450.0,9350.0,9410.0,5206.0,48919920.0,86486227850.0,9190885,KOSDAQ,tradable_ohlcv
2024-09-06,9400.0,9400.0,9250.0,9320.0,9680.0,90093620.0,85659048200.0,9190885,KOSDAQ,tradable_ohlcv
2024-09-09,9320.0,9360.0,9240.0,9300.0,12271.0,113858200.0,85475230500.0,9190885,KOSDAQ,tradable_ohlcv
2024-09-10,9300.0,9350.0,9190.0,9310.0,12025.0,111018630.0,85567139350.0,9190885,KOSDAQ,tradable_ohlcv
2024-09-11,9330.0,9330.0,9190.0,9270.0,4849.0,44892630.0,85199503950.0,9190885,KOSDAQ,tradable_ohlcv
2024-09-12,9300.0,9300.0,9200.0,9270.0,1850.0,17117970.0,85199503950.0,9190885,KOSDAQ,tradable_ohlcv
2024-09-13,9290.0,9340.0,9240.0,9330.0,5262.0,48899910.0,85750957050.0,9190885,KOSDAQ,tradable_ohlcv
2024-09-19,9330.0,9380.0,9300.0,9340.0,3666.0,34215240.0,85842865900.0,9190885,KOSDAQ,tradable_ohlcv
2024-09-20,9360.0,9360.0,9310.0,9350.0,3665.0,34209960.0,85934774750.0,9190885,KOSDAQ,tradable_ohlcv
2024-09-23,9350.0,9390.0,9310.0,9390.0,3445.0,32178420.0,86302410150.0,9190885,KOSDAQ,tradable_ohlcv
2024-09-24,9390.0,9440.0,9370.0,9420.0,3831.0,35994460.0,86578136700.0,9190885,KOSDAQ,tradable_ohlcv
2024-09-25,9420.0,9450.0,9400.0,9410.0,3453.0,32569090.0,86486227850.0,9190885,KOSDAQ,tradable_ohlcv
2024-09-26,9420.0,9460.0,9300.0,9430.0,3130.0,29307660.0,86670045550.0,9190885,KOSDAQ,tradable_ohlcv
2024-09-27,9430.0,9430.0,9330.0,9390.0,3023.0,28340360.0,86302410150.0,9190885,KOSDAQ,tradable_ohlcv
2024-09-30,9340.0,9420.0,9340.0,9400.0,2773.0,26002180.0,86394319000.0,9190885,KOSDAQ,tradable_ohlcv
2024-10-02,9400.0,9410.0,9340.0,9390.0,4611.0,43234940.0,86302410150.0,9190885,KOSDAQ,tradable_ohlcv
2024-10-04,9360.0,9430.0,9360.0,9420.0,5195.0,48847520.0,86578136700.0,9190885,KOSDAQ,tradable_ohlcv
2024-10-07,9430.0,9430.0,9310.0,9420.0,4246.0,39795680.0,86578136700.0,9190885,KOSDAQ,tradable_ohlcv
2024-10-08,9420.0,9440.0,9380.0,9420.0,5234.0,49303540.0,86578136700.0,9190885,KOSDAQ,tradable_ohlcv
2024-10-10,9340.0,9420.0,9340.0,9410.0,5756.0,53911490.0,86486227850.0,9190885,KOSDAQ,tradable_ohlcv
2024-10-11,9490.0,9490.0,9370.0,9410.0,3614.0,34107580.0,86486227850.0,9190885,KOSDAQ,tradable_ohlcv
2024-10-14,9490.0,9570.0,9360.0,9570.0,10083.0,95779110.0,87956769450.0,9190885,KOSDAQ,tradable_ohlcv
2024-10-15,9590.0,9660.0,9500.0,9640.0,7388.0,70984210.0,88600131400.0,9190885,KOSDAQ,tradable_ohlcv
2024-10-16,9640.0,9670.0,9560.0,9640.0,2682.0,25777450.0,88600131400.0,9190885,KOSDAQ,tradable_ohlcv
2024-10-17,9640.0,9680.0,9570.0,9660.0,3557.0,34264120.0,88783949100.0,9190885,KOSDAQ,tradable_ohlcv
2024-10-18,9600.0,9670.0,9500.0,9620.0,4334.0,41372410.0,88416313700.0,9190885,KOSDAQ,tradable_ohlcv
2024-10-21,9650.0,9650.0,9440.0,9500.0,10597.0,100344690.0,87313407500.0,9190885,KOSDAQ,tradable_ohlcv
2024-10-22,9480.0,9500.0,9360.0,9430.0,9343.0,87798690.0,86670045550.0,9190885,KOSDAQ,tradable_ohlcv
2024-10-23,9400.0,9430.0,9340.0,9360.0,7120.0,66714030.0,86026683600.0,9190885,KOSDAQ,tradable_ohlcv
2024-10-24,9320.0,9390.0,9270.0,9360.0,7330.0,68306600.0,86026683600.0,9190885,KOSDAQ,tradable_ohlcv
2024-10-25,9290.0,9360.0,9290.0,9350.0,2014.0,18772280.0,85934774750.0,9190885,KOSDAQ,tradable_ohlcv
2024-10-28,9220.0,9400.0,9220.0,9400.0,13986.0,129643360.0,86394319000.0,9190885,KOSDAQ,tradable_ohlcv
2024-10-29,9330.0,9390.0,9310.0,9370.0,2045.0,19107720.0,86118592450.0,9190885,KOSDAQ,tradable_ohlcv
2024-10-30,9390.0,9400.0,9290.0,9330.0,2520.0,23490010.0,85750957050.0,9190885,KOSDAQ,tradable_ohlcv
2024-10-31,9300.0,9420.0,9290.0,9350.0,2533.0,23611770.0,85934774750.0,9190885,KOSDAQ,tradable_ohlcv
2024-11-01,9390.0,9410.0,9300.0,9370.0,6883.0,64517490.0,86118592450.0,9190885,KOSDAQ,tradable_ohlcv
2024-11-04,9380.0,9430.0,9290.0,9410.0,2863.0,26802090.0,86486227850.0,9190885,KOSDAQ,tradable_ohlcv
2024-11-05,9460.0,9460.0,9280.0,9410.0,1115.0,10447810.0,86486227850.0,9190885,KOSDAQ,tradable_ohlcv
2024-11-06,9410.0,9470.0,9150.0,9390.0,22025.0,205001820.0,86302410150.0,9190885,KOSDAQ,tradable_ohlcv
2024-11-07,9410.0,9410.0,9340.0,9380.0,1798.0,16855350.0,86210501300.0,9190885,KOSDAQ,tradable_ohlcv
2024-11-08,9380.0,9420.0,9310.0,9380.0,2905.0,27169540.0,86210501300.0,9190885,KOSDAQ,tradable_ohlcv
2024-11-11,9400.0,9400.0,9210.0,9310.0,16528.0,152892720.0,85567139350.0,9190885,KOSDAQ,tradable_ohlcv
2024-11-12,9330.0,9330.0,9130.0,9130.0,21984.0,201710020.0,83912780050.0,9190885,KOSDAQ,tradable_ohlcv
2024-11-13,9100.0,9180.0,9050.0,9060.0,11289.0,102491630.0,83269418100.0,9190885,KOSDAQ,tradable_ohlcv
2024-11-14,9120.0,9150.0,9000.0,9130.0,11667.0,105661620.0,83912780050.0,9190885,KOSDAQ,tradable_ohlcv
2024-11-15,9130.0,9280.0,9060.0,9100.0,14100.0,128719880.0,83637053500.0,9190885,KOSDAQ,tradable_ohlcv
2024-11-18,9100.0,9180.0,9080.0,9150.0,6034.0,54967500.0,84096597750.0,9190885,KOSDAQ,tradable_ohlcv
2024-11-19,9180.0,9180.0,9090.0,9130.0,8511.0,77708070.0,83912780050.0,9190885,KOSDAQ,tradable_ohlcv
2024-11-20,9130.0,9250.0,9100.0,9230.0,5782.0,53151050.0,84831868550.0,9190885,KOSDAQ,tradable_ohlcv
2024-11-21,9230.0,9230.0,9130.0,9180.0,5639.0,51680460.0,84372324300.0,9190885,KOSDAQ,tradable_ohlcv
2024-11-22,9200.0,9260.0,9180.0,9220.0,10746.0,99017500.0,84739959700.0,9190885,KOSDAQ,tradable_ohlcv
2024-11-25,9180.0,9270.0,9180.0,9250.0,8539.0,78790490.0,85015686250.0,9190885,KOSDAQ,tradable_ohlcv
2024-11-26,9270.0,9270.0,9210.0,9240.0,6924.0,63938020.0,84923777400.0,9190885,KOSDAQ,tradable_ohlcv
2024-11-27,9250.0,9250.0,9150.0,9240.0,6466.0,59599280.0,84923777400.0,9190885,KOSDAQ,tradable_ohlcv
2024-11-28,9190.0,9280.0,9190.0,9270.0,3959.0,36560820.0,85199503950.0,9190885,KOSDAQ,tradable_ohlcv
2024-11-29,9280.0,9280.0,9220.0,9240.0,4249.0,39249420.0,84923777400.0,9190885,KOSDAQ,tradable_ohlcv
2024-12-02,9300.0,9300.0,9150.0,9200.0,8235.0,75819910.0,84556142000.0,9190885,KOSDAQ,tradable_ohlcv
2024-12-03,9230.0,9230.0,9160.0,9220.0,13732.0,126404010.0,84739959700.0,9190885,KOSDAQ,tradable_ohlcv
2024-12-04,9050.0,9210.0,9050.0,9150.0,24894.0,226911230.0,84096597750.0,9190885,KOSDAQ,tradable_ohlcv
2024-12-05,9170.0,9200.0,9090.0,9100.0,12728.0,116006500.0,83637053500.0,9190885,KOSDAQ,tradable_ohlcv
2024-12-06,9080.0,9110.0,8960.0,9050.0,28123.0,253867920.0,83177509250.0,9190885,KOSDAQ,tradable_ohlcv
2024-12-09,8920.0,9100.0,8710.0,8760.0,32757.0,290800470.0,80512152600.0,9190885,KOSDAQ,tradable_ohlcv
2024-12-10,8720.0,9010.0,8720.0,8900.0,18479.0,164570100.0,81798876500.0,9190885,KOSDAQ,tradable_ohlcv
2024-12-11,8900.0,9060.0,8900.0,9050.0,10180.0,91835950.0,83177509250.0,9190885,KOSDAQ,tradable_ohlcv
2024-12-12,9050.0,9120.0,9050.0,9120.0,9449.0,85891930.0,83820871200.0,9190885,KOSDAQ,tradable_ohlcv
2024-12-13,9070.0,9200.0,9070.0,9190.0,5484.0,50144820.0,84464233150.0,9190885,KOSDAQ,tradable_ohlcv
2024-12-16,9210.0,9280.0,9180.0,9230.0,5050.0,46595390.0,84831868550.0,9190885,KOSDAQ,tradable_ohlcv
2024-12-17,9230.0,9300.0,9200.0,9290.0,7751.0,71592260.0,85383321650.0,9190885,KOSDAQ,tradable_ohlcv
2024-12-18,9280.0,9300.0,9160.0,9280.0,7856.0,72823930.0,85291412800.0,9190885,KOSDAQ,tradable_ohlcv
2024-12-19,9250.0,9310.0,9110.0,9270.0,7077.0,65438260.0,85199503950.0,9190885,KOSDAQ,tradable_ohlcv
2024-12-20,9270.0,9290.0,9210.0,9260.0,3878.0,35859530.0,85107595100.0,9190885,KOSDAQ,tradable_ohlcv
2024-12-23,9260.0,9350.0,9250.0,9340.0,11622.0,108153300.0,85842865900.0,9190885,KOSDAQ,tradable_ohlcv
2024-12-24,9360.0,9400.0,9330.0,9350.0,11429.0,106904910.0,85934774750.0,9190885,KOSDAQ,tradable_ohlcv
2024-12-26,9370.0,9390.0,9340.0,9390.0,33604.0,314657330.0,86302410150.0,9190885,KOSDAQ,tradable_ohlcv
2024-12-27,8930.0,9040.0,8890.0,9010.0,33924.0,303377770.0,82809873850.0,9190885,KOSDAQ,tradable_ohlcv
2024-12-30,9000.0,9000.0,8900.0,8990.0,6652.0,59381010.0,82626056150.0,9190885,KOSDAQ,tradable_ohlcv
