d,o,h,l,c,v,a,mc,s,m
2003-01-02,2230.0,2290.0,2150.0,2270.0,8066.0,17974060.0,8989594980.0,3960174,KOSDAQ
2003-01-03,2190.0,2430.0,2150.0,2390.0,20852.0,47024370.0,9464815860.0,3960174,KOSDAQ
2003-01-06,2380.0,2460.0,2280.0,2460.0,14998.0,35982730.0,9742028040.0,3960174,KOSDAQ
2003-01-07,2490.0,2490.0,2340.0,2350.0,20506.0,48703710.0,9306408900.0,3960174,KOSDAQ
2003-01-08,2270.0,2440.0,2270.0,2350.0,17351.0,40091220.0,9306408900.0,3960174,KOSDAQ
2003-01-09,2250.0,2400.0,2250.0,2370.0,10329.0,23864500.0,9385612380.0,3960174,KOSDAQ
2003-01-10,2470.0,2470.0,2200.0,2300.0,9554.0,22359840.0,9108400200.0,3960174,KOSDAQ
2003-01-13,2270.0,2370.0,2210.0,2360.0,7085.0,16392000.0,9346010640.0,3960174,KOSDAQ
2003-01-14,2390.0,2440.0,2330.0,2410.0,15952.0,38049780.0,9544019340.0,3960174,KOSDAQ
2003-01-15,2450.0,2460.0,2350.0,2410.0,10941.0,26219930.0,9544019340.0,3960174,KOSDAQ
2003-01-16,2340.0,2470.0,2300.0,2410.0,3323.0,7813460.0,9544019340.0,3960174,KOSDAQ
2003-01-17,2220.0,2380.0,2220.0,2320.0,4972.0,11313780.0,9187603680.0,3960174,KOSDAQ
2003-01-20,2190.0,2430.0,2190.0,2200.0,5744.0,12664790.0,8712382800.0,3960174,KOSDAQ
2003-01-21,2380.0,2380.0,2190.0,2200.0,3078.0,6772070.0,8712382800.0,3960174,KOSDAQ
2003-01-22,2050.0,2200.0,2050.0,2180.0,6131.0,12947360.0,8633179320.0,3960174,KOSDAQ
2003-01-23,2200.0,2200.0,2100.0,2180.0,6140.0,13114280.0,8633179320.0,3960174,KOSDAQ
2003-01-24,2270.0,2270.0,2090.0,2220.0,5594.0,11761930.0,8791586280.0,3960174,KOSDAQ
2003-01-27,2100.0,2100.0,1970.0,2100.0,13736.0,28228420.0,8316365400.0,3960174,KOSDAQ
2003-01-28,2150.0,2150.0,1950.0,2110.0,41.0,83780.0,8355967140.0,3960174,KOSDAQ
2003-01-29,2130.0,2130.0,1960.0,1980.0,3384.0,6764940.0,7841144520.0,3960174,KOSDAQ
2003-01-30,2140.0,2140.0,1980.0,2100.0,227.0,482900.0,8316365400.0,3960174,KOSDAQ
2003-02-03,2100.0,2300.0,2020.0,2290.0,6607.0,14331310.0,9068798460.0,3960174,KOSDAQ
2003-02-04,2290.0,2290.0,2140.0,2250.0,1533.0,3415950.0,8910391500.0,3960174,KOSDAQ
2003-02-05,2200.0,2300.0,2110.0,2260.0,11788.0,26357510.0,8949993240.0,3960174,KOSDAQ
2003-02-06,2290.0,2380.0,2000.0,2280.0,34159.0,76138510.0,9029196720.0,3960174,KOSDAQ
2003-02-07,2250.0,2290.0,2010.0,2200.0,58735.0,126677670.0,8712382800.0,3960174,KOSDAQ
2003-02-10,2160.0,2220.0,2060.0,2190.0,1285.0,2779940.0,8672781060.0,3960174,KOSDAQ
2003-02-11,2370.0,2370.0,2020.0,2190.0,4458.0,9358990.0,8672781060.0,3960174,KOSDAQ
2003-02-12,2000.0,2190.0,1950.0,2190.0,9373.0,19034330.0,8672781060.0,3960174,KOSDAQ
2003-02-13,2030.0,2190.0,2030.0,2150.0,1376.0,2836890.0,8514374100.0,3960174,KOSDAQ
2003-02-14,2150.0,2190.0,1930.0,2150.0,9277.0,19016340.0,8514374100.0,3960174,KOSDAQ
2003-02-17,2230.0,2230.0,2060.0,2060.0,4911.0,10169090.0,8157958440.0,3960174,KOSDAQ
2003-02-18,2050.0,2300.0,2040.0,2250.0,97627.0,221602020.0,8910391500.0,3960174,KOSDAQ
2003-02-19,2160.0,2340.0,2160.0,2200.0,12372.0,27722780.0,8712382800.0,3960174,KOSDAQ
2003-02-20,2250.0,2250.0,2050.0,2180.0,8879.0,18831880.0,8633179320.0,3960174,KOSDAQ
2003-02-21,2180.0,2200.0,2060.0,2190.0,3037.0,6524060.0,8672781060.0,3960174,KOSDAQ
2003-02-24,2200.0,2200.0,2120.0,2190.0,5737.0,12319190.0,8672781060.0,3960174,KOSDAQ
2003-02-25,2220.0,2230.0,2070.0,2190.0,1297.0,2788100.0,8672781060.0,3960174,KOSDAQ
2003-02-26,2130.0,2210.0,2100.0,2180.0,12066.0,25451500.0,8633179320.0,3960174,KOSDAQ
2003-02-27,2150.0,2230.0,2070.0,2200.0,8133.0,17597470.0,8712382800.0,3960174,KOSDAQ
2003-02-28,2150.0,2200.0,2120.0,2150.0,1750.0,3749420.0,8514374100.0,3960174,KOSDAQ
2003-03-03,2130.0,2220.0,2080.0,2220.0,5647.0,12071380.0,8791586280.0,3960174,KOSDAQ
2003-03-04,2190.0,2220.0,2110.0,2200.0,4520.0,9887230.0,8712382800.0,3960174,KOSDAQ
2003-03-05,2150.0,2170.0,2070.0,2140.0,6469.0,13606930.0,8474772360.0,3960174,KOSDAQ
2003-03-06,2030.0,2100.0,1960.0,2000.0,7186.0,14476970.0,7920348000.0,3960174,KOSDAQ
2003-03-07,1980.0,2100.0,1920.0,1920.0,7635.0,14741670.0,7603534080.0,3960174,KOSDAQ
2003-03-10,1930.0,2100.0,1720.0,2010.0,1814.0,3642890.0,7959949740.0,3960174,KOSDAQ
2003-03-11,1780.0,1840.0,1770.0,1800.0,17897.0,31957500.0,7128313200.0,3960174,KOSDAQ
2003-03-12,1800.0,1990.0,1800.0,1810.0,9047.0,16681910.0,7167914940.0,3960174,KOSDAQ
2003-03-13,1960.0,1990.0,1780.0,1900.0,10907.0,20501870.0,7524330600.0,3960174,KOSDAQ
2003-03-14,1840.0,2090.0,1680.0,1950.0,70472.0,128523090.0,7722339300.0,3960174,KOSDAQ
2003-03-17,2040.0,2040.0,1720.0,1780.0,12764.0,22367710.0,7049109720.0,3960174,KOSDAQ
2003-03-18,1950.0,1950.0,1730.0,1900.0,8685.0,16410810.0,7524330600.0,3960174,KOSDAQ
2003-03-19,1900.0,1900.0,1860.0,1890.0,1053.0,1992380.0,7484728860.0,3960174,KOSDAQ
2003-03-20,1890.0,2000.0,1750.0,1910.0,5739.0,10737920.0,7563932340.0,3960174,KOSDAQ
2003-03-21,1960.0,1980.0,1820.0,1980.0,13488.0,25634010.0,7841144520.0,3960174,KOSDAQ
2003-03-24,1970.0,2030.0,1900.0,1990.0,3139.0,6208690.0,7880746260.0,3960174,KOSDAQ
2003-03-25,1900.0,2210.0,1800.0,2100.0,46806.0,96274970.0,8316365400.0,3960174,KOSDAQ
2003-03-26,2150.0,2150.0,2020.0,2060.0,24567.0,50886910.0,8157958440.0,3960174,KOSDAQ
2003-03-27,2190.0,2190.0,1930.0,2100.0,7538.0,15356020.0,8316365400.0,3960174,KOSDAQ
2003-03-28,2040.0,2110.0,2020.0,2100.0,25713.0,52288410.0,8316365400.0,3960174,KOSDAQ
2003-03-31,2030.0,2100.0,1960.0,1980.0,4677.0,9381610.0,7841144520.0,3960174,KOSDAQ
2003-04-01,1860.0,2090.0,1860.0,2090.0,4042.0,7859660.0,8276763660.0,3960174,KOSDAQ
2003-04-02,2100.0,2190.0,2080.0,2130.0,5522.0,11596110.0,8435170620.0,3960174,KOSDAQ
2003-04-03,2340.0,2340.0,2100.0,2230.0,18814.0,41849570.0,8831188020.0,3960174,KOSDAQ
2003-04-04,2160.0,2300.0,2160.0,2260.0,4460.0,9891280.0,8949993240.0,3960174,KOSDAQ
2003-04-07,2290.0,2300.0,2110.0,2220.0,1758.0,3980140.0,8791586280.0,3960174,KOSDAQ
2003-04-08,2210.0,2290.0,2180.0,2180.0,17095.0,37712780.0,8633179320.0,3960174,KOSDAQ
2003-04-09,2100.0,2180.0,2070.0,2110.0,10846.0,22728350.0,8355967140.0,3960174,KOSDAQ
2003-04-10,2010.0,2240.0,2010.0,2240.0,337.0,704640.0,8870789760.0,3960174,KOSDAQ
2003-04-11,2150.0,2280.0,2130.0,2130.0,7180.0,15713850.0,8435170620.0,3960174,KOSDAQ
2003-04-14,2060.0,2320.0,2060.0,2250.0,794.0,1695090.0,8910391500.0,3960174,KOSDAQ
2003-04-15,2340.0,2340.0,2170.0,2180.0,18177.0,40082750.0,8633179320.0,3960174,KOSDAQ
2003-04-16,2250.0,2350.0,2200.0,2350.0,21875.0,49913140.0,9306408900.0,3960174,KOSDAQ
2003-04-17,2480.0,2490.0,2330.0,2450.0,16583.0,40044530.0,9702426300.0,3960174,KOSDAQ
2003-04-18,2470.0,2480.0,2370.0,2450.0,4842.0,11800740.0,9702426300.0,3960174,KOSDAQ
2003-04-21,2540.0,2690.0,2470.0,2490.0,45183.0,113458420.0,9860833260.0,3960174,KOSDAQ
2003-04-22,2540.0,2540.0,2370.0,2400.0,2519.0,6097050.0,9504417600.0,3960174,KOSDAQ
2003-04-23,2550.0,2550.0,2400.0,2490.0,15191.0,36913290.0,9860833260.0,3960174,KOSDAQ
2003-04-24,2410.0,2490.0,2350.0,2400.0,7747.0,18443090.0,9504417600.0,3960174,KOSDAQ
2003-04-25,2280.0,2680.0,2280.0,2490.0,38278.0,93477000.0,9860833260.0,3960174,KOSDAQ
2003-04-28,2490.0,2530.0,2370.0,2490.0,20172.0,49886570.0,9860833260.0,3960174,KOSDAQ
2003-04-29,2490.0,2580.0,2350.0,2450.0,27425.0,67385340.0,9702426300.0,3960174,KOSDAQ
2003-04-30,2400.0,2530.0,2310.0,2310.0,20740.0,49044660.0,9148001940.0,3960174,KOSDAQ
2003-05-02,2240.0,2460.0,2180.0,2380.0,8635.0,19487780.0,9425214120.0,3960174,KOSDAQ
2003-05-06,2330.0,2380.0,2280.0,2330.0,12238.0,28325280.0,9227205420.0,3960174,KOSDAQ
2003-05-07,2260.0,2430.0,2260.0,2390.0,22372.0,52035100.0,9464815860.0,3960174,KOSDAQ
2003-05-09,2340.0,2440.0,2290.0,2290.0,16315.0,37666240.0,9068798460.0,3960174,KOSDAQ
2003-05-12,2380.0,2380.0,2290.0,2350.0,3931.0,9127580.0,9306408900.0,3960174,KOSDAQ
2003-05-13,2310.0,2340.0,2260.0,2270.0,21163.0,48252450.0,8989594980.0,3960174,KOSDAQ
2003-05-14,2210.0,2320.0,2210.0,2300.0,5854.0,13332970.0,9108400200.0,3960174,KOSDAQ
2003-05-15,2220.0,2320.0,2200.0,2230.0,4755.0,10557010.0,8831188020.0,3960174,KOSDAQ
2003-05-16,2280.0,2280.0,2240.0,2270.0,920.0,2069710.0,8989594980.0,3960174,KOSDAQ
2003-05-19,2350.0,2420.0,2270.0,2330.0,5996.0,13859820.0,9227205420.0,3960174,KOSDAQ
2003-05-20,2300.0,2300.0,2220.0,2260.0,1419.0,3178490.0,8949993240.0,3960174,KOSDAQ
2003-05-21,2220.0,2450.0,2170.0,2430.0,8121.0,18565650.0,9623222820.0,3960174,KOSDAQ
2003-05-22,2360.0,2380.0,2270.0,2290.0,2827.0,6551070.0,9068798460.0,3960174,KOSDAQ
2003-05-23,2390.0,2390.0,2240.0,2280.0,630.0,1417410.0,9029196720.0,3960174,KOSDAQ
2003-05-26,2190.0,2320.0,2190.0,2220.0,16961.0,38039150.0,8791586280.0,3960174,KOSDAQ
2003-05-27,2240.0,2440.0,2240.0,2440.0,8849.0,20021210.0,9662824560.0,3960174,KOSDAQ
2003-05-28,2440.0,2530.0,2300.0,2430.0,32338.0,77158060.0,9623222820.0,3960174,KOSDAQ
2003-05-29,2480.0,2480.0,2290.0,2350.0,11787.0,27424950.0,9306408900.0,3960174,KOSDAQ
2003-05-30,2350.0,2390.0,2250.0,2290.0,15658.0,35618110.0,9068798460.0,3960174,KOSDAQ
2003-06-02,2560.0,2560.0,2550.0,2560.0,45207.0,115729390.0,10138045440.0,3960174,KOSDAQ
2003-06-03,2600.0,2640.0,2460.0,2560.0,26708.0,68345170.0,10138045440.0,3960174,KOSDAQ
2003-06-04,2580.0,2580.0,2380.0,2430.0,14325.0,35333660.0,9623222820.0,3960174,KOSDAQ
2003-06-05,2380.0,2460.0,2380.0,2380.0,5469.0,13163390.0,9425214120.0,3960174,KOSDAQ
2003-06-09,2490.0,2650.0,2300.0,2620.0,38151.0,96210810.0,10375655880.0,3960174,KOSDAQ
2003-06-10,2500.0,2930.0,2490.0,2930.0,142814.0,404485340.0,11603309820.0,3960174,KOSDAQ
2003-06-11,2980.0,3280.0,2960.0,3280.0,107108.0,348330900.0,12989370720.0,3960174,KOSDAQ
2003-06-12,3280.0,3660.0,3220.0,3650.0,155866.0,540093680.0,14454635100.0,3960174,KOSDAQ
2003-06-13,3600.0,3860.0,3470.0,3490.0,81418.0,294966110.0,13821007260.0,3960174,KOSDAQ
2003-06-16,3300.0,3450.0,3160.0,3350.0,76730.0,250914790.0,13266582900.0,3960174,KOSDAQ
2003-06-17,3340.0,3440.0,3160.0,3260.0,79241.0,258952250.0,12910167240.0,3960174,KOSDAQ
2003-06-18,3210.0,3210.0,2930.0,3010.0,137025.0,412171910.0,11920123740.0,3960174,KOSDAQ
2003-06-19,2960.0,3110.0,2940.0,2990.0,64427.0,192264130.0,11840920260.0,3960174,KOSDAQ
2003-06-20,2960.0,3060.0,2950.0,3020.0,56337.0,168768170.0,11959725480.0,3960174,KOSDAQ
2003-06-23,2920.0,3010.0,2660.0,2660.0,52994.0,151285640.0,10534062840.0,3960174,KOSDAQ
2003-06-24,2510.0,2640.0,2510.0,2600.0,41603.0,106389080.0,10296452400.0,3960174,KOSDAQ
2003-06-25,2610.0,2650.0,2570.0,2630.0,28955.0,75453340.0,10415257620.0,3960174,KOSDAQ
2003-06-26,2600.0,2680.0,2560.0,2560.0,28120.0,72995210.0,10138045440.0,3960174,KOSDAQ
2003-06-27,2530.0,2860.0,2530.0,2860.0,54016.0,148907510.0,11326097640.0,3960174,KOSDAQ
2003-06-30,3180.0,3180.0,2900.0,3090.0,49552.0,150370730.0,12236937660.0,3960174,KOSDAQ
2003-07-01,3080.0,3080.0,2940.0,3060.0,32422.0,97708700.0,12118132440.0,3960174,KOSDAQ
2003-07-02,3150.0,3350.0,3080.0,3340.0,57604.0,184254190.0,13226981160.0,3960174,KOSDAQ
2003-07-03,3350.0,3580.0,3250.0,3400.0,30797.0,103932830.0,13464591600.0,3960174,KOSDAQ
2003-07-04,3270.0,3450.0,3120.0,3450.0,31618.0,103272050.0,13662600300.0,3960174,KOSDAQ
2003-07-07,3370.0,3390.0,3270.0,3290.0,19375.0,64060360.0,13028972460.0,3960174,KOSDAQ
2003-07-08,3310.0,3330.0,3150.0,3150.0,10498.0,34137710.0,12474548100.0,3960174,KOSDAQ
2003-07-09,3200.0,3390.0,3140.0,3280.0,17538.0,56561300.0,12989370720.0,3960174,KOSDAQ
2003-07-10,3300.0,3340.0,3160.0,3200.0,8677.0,27837580.0,12672556800.0,3960174,KOSDAQ
2003-07-11,3270.0,3370.0,3150.0,3240.0,12217.0,39800440.0,12830963760.0,3960174,KOSDAQ
2003-07-14,3190.0,3450.0,3160.0,3340.0,10827.0,35517410.0,13226981160.0,3960174,KOSDAQ
2003-07-15,3340.0,3500.0,3160.0,3160.0,12227.0,39565820.0,12514149840.0,3960174,KOSDAQ
2003-07-16,3120.0,3320.0,2940.0,3200.0,18103.0,56064910.0,12672556800.0,3960174,KOSDAQ
2003-07-18,3010.0,3190.0,2990.0,2990.0,12694.0,38223810.0,11840920260.0,3960174,KOSDAQ
2003-07-21,3090.0,3090.0,2900.0,2900.0,5317.0,15586475.0,11484504600.0,3960174,KOSDAQ
2003-07-22,2820.0,2990.0,2780.0,2900.0,10248.0,29003945.0,11484504600.0,3960174,KOSDAQ
2003-07-23,2820.0,3180.0,2800.0,3180.0,3330.0,9896170.0,12593353320.0,3960174,KOSDAQ
2003-07-24,3130.0,3170.0,2920.0,3105.0,2536.0,7747525.0,12296340270.0,3960174,KOSDAQ
2003-07-25,3105.0,3105.0,2960.0,3100.0,781.0,2390975.0,12276539400.0,3960174,KOSDAQ
2003-07-28,3130.0,3130.0,2950.0,2950.0,6185.0,18407320.0,11682513300.0,3960174,KOSDAQ
2003-07-29,2910.0,2945.0,2760.0,2810.0,13115.0,36941330.0,11128088940.0,3960174,KOSDAQ
2003-07-30,2790.0,2925.0,2640.0,2760.0,9503.0,25964110.0,10930080240.0,3960174,KOSDAQ
2003-07-31,2630.0,2725.0,2520.0,2725.0,143112.0,376277905.0,10791474150.0,3960174,KOSDAQ
2003-08-01,2760.0,2770.0,2670.0,2675.0,25334.0,68650520.0,10593465450.0,3960174,KOSDAQ
2003-08-04,2605.0,2750.0,2515.0,2595.0,14782.0,38418070.0,10276651530.0,3960174,KOSDAQ
2003-08-05,2550.0,2655.0,2530.0,2575.0,15051.0,38709730.0,10197448050.0,3960174,KOSDAQ
2003-08-06,2600.0,2600.0,2520.0,2590.0,5310.0,13606320.0,10256850660.0,3960174,KOSDAQ
2003-08-07,2590.0,2720.0,2525.0,2700.0,7756.0,20202925.0,10692469800.0,3960174,KOSDAQ
2003-08-08,2660.0,2660.0,2570.0,2610.0,7491.0,19584435.0,10336054140.0,3960174,KOSDAQ
2003-08-11,2570.0,2910.0,2520.0,2900.0,60721.0,169446260.0,11484504600.0,3960174,KOSDAQ
2003-08-12,2730.0,2890.0,2690.0,2825.0,44504.0,122932225.0,11187491550.0,3960174,KOSDAQ
2003-08-13,2725.0,2815.0,2635.0,2800.0,60511.0,166976945.0,11088487200.0,3960174,KOSDAQ
2003-08-14,2750.0,2860.0,2645.0,2645.0,12253.0,32765245.0,10474660230.0,3960174,KOSDAQ
2003-08-18,2590.0,2660.0,2550.0,2570.0,30996.0,81176010.0,10177647180.0,3960174,KOSDAQ
2003-08-19,2510.0,2590.0,2505.0,2510.0,47484.0,120092300.0,9940036740.0,3960174,KOSDAQ
2003-08-20,2460.0,2550.0,2460.0,2470.0,12304.0,30524890.0,9781629780.0,3960174,KOSDAQ
2003-08-21,2510.0,2550.0,2500.0,2515.0,15692.0,39570865.0,9959837610.0,3960174,KOSDAQ
2003-08-22,2470.0,2540.0,2455.0,2455.0,2794.0,6925055.0,9722227170.0,3960174,KOSDAQ
2003-08-25,2430.0,2550.0,2350.0,2455.0,6435.0,15637900.0,9722227170.0,3960174,KOSDAQ
2003-08-26,2480.0,2495.0,2400.0,2415.0,14088.0,34418780.0,9563820210.0,3960174,KOSDAQ
2003-08-27,2450.0,2700.0,2450.0,2480.0,509037.0,1347688580.0,9821231520.0,3960174,KOSDAQ
2003-08-28,2530.0,2530.0,2260.0,2400.0,67815.0,160729555.0,9504417600.0,3960174,KOSDAQ
2003-08-29,2345.0,2345.0,2265.0,2300.0,23738.0,54446115.0,9108400200.0,3960174,KOSDAQ
2003-09-01,2250.0,2350.0,2230.0,2270.0,12902.0,29545770.0,8989594980.0,3960174,KOSDAQ
2003-09-02,2235.0,2350.0,2235.0,2300.0,29146.0,66420775.0,9108400200.0,3960174,KOSDAQ
2003-09-03,2345.0,2575.0,2300.0,2300.0,224117.0,561831480.0,9108400200.0,3960174,KOSDAQ
2003-09-04,2310.0,2410.0,2300.0,2300.0,32795.0,76826925.0,9108400200.0,3960174,KOSDAQ
2003-09-05,2280.0,2400.0,2280.0,2315.0,46238.0,108757325.0,9167802810.0,3960174,KOSDAQ
2003-09-08,2280.0,2450.0,2280.0,2300.0,61194.0,143972890.0,9108400200.0,3960174,KOSDAQ
2003-09-09,2260.0,2370.0,2255.0,2300.0,22844.0,53013200.0,9108400200.0,3960174,KOSDAQ
2003-09-15,2250.0,2370.0,2250.0,2270.0,8258.0,18758355.0,8989594980.0,3960174,KOSDAQ
2003-09-16,2255.0,2330.0,2250.0,2280.0,17983.0,41269630.0,9029196720.0,3960174,KOSDAQ
2003-09-17,2280.0,2370.0,2280.0,2310.0,13163.0,30673970.0,9148001940.0,3960174,KOSDAQ
2003-09-18,2500.0,2500.0,2305.0,2315.0,15075.0,35647785.0,9167802810.0,3960174,KOSDAQ
2003-09-19,2375.0,2400.0,2315.0,2320.0,25399.0,60107045.0,9187603680.0,3960174,KOSDAQ
2003-09-22,2280.0,2400.0,2255.0,2260.0,5148.0,11713100.0,8949993240.0,3960174,KOSDAQ
2003-09-23,2325.0,2325.0,2150.0,2150.0,9973.0,22003415.0,8514374100.0,3960174,KOSDAQ
2003-09-24,2270.0,2270.0,2025.0,2080.0,23835.0,49409235.0,8237161920.0,3960174,KOSDAQ
2003-09-25,2060.0,2150.0,2015.0,2110.0,22759.0,46520505.0,8355967140.0,3960174,KOSDAQ
2003-09-26,2100.0,2110.0,2020.0,2030.0,9958.0,20233165.0,8039153220.0,3960174,KOSDAQ
2003-09-29,1955.0,2030.0,1955.0,1955.0,9039.0,17779620.0,7742140170.0,3960174,KOSDAQ
2003-09-30,2000.0,2180.0,1950.0,2110.0,17914.0,36780950.0,8355967140.0,3960174,KOSDAQ
2003-10-01,2010.0,2100.0,1990.0,2070.0,4696.0,9452850.0,8197560180.0,3960174,KOSDAQ
2003-10-02,2010.0,2070.0,1965.0,2000.0,8061.0,16148210.0,7920348000.0,3960174,KOSDAQ
2003-10-06,1970.0,2045.0,1960.0,1995.0,5245.0,10375715.0,7900547130.0,3960174,KOSDAQ
2003-10-07,1995.0,2035.0,1970.0,2020.0,4461.0,8936740.0,7999551480.0,3960174,KOSDAQ
2003-10-08,2015.0,2035.0,1995.0,1995.0,5250.0,10569565.0,7900547130.0,3960174,KOSDAQ
2003-10-09,2005.0,2080.0,1960.0,2060.0,2221.0,4498485.0,8157958440.0,3960174,KOSDAQ
2003-10-10,2075.0,2075.0,1970.0,2005.0,5680.0,11432315.0,7940148870.0,3960174,KOSDAQ
2003-10-13,1930.0,2005.0,1900.0,1930.0,10469.0,20187700.0,7643135820.0,3960174,KOSDAQ
2003-10-14,1950.0,1975.0,1820.0,1950.0,15677.0,29969475.0,7722339300.0,3960174,KOSDAQ
2003-10-15,1975.0,2100.0,1900.0,2060.0,12217.0,24496210.0,8157958440.0,3960174,KOSDAQ
2003-10-16,2100.0,2240.0,2000.0,2190.0,12512.0,25999825.0,8672781060.0,3960174,KOSDAQ
2003-10-17,2155.0,2295.0,2070.0,2140.0,7521.0,16330480.0,8474772360.0,3960174,KOSDAQ
2003-10-20,2070.0,2155.0,2060.0,2130.0,7756.0,16169955.0,8435170620.0,3960174,KOSDAQ
2003-10-21,2075.0,2300.0,2075.0,2090.0,33218.0,71389090.0,8276763660.0,3960174,KOSDAQ
2003-10-22,2200.0,2200.0,2060.0,2135.0,9181.0,19151540.0,8454971490.0,3960174,KOSDAQ
2003-10-23,2050.0,2140.0,2000.0,2100.0,21061.0,43794505.0,8316365400.0,3960174,KOSDAQ
2003-10-24,2050.0,2190.0,2025.0,2145.0,549.0,1118175.0,8494573230.0,3960174,KOSDAQ
2003-10-27,2040.0,2140.0,2030.0,2140.0,11548.0,23852955.0,8474772360.0,3960174,KOSDAQ
2003-10-28,2090.0,2090.0,2000.0,2000.0,7521.0,15313865.0,7920348000.0,3960174,KOSDAQ
2003-10-29,2040.0,2040.0,1915.0,2020.0,4905.0,9630570.0,7999551480.0,3960174,KOSDAQ
2003-10-30,1960.0,2025.0,1960.0,1960.0,3305.0,6481780.0,7761941040.0,3960174,KOSDAQ
2003-10-31,1950.0,2070.0,1950.0,2010.0,2923.0,5709185.0,7959949740.0,3960174,KOSDAQ
2003-11-03,1965.0,1965.0,1900.0,1900.0,5366.0,10232050.0,7524330600.0,3960174,KOSDAQ
2003-11-04,1930.0,2000.0,1870.0,1935.0,3789.0,7332520.0,7662936690.0,3960174,KOSDAQ
2003-11-05,1910.0,1910.0,1800.0,1830.0,12034.0,22019785.0,7247118420.0,3960174,KOSDAQ
2003-11-06,1885.0,1885.0,1695.0,1805.0,14971.0,26401860.0,7148114070.0,3960174,KOSDAQ
2003-11-07,1840.0,1840.0,1730.0,1780.0,1983.0,3532805.0,7049109720.0,3960174,KOSDAQ
2003-11-10,1710.0,1780.0,1700.0,1715.0,10427.0,17874360.0,6791698410.0,3960174,KOSDAQ
2003-11-11,1800.0,1800.0,1700.0,1770.0,3011.0,5254405.0,7009507980.0,3960174,KOSDAQ
2003-11-12,1775.0,1895.0,1690.0,1710.0,10210.0,17493880.0,6771897540.0,3960174,KOSDAQ
2003-11-13,1800.0,1800.0,1655.0,1735.0,17203.0,29329730.0,6870901890.0,3960174,KOSDAQ
2003-11-14,1865.0,1865.0,1740.0,1835.0,10027.0,17687530.0,7266919290.0,3960174,KOSDAQ
2003-11-17,1805.0,1805.0,1710.0,1725.0,4429.0,7763305.0,6831300150.0,3960174,KOSDAQ
2003-11-18,1710.0,1820.0,1710.0,1770.0,6689.0,11873900.0,7009507980.0,3960174,KOSDAQ
2003-11-19,1725.0,1815.0,1725.0,1780.0,4041.0,7169000.0,7049109720.0,3960174,KOSDAQ
2003-11-20,1755.0,1815.0,1750.0,1800.0,3002.0,5319250.0,7128313200.0,3960174,KOSDAQ
2003-11-21,1800.0,1820.0,1710.0,1720.0,7400.0,13106595.0,6811499280.0,3960174,KOSDAQ
2003-11-24,1705.0,1800.0,1700.0,1775.0,5649.0,9927035.0,7029308850.0,3960174,KOSDAQ
2003-11-25,1810.0,1810.0,1710.0,1780.0,3439.0,6071540.0,7049109720.0,3960174,KOSDAQ
2003-11-26,1760.0,1800.0,1760.0,1790.0,2368.0,4232930.0,7088711460.0,3960174,KOSDAQ
2003-11-27,1780.0,1810.0,1755.0,1810.0,5259.0,9313875.0,7167914940.0,3960174,KOSDAQ
2003-11-28,1785.0,1825.0,1725.0,1800.0,3129.0,5499820.0,7128313200.0,3960174,KOSDAQ
2003-12-01,1775.0,1795.0,1755.0,1790.0,4049.0,7201755.0,7088711460.0,3960174,KOSDAQ
2003-12-02,1790.0,1990.0,1760.0,1885.0,20719.0,39430235.0,7464927990.0,3960174,KOSDAQ
2003-12-03,1920.0,1990.0,1820.0,1990.0,10625.0,20358940.0,7880746260.0,3960174,KOSDAQ
2003-12-04,1960.0,1990.0,1890.0,1970.0,11580.0,22307015.0,7801542780.0,3960174,KOSDAQ
2003-12-05,1940.0,1990.0,1870.0,1970.0,6809.0,13363795.0,7801542780.0,3960174,KOSDAQ
2003-12-08,1970.0,1970.0,1930.0,1930.0,6452.0,12485060.0,7643135820.0,3960174,KOSDAQ
2003-12-09,1880.0,2160.0,1845.0,2135.0,55204.0,116055000.0,8454971490.0,3960174,KOSDAQ
2003-12-10,2100.0,2130.0,2005.0,2110.0,14544.0,29750535.0,8355967140.0,3960174,KOSDAQ
2003-12-11,2085.0,2145.0,1985.0,2080.0,10555.0,21467850.0,8237161920.0,3960174,KOSDAQ
2003-12-12,2080.0,2130.0,2040.0,2110.0,10359.0,21437825.0,8355967140.0,3960174,KOSDAQ
2003-12-15,2060.0,2140.0,2040.0,2070.0,9037.0,18882385.0,8197560180.0,3960174,KOSDAQ
2003-12-16,2045.0,2140.0,2020.0,2100.0,9226.0,19173440.0,8316365400.0,3960174,KOSDAQ
2003-12-17,2070.0,2185.0,2015.0,2060.0,6841.0,14148175.0,8157958440.0,3960174,KOSDAQ
2003-12-18,2095.0,2100.0,2000.0,2060.0,21919.0,44944345.0,8157958440.0,3960174,KOSDAQ
2003-12-19,2095.0,2250.0,2095.0,2235.0,30146.0,66289320.0,8850988890.0,3960174,KOSDAQ
2003-12-22,2140.0,2280.0,2010.0,2195.0,13112.0,28213685.0,8692581930.0,3960174,KOSDAQ
2003-12-23,2080.0,2220.0,2010.0,2035.0,14210.0,29245210.0,8058954090.0,3960174,KOSDAQ
2003-12-24,2165.0,2165.0,1995.0,2090.0,1674.0,3406380.0,8276763660.0,3960174,KOSDAQ
2003-12-26,2000.0,2050.0,1920.0,1920.0,15121.0,29530510.0,7603534080.0,3960174,KOSDAQ
2003-12-29,2010.0,2015.0,1870.0,1900.0,6999.0,13313205.0,7524330600.0,3960174,KOSDAQ
2003-12-30,2035.0,2125.0,1850.0,2120.0,15671.0,32710015.0,8395568880.0,3960174,KOSDAQ
