d,o,h,l,c,v,a,mc,s,m,rs
2001-01-02,2940.0,3090.0,2810.0,3050.0,35710.0,107211050.0,8093419000.0,2653580,KOSPI,tradable_ohlcv
2001-01-03,3000.0,3000.0,2810.0,2950.0,54530.0,157235200.0,7828061000.0,2653580,KOSPI,tradable_ohlcv
2001-01-04,3150.0,3220.0,3060.0,3140.0,74680.0,233223700.0,8332241200.0,2653580,KOSPI,tradable_ohlcv
2001-01-05,3200.0,3200.0,3010.0,3055.0,70290.0,215928750.0,8106686900.0,2653580,KOSPI,tradable_ohlcv
2001-01-08,3090.0,3240.0,3035.0,3200.0,95300.0,301369500.0,8491456000.0,2653580,KOSPI,tradable_ohlcv
2001-01-09,3200.0,3250.0,3150.0,3235.0,102960.0,330323100.0,8584331300.0,2653580,KOSPI,tradable_ohlcv
2001-01-10,3250.0,3450.0,3150.0,3200.0,180060.0,586149100.0,8491456000.0,2653580,KOSPI,tradable_ohlcv
2001-01-11,3205.0,3320.0,3200.0,3280.0,41790.0,135936150.0,8703742400.0,2653580,KOSPI,tradable_ohlcv
2001-01-12,3280.0,3740.0,3255.0,3740.0,227170.0,802004550.0,9924389200.0,2653580,KOSPI,tradable_ohlcv
2001-01-15,3800.0,3960.0,3600.0,3695.0,114330.0,436591600.0,9804978100.0,2653580,KOSPI,tradable_ohlcv
2001-01-16,3695.0,3700.0,3280.0,3330.0,248330.0,838598100.0,8836421400.0,2653580,KOSPI,tradable_ohlcv
2001-01-17,3350.0,3390.0,3100.0,3150.0,164300.0,523666350.0,8358777000.0,2653580,KOSPI,tradable_ohlcv
2001-01-18,3200.0,3240.0,3110.0,3150.0,61010.0,193459900.0,8358777000.0,2653580,KOSPI,tradable_ohlcv
2001-01-19,3140.0,3330.0,3140.0,3240.0,95570.0,308020000.0,8597599200.0,2653580,KOSPI,tradable_ohlcv
2001-01-22,3150.0,3350.0,3150.0,3310.0,96280.0,314797150.0,8783349800.0,2653580,KOSPI,tradable_ohlcv
2001-01-26,3300.0,3400.0,3155.0,3155.0,51180.0,164926500.0,8372044900.0,2653580,KOSPI,tradable_ohlcv
2001-01-29,3115.0,3240.0,3115.0,3225.0,42530.0,135710900.0,8557795500.0,2653580,KOSPI,tradable_ohlcv
2001-01-30,3320.0,3330.0,3215.0,3250.0,85240.0,279188350.0,8624135000.0,2653580,KOSPI,tradable_ohlcv
2001-01-31,3305.0,3305.0,3150.0,3250.0,47980.0,153425550.0,8624135000.0,2653580,KOSPI,tradable_ohlcv
2001-02-01,3280.0,3280.0,3155.0,3180.0,34510.0,110218050.0,8438384400.0,2653580,KOSPI,tradable_ohlcv
2001-02-02,3190.0,3300.0,3175.0,3200.0,70290.0,226925500.0,8491456000.0,2653580,KOSPI,tradable_ohlcv
2001-02-05,3100.0,3160.0,3080.0,3120.0,53810.0,166896350.0,8279169600.0,2653580,KOSPI,tradable_ohlcv
2001-02-06,3120.0,3155.0,3040.0,3120.0,26330.0,81298500.0,8279169600.0,2653580,KOSPI,tradable_ohlcv
2001-02-07,3150.0,3150.0,3020.0,3035.0,25170.0,76855400.0,8053615300.0,2653580,KOSPI,tradable_ohlcv
2001-02-08,3075.0,3100.0,3010.0,3100.0,47730.0,146077000.0,8226098000.0,2653580,KOSPI,tradable_ohlcv
2001-02-09,3020.0,3100.0,3020.0,3070.0,35130.0,107492500.0,8146490600.0,2653580,KOSPI,tradable_ohlcv
2001-02-12,3050.0,3110.0,3030.0,3040.0,31500.0,96503800.0,8066883200.0,2653580,KOSPI,tradable_ohlcv
2001-02-13,3060.0,3095.0,3030.0,3070.0,36540.0,111594800.0,8146490600.0,2653580,KOSPI,tradable_ohlcv
2001-02-14,3040.0,3075.0,3035.0,3050.0,25020.0,76257100.0,8093419000.0,2653580,KOSPI,tradable_ohlcv
2001-02-15,3070.0,3100.0,3030.0,3075.0,44340.0,135811600.0,8159758500.0,2653580,KOSPI,tradable_ohlcv
2001-02-16,3090.0,3110.0,3005.0,3030.0,61100.0,185995500.0,8040347400.0,2653580,KOSPI,tradable_ohlcv
2001-02-19,3000.0,3000.0,2960.0,2980.0,47660.0,141877050.0,7907668400.0,2653580,KOSPI,tradable_ohlcv
2001-02-20,3000.0,3085.0,2950.0,3040.0,51940.0,156917250.0,8066883200.0,2653580,KOSPI,tradable_ohlcv
2001-02-21,3050.0,3050.0,2970.0,3000.0,50330.0,150479400.0,7960740000.0,2653580,KOSPI,tradable_ohlcv
2001-02-22,2950.0,3000.0,2900.0,2900.0,52830.0,155276750.0,7695382000.0,2653580,KOSPI,tradable_ohlcv
2001-02-23,2900.0,2950.0,2895.0,2920.0,29270.0,85421550.0,7748453600.0,2653580,KOSPI,tradable_ohlcv
2001-02-26,3100.0,3100.0,2950.0,2980.0,22620.0,68266600.0,7907668400.0,2653580,KOSPI,tradable_ohlcv
2001-02-27,3060.0,3060.0,2920.0,2930.0,15340.0,45637700.0,7774989400.0,2653580,KOSPI,tradable_ohlcv
2001-02-28,2900.0,2910.0,2860.0,2900.0,21590.0,62326350.0,7695382000.0,2653580,KOSPI,tradable_ohlcv
2001-03-02,2820.0,2930.0,2710.0,2720.0,26780.0,75112250.0,7217737600.0,2653580,KOSPI,tradable_ohlcv
2001-03-05,2700.0,2700.0,2555.0,2650.0,38810.0,101411050.0,7031987000.0,2653580,KOSPI,tradable_ohlcv
2001-03-06,2645.0,2680.0,2600.0,2600.0,25870.0,68021150.0,6899308000.0,2653580,KOSPI,tradable_ohlcv
2001-03-07,2620.0,2660.0,2570.0,2570.0,24020.0,62398150.0,6819700600.0,2653580,KOSPI,tradable_ohlcv
2001-03-08,2625.0,2845.0,2570.0,2790.0,63660.0,173206600.0,7403488200.0,2653580,KOSPI,tradable_ohlcv
2001-03-09,2850.0,2850.0,2660.0,2740.0,34310.0,93318350.0,7270809200.0,2653580,KOSPI,tradable_ohlcv
2001-03-12,2690.0,2740.0,2560.0,2580.0,43810.0,114508950.0,6846236400.0,2653580,KOSPI,tradable_ohlcv
2001-03-13,2300.0,2435.0,2300.0,2435.0,37790.0,89974700.0,6461467300.0,2653580,KOSPI,tradable_ohlcv
2001-03-14,2550.0,2580.0,2470.0,2480.0,23330.0,58723650.0,6580878400.0,2653580,KOSPI,tradable_ohlcv
2001-03-15,2350.0,2440.0,2305.0,2400.0,24050.0,56926600.0,6368592000.0,2653580,KOSPI,tradable_ohlcv
2001-03-16,2400.0,2450.0,2355.0,2360.0,7650.0,18497050.0,6262448800.0,2653580,KOSPI,tradable_ohlcv
2001-03-19,2370.0,2425.0,2300.0,2360.0,11000.0,25860400.0,6262448800.0,2653580,KOSPI,tradable_ohlcv
2001-03-20,2450.0,2460.0,2360.0,2395.0,9230.0,22143200.0,6355324100.0,2653580,KOSPI,tradable_ohlcv
2001-03-21,2330.0,2750.0,2300.0,2450.0,46500.0,116682050.0,6501271000.0,2653580,KOSPI,tradable_ohlcv
2001-03-22,2450.0,2550.0,2380.0,2445.0,58950.0,144558050.0,6488003100.0,2653580,KOSPI,tradable_ohlcv
2001-03-23,2410.0,2485.0,2400.0,2430.0,13010.0,31486150.0,6448199400.0,2653580,KOSPI,tradable_ohlcv
2001-03-26,2400.0,2530.0,2400.0,2490.0,33850.0,82743900.0,6607414200.0,2653580,KOSPI,tradable_ohlcv
2001-03-27,2410.0,2500.0,2400.0,2400.0,16010.0,38941600.0,6368592000.0,2653580,KOSPI,tradable_ohlcv
2001-03-28,2490.0,2490.0,2360.0,2440.0,16030.0,38527850.0,6474735200.0,2653580,KOSPI,tradable_ohlcv
2001-03-29,2375.0,2430.0,2360.0,2375.0,7650.0,18221800.0,6302252500.0,2653580,KOSPI,tradable_ohlcv
2001-03-30,2390.0,2400.0,2320.0,2350.0,4710.0,11019950.0,6235913000.0,2653580,KOSPI,tradable_ohlcv
2001-04-02,2350.0,2350.0,2120.0,2260.0,8570.0,19117800.0,5997090800.0,2653580,KOSPI,tradable_ohlcv
2001-04-03,2210.0,2210.0,2120.0,2150.0,14200.0,30418150.0,5705197000.0,2653580,KOSPI,tradable_ohlcv
2001-04-04,2100.0,2165.0,2060.0,2150.0,8020.0,16972300.0,5705197000.0,2653580,KOSPI,tradable_ohlcv
2001-04-06,2200.0,2280.0,2180.0,2200.0,16460.0,36365400.0,5837876000.0,2653580,KOSPI,tradable_ohlcv
2001-04-09,2110.0,2175.0,2080.0,2090.0,7190.0,15152700.0,5545982200.0,2653580,KOSPI,tradable_ohlcv
2001-04-10,2120.0,2135.0,2035.0,2040.0,19180.0,39806700.0,5413303200.0,2653580,KOSPI,tradable_ohlcv
2001-04-11,2070.0,2115.0,2065.0,2115.0,12570.0,26377600.0,5612321700.0,2653580,KOSPI,tradable_ohlcv
2001-04-12,2135.0,2360.0,2135.0,2330.0,85480.0,195690950.0,6182841400.0,2653580,KOSPI,tradable_ohlcv
2001-04-13,2350.0,2380.0,2300.0,2350.0,52040.0,121572250.0,6235913000.0,2653580,KOSPI,tradable_ohlcv
2001-04-16,2270.0,2370.0,2270.0,2285.0,17910.0,41308700.0,6063430300.0,2653580,KOSPI,tradable_ohlcv
2001-04-17,2285.0,2340.0,2265.0,2305.0,11980.0,27703600.0,6116501900.0,2653580,KOSPI,tradable_ohlcv
2001-04-18,2250.0,2450.0,2250.0,2450.0,36290.0,86144700.0,6501271000.0,2653580,KOSPI,tradable_ohlcv
2001-04-19,2550.0,2620.0,2400.0,2440.0,54910.0,138308650.0,6474735200.0,2653580,KOSPI,tradable_ohlcv
2001-04-20,2500.0,2500.0,2350.0,2410.0,24190.0,58117550.0,6395127800.0,2653580,KOSPI,tradable_ohlcv
2001-04-23,2335.0,2430.0,2320.0,2355.0,17310.0,40778050.0,6249180900.0,2653580,KOSPI,tradable_ohlcv
2001-04-24,2315.0,2355.0,2250.0,2250.0,16410.0,37455100.0,5970555000.0,2653580,KOSPI,tradable_ohlcv
2001-04-25,2210.0,2280.0,2210.0,2230.0,23950.0,53586750.0,5917483400.0,2653580,KOSPI,tradable_ohlcv
2001-04-26,2310.0,2365.0,2290.0,2290.0,24050.0,55670200.0,6076698200.0,2653580,KOSPI,tradable_ohlcv
2001-04-27,2300.0,2350.0,2210.0,2295.0,23620.0,53683800.0,6089966100.0,2653580,KOSPI,tradable_ohlcv
2001-04-30,2250.0,2295.0,2250.0,2295.0,26200.0,59652900.0,6089966100.0,2653580,KOSPI,tradable_ohlcv
2001-05-02,2295.0,2310.0,2210.0,2250.0,27180.0,61486750.0,5970555000.0,2653580,KOSPI,tradable_ohlcv
2001-05-03,2220.0,2265.0,2200.0,2235.0,28020.0,62211850.0,5930751300.0,2653580,KOSPI,tradable_ohlcv
2001-05-04,2200.0,2245.0,2185.0,2240.0,21400.0,47198600.0,5944019200.0,2653580,KOSPI,tradable_ohlcv
2001-05-07,2235.0,2250.0,2200.0,2230.0,27060.0,60034950.0,5917483400.0,2653580,KOSPI,tradable_ohlcv
2001-05-08,2245.0,2285.0,2210.0,2230.0,24170.0,54080650.0,5917483400.0,2653580,KOSPI,tradable_ohlcv
2001-05-09,2230.0,2230.0,2160.0,2160.0,39960.0,87405700.0,5731732800.0,2653580,KOSPI,tradable_ohlcv
2001-05-10,2110.0,2110.0,2000.0,2060.0,159350.0,327943250.0,5466374800.0,2653580,KOSPI,tradable_ohlcv
2001-05-11,2050.0,2090.0,2005.0,2060.0,71250.0,146858450.0,5466374800.0,2653580,KOSPI,tradable_ohlcv
2001-05-14,2060.0,2090.0,2020.0,2060.0,44690.0,91658750.0,5466374800.0,2653580,KOSPI,tradable_ohlcv
2001-05-15,2065.0,2085.0,2060.0,2070.0,40200.0,83283350.0,5492910600.0,2653580,KOSPI,tradable_ohlcv
2001-05-16,2070.0,2070.0,2030.0,2050.0,37280.0,76067500.0,5439839000.0,2653580,KOSPI,tradable_ohlcv
2001-05-17,2085.0,2085.0,2035.0,2035.0,45430.0,93581300.0,5400035300.0,2653580,KOSPI,tradable_ohlcv
2001-05-18,2050.0,2050.0,1990.0,2040.0,73580.0,147901400.0,5413303200.0,2653580,KOSPI,tradable_ohlcv
2001-05-21,2040.0,2070.0,2020.0,2050.0,52060.0,106631250.0,5439839000.0,2653580,KOSPI,tradable_ohlcv
2001-05-22,2070.0,2280.0,2070.0,2260.0,189640.0,418098700.0,5997090800.0,2653580,KOSPI,tradable_ohlcv
2001-05-23,2310.0,2350.0,2150.0,2205.0,80110.0,177845700.0,5851143900.0,2653580,KOSPI,tradable_ohlcv
2001-05-24,2230.0,2230.0,2125.0,2200.0,80750.0,174307350.0,5837876000.0,2653580,KOSPI,tradable_ohlcv
2001-05-25,2170.0,2230.0,2170.0,2200.0,36470.0,80162350.0,5837876000.0,2653580,KOSPI,tradable_ohlcv
2001-05-28,2235.0,2350.0,2230.0,2300.0,78850.0,181417200.0,6103234000.0,2653580,KOSPI,tradable_ohlcv
2001-05-29,2215.0,2300.0,2215.0,2285.0,42860.0,96897800.0,6063430300.0,2653580,KOSPI,tradable_ohlcv
2001-05-30,2285.0,2285.0,2200.0,2260.0,25580.0,57365750.0,5997090800.0,2653580,KOSPI,tradable_ohlcv
2001-05-31,2250.0,2260.0,2165.0,2220.0,50970.0,111493350.0,5890947600.0,2653580,KOSPI,tradable_ohlcv
2001-06-01,2150.0,2220.0,2150.0,2190.0,21990.0,47560250.0,5811340200.0,2653580,KOSPI,tradable_ohlcv
2001-06-04,2130.0,2275.0,2130.0,2230.0,92790.0,205209200.0,5917483400.0,2653580,KOSPI,tradable_ohlcv
2001-06-05,2275.0,2275.0,2160.0,2230.0,57210.0,126605250.0,5917483400.0,2653580,KOSPI,tradable_ohlcv
2001-06-07,2200.0,2250.0,2100.0,2175.0,32830.0,71301450.0,5771536500.0,2653580,KOSPI,tradable_ohlcv
2001-06-08,2170.0,2220.0,2160.0,2220.0,55130.0,120359850.0,5890947600.0,2653580,KOSPI,tradable_ohlcv
2001-06-11,2170.0,2200.0,2150.0,2170.0,24460.0,52949450.0,5758268600.0,2653580,KOSPI,tradable_ohlcv
2001-06-12,2180.0,2180.0,2150.0,2170.0,36530.0,79119950.0,5758268600.0,2653580,KOSPI,tradable_ohlcv
2001-06-13,2160.0,2200.0,2160.0,2165.0,39240.0,85475750.0,5745000700.0,2653580,KOSPI,tradable_ohlcv
2001-06-14,2180.0,2210.0,2170.0,2200.0,37400.0,81840700.0,5837876000.0,2653580,KOSPI,tradable_ohlcv
2001-06-15,2240.0,2390.0,2190.0,2390.0,140740.0,318187000.0,6342056200.0,2653580,KOSPI,tradable_ohlcv
2001-06-18,2450.0,2570.0,2380.0,2430.0,182660.0,452589950.0,6448199400.0,2653580,KOSPI,tradable_ohlcv
2001-06-19,2380.0,2390.0,2330.0,2355.0,51720.0,121839050.0,6249180900.0,2653580,KOSPI,tradable_ohlcv
2001-06-20,2325.0,2510.0,2325.0,2390.0,96680.0,235399700.0,6342056200.0,2653580,KOSPI,tradable_ohlcv
2001-06-21,2315.0,2630.0,2315.0,2510.0,193570.0,482988000.0,6660485800.0,2653580,KOSPI,tradable_ohlcv
2001-06-22,2500.0,2500.0,2410.0,2465.0,56640.0,137695050.0,6541074700.0,2653580,KOSPI,tradable_ohlcv
2001-06-25,2465.0,2530.0,2335.0,2490.0,61610.0,151277150.0,6607414200.0,2653580,KOSPI,tradable_ohlcv
2001-06-26,2415.0,2440.0,2270.0,2270.0,83890.0,194796750.0,6023626600.0,2653580,KOSPI,tradable_ohlcv
2001-06-27,2250.0,2330.0,2235.0,2240.0,14260.0,32075250.0,5944019200.0,2653580,KOSPI,tradable_ohlcv
2001-06-28,2150.0,2380.0,2150.0,2205.0,36050.0,80827300.0,5851143900.0,2653580,KOSPI,tradable_ohlcv
2001-06-29,2190.0,2295.0,2190.0,2250.0,32460.0,72635800.0,5970555000.0,2653580,KOSPI,tradable_ohlcv
2001-07-02,2250.0,2320.0,2230.0,2240.0,15280.0,34283750.0,5944019200.0,2653580,KOSPI,tradable_ohlcv
2001-07-03,2250.0,2270.0,2150.0,2170.0,36300.0,80227500.0,5758268600.0,2653580,KOSPI,tradable_ohlcv
2001-07-04,2180.0,2350.0,2180.0,2250.0,77990.0,178383200.0,5970555000.0,2653580,KOSPI,tradable_ohlcv
2001-07-05,2300.0,2300.0,2230.0,2260.0,33310.0,75298650.0,5997090800.0,2653580,KOSPI,tradable_ohlcv
2001-07-06,2260.0,2420.0,2150.0,2280.0,63140.0,142749600.0,6050162400.0,2653580,KOSPI,tradable_ohlcv
2001-07-09,2300.0,2450.0,2150.0,2175.0,110410.0,247400100.0,5771536500.0,2653580,KOSPI,tradable_ohlcv
2001-07-10,2250.0,2250.0,2140.0,2175.0,69440.0,150902050.0,5771536500.0,2653580,KOSPI,tradable_ohlcv
2001-07-11,2155.0,2155.0,2050.0,2070.0,56930.0,118929300.0,5492910600.0,2653580,KOSPI,tradable_ohlcv
2001-07-12,2170.0,2200.0,2110.0,2125.0,86900.0,186148850.0,5638857500.0,2653580,KOSPI,tradable_ohlcv
2001-07-13,2150.0,2190.0,2075.0,2080.0,34260.0,72402100.0,5519446400.0,2653580,KOSPI,tradable_ohlcv
2001-07-16,2090.0,2125.0,2005.0,2110.0,34540.0,72347900.0,5599053800.0,2653580,KOSPI,tradable_ohlcv
2001-07-18,2110.0,2110.0,2055.0,2060.0,38300.0,79561100.0,5466374800.0,2653580,KOSPI,tradable_ohlcv
2001-07-19,2050.0,2050.0,2000.0,2010.0,16000.0,32160850.0,5333695800.0,2653580,KOSPI,tradable_ohlcv
2001-07-20,2015.0,2035.0,2000.0,2020.0,35570.0,71462550.0,5360231600.0,2653580,KOSPI,tradable_ohlcv
2001-07-23,2015.0,2020.0,1860.0,1860.0,28550.0,56121450.0,4935658800.0,2653580,KOSPI,tradable_ohlcv
2001-07-24,1610.0,1800.0,1610.0,1770.0,41460.0,69625500.0,4696836600.0,2653580,KOSPI,tradable_ohlcv
2001-07-25,1780.0,1800.0,1730.0,1750.0,9580.0,16901950.0,4643765000.0,2653580,KOSPI,tradable_ohlcv
2001-07-26,1750.0,1845.0,1750.0,1760.0,32070.0,56907450.0,4670300800.0,2653580,KOSPI,tradable_ohlcv
2001-07-27,1760.0,1840.0,1760.0,1840.0,17100.0,30892150.0,4882587200.0,2653580,KOSPI,tradable_ohlcv
2001-07-30,1900.0,1900.0,1800.0,1820.0,5920.0,10865400.0,4829515600.0,2653580,KOSPI,tradable_ohlcv
2001-07-31,1785.0,1880.0,1785.0,1860.0,10760.0,19799750.0,4935658800.0,2653580,KOSPI,tradable_ohlcv
2001-08-01,1820.0,1940.0,1820.0,1890.0,19320.0,36474800.0,5015266200.0,2653580,KOSPI,tradable_ohlcv
2001-08-02,1910.0,1910.0,1855.0,1870.0,13610.0,25594950.0,4962194600.0,2653580,KOSPI,tradable_ohlcv
2001-08-03,1880.0,1900.0,1840.0,1870.0,13560.0,25314650.0,4962194600.0,2653580,KOSPI,tradable_ohlcv
2001-08-06,1835.0,1875.0,1820.0,1850.0,17130.0,31615250.0,4909123000.0,2653580,KOSPI,tradable_ohlcv
2001-08-07,1840.0,1840.0,1795.0,1795.0,34480.0,62494400.0,4763176100.0,2653580,KOSPI,tradable_ohlcv
2001-08-08,1795.0,1810.0,1750.0,1760.0,30530.0,54449900.0,4670300800.0,2653580,KOSPI,tradable_ohlcv
2001-08-09,1740.0,1760.0,1700.0,1755.0,17420.0,30194000.0,4657032900.0,2653580,KOSPI,tradable_ohlcv
2001-08-10,1770.0,1820.0,1750.0,1760.0,13020.0,23327500.0,4670300800.0,2653580,KOSPI,tradable_ohlcv
2001-08-13,1760.0,1800.0,1745.0,1755.0,19670.0,34602850.0,4657032900.0,2653580,KOSPI,tradable_ohlcv
2001-08-14,1765.0,1790.0,1750.0,1755.0,20170.0,35628000.0,4657032900.0,2653580,KOSPI,tradable_ohlcv
2001-08-16,1750.0,1755.0,1700.0,1715.0,49520.0,85084100.0,4550889700.0,2653580,KOSPI,tradable_ohlcv
2001-08-17,1715.0,1735.0,1690.0,1725.0,47220.0,80548700.0,4577425500.0,2653580,KOSPI,tradable_ohlcv
2001-08-20,1720.0,1720.0,1620.0,1650.0,41270.0,69066950.0,4378407000.0,2653580,KOSPI,tradable_ohlcv
2001-08-21,1690.0,1690.0,1645.0,1670.0,18590.0,30917950.0,4431478600.0,2653580,KOSPI,tradable_ohlcv
2001-08-22,1660.0,1685.0,1635.0,1680.0,22850.0,37785700.0,4458014400.0,2653580,KOSPI,tradable_ohlcv
2001-08-23,1705.0,1705.0,1660.0,1675.0,25350.0,42525800.0,4444746500.0,2653580,KOSPI,tradable_ohlcv
2001-08-24,1660.0,1680.0,1645.0,1650.0,22250.0,36773200.0,4378407000.0,2653580,KOSPI,tradable_ohlcv
2001-08-27,1660.0,1690.0,1650.0,1650.0,15820.0,26345250.0,4378407000.0,2653580,KOSPI,tradable_ohlcv
2001-08-28,1660.0,1660.0,1600.0,1620.0,20660.0,33366800.0,4298799600.0,2653580,KOSPI,tradable_ohlcv
2001-08-29,1600.0,1600.0,1540.0,1540.0,15770.0,24662400.0,4086513200.0,2653580,KOSPI,tradable_ohlcv
2001-08-30,1480.0,1600.0,1420.0,1535.0,62930.0,94011550.0,4073245300.0,2653580,KOSPI,tradable_ohlcv
2001-08-31,1520.0,1520.0,1410.0,1460.0,27170.0,39038300.0,3874226800.0,2653580,KOSPI,tradable_ohlcv
2001-09-03,1415.0,1475.0,1415.0,1420.0,19940.0,28719700.0,3768083600.0,2653580,KOSPI,tradable_ohlcv
2001-09-04,1495.0,1495.0,1400.0,1440.0,17500.0,25040450.0,3821155200.0,2653580,KOSPI,tradable_ohlcv
2001-09-05,1420.0,1420.0,1385.0,1400.0,18150.0,25396400.0,3715012000.0,2653580,KOSPI,tradable_ohlcv
2001-09-06,1420.0,1425.0,1385.0,1425.0,32020.0,45151350.0,3781351500.0,2653580,KOSPI,tradable_ohlcv
2001-09-07,1415.0,1445.0,1390.0,1410.0,20830.0,29565950.0,3741547800.0,2653580,KOSPI,tradable_ohlcv
2001-09-10,1320.0,1410.0,1320.0,1400.0,33170.0,44818700.0,3715012000.0,2653580,KOSPI,tradable_ohlcv
2001-09-11,1430.0,1430.0,1385.0,1395.0,25650.0,36082500.0,3701744100.0,2653580,KOSPI,tradable_ohlcv
2001-09-12,1190.0,1190.0,1190.0,1190.0,11640.0,13851600.0,3157760200.0,2653580,KOSPI,tradable_ohlcv
2001-09-13,1100.0,1160.0,1080.0,1150.0,89230.0,99340050.0,3051617000.0,2653580,KOSPI,tradable_ohlcv
2001-09-14,1150.0,1150.0,985.0,985.0,58230.0,62630950.0,2613776300.0,2653580,KOSPI,tradable_ohlcv
2001-09-17,970.0,970.0,850.0,850.0,33910.0,30753650.0,2255543000.0,2653580,KOSPI,tradable_ohlcv
2001-09-18,900.0,975.0,900.0,975.0,48860.0,46158150.0,2587240500.0,2653580,KOSPI,tradable_ohlcv
2001-09-19,1005.0,1120.0,1005.0,1080.0,64990.0,70700100.0,2865866400.0,2653580,KOSPI,tradable_ohlcv
2001-09-20,1000.0,1080.0,990.0,1020.0,27030.0,27249000.0,2706651600.0,2653580,KOSPI,tradable_ohlcv
2001-09-21,975.0,1020.0,975.0,1005.0,17930.0,17671500.0,2666847900.0,2653580,KOSPI,tradable_ohlcv
2001-09-24,1000.0,1135.0,1000.0,1100.0,35300.0,37192700.0,2918938000.0,2653580,KOSPI,tradable_ohlcv
2001-09-25,1150.0,1265.0,1090.0,1090.0,53490.0,61561250.0,2892402200.0,2653580,KOSPI,tradable_ohlcv
2001-09-26,1130.0,1130.0,1065.0,1085.0,14680.0,16069750.0,2879134300.0,2653580,KOSPI,tradable_ohlcv
2001-09-27,1050.0,1105.0,1050.0,1090.0,4280.0,4565850.0,2892402200.0,2653580,KOSPI,tradable_ohlcv
2001-09-28,1120.0,1190.0,1110.0,1135.0,41910.0,47716650.0,3011813300.0,2653580,KOSPI,tradable_ohlcv
2001-10-04,1160.0,1300.0,1160.0,1260.0,78690.0,97967500.0,3343510800.0,2653580,KOSPI,tradable_ohlcv
2001-10-05,1240.0,1320.0,1220.0,1250.0,66960.0,85235500.0,3316975000.0,2653580,KOSPI,tradable_ohlcv
2001-10-08,1245.0,1250.0,1200.0,1240.0,30070.0,36736500.0,3290439200.0,2653580,KOSPI,tradable_ohlcv
2001-10-09,1200.0,1380.0,1200.0,1315.0,84050.0,111505550.0,3489457700.0,2653580,KOSPI,tradable_ohlcv
2001-10-10,1250.0,1330.0,1240.0,1260.0,42520.0,53643950.0,3343510800.0,2653580,KOSPI,tradable_ohlcv
2001-10-11,1320.0,1330.0,1285.0,1290.0,26970.0,35405200.0,3423118200.0,2653580,KOSPI,tradable_ohlcv
2001-10-12,1250.0,1480.0,1250.0,1290.0,53570.0,70657250.0,3423118200.0,2653580,KOSPI,tradable_ohlcv
2001-10-15,1295.0,1320.0,1260.0,1295.0,30270.0,38805150.0,3436386100.0,2653580,KOSPI,tradable_ohlcv
2001-10-16,1300.0,1335.0,1280.0,1335.0,63410.0,83058550.0,3542529300.0,2653580,KOSPI,tradable_ohlcv
2001-10-17,1350.0,1380.0,1315.0,1340.0,27850.0,37339950.0,3555797200.0,2653580,KOSPI,tradable_ohlcv
2001-10-18,1320.0,1330.0,1275.0,1305.0,55410.0,71629050.0,3462921900.0,2653580,KOSPI,tradable_ohlcv
2001-10-19,1270.0,1315.0,1270.0,1290.0,17110.0,22013650.0,3423118200.0,2653580,KOSPI,tradable_ohlcv
2001-10-22,1250.0,1330.0,1250.0,1330.0,20940.0,27259400.0,3529261400.0,2653580,KOSPI,tradable_ohlcv
2001-10-23,1295.0,1345.0,1295.0,1300.0,14650.0,19319350.0,3449654000.0,2653580,KOSPI,tradable_ohlcv
2001-10-24,1320.0,1320.0,1275.0,1275.0,18420.0,23918300.0,3383314500.0,2653580,KOSPI,tradable_ohlcv
2001-10-25,1285.0,1310.0,1270.0,1280.0,15680.0,20115050.0,3396582400.0,2653580,KOSPI,tradable_ohlcv
2001-10-26,1310.0,1325.0,1285.0,1295.0,46830.0,61008600.0,3436386100.0,2653580,KOSPI,tradable_ohlcv
2001-10-29,1300.0,1485.0,1300.0,1485.0,235080.0,340128000.0,3940566300.0,2653580,KOSPI,tradable_ohlcv
2001-10-30,1485.0,1565.0,1435.0,1470.0,154200.0,229373350.0,3900762600.0,2653580,KOSPI,tradable_ohlcv
2001-10-31,1485.0,1690.0,1470.0,1690.0,319580.0,523237900.0,4484550200.0,2653580,KOSPI,tradable_ohlcv
2001-11-01,1770.0,1780.0,1610.0,1610.0,328840.0,561713600.0,4272263800.0,2653580,KOSPI,tradable_ohlcv
2001-11-02,1630.0,1660.0,1455.0,1500.0,130670.0,199741600.0,3980370000.0,2653580,KOSPI,tradable_ohlcv
2001-11-05,1515.0,1570.0,1470.0,1525.0,62740.0,95915850.0,4046709500.0,2653580,KOSPI,tradable_ohlcv
2001-11-06,1530.0,1590.0,1510.0,1520.0,54760.0,84205700.0,4033441600.0,2653580,KOSPI,tradable_ohlcv
2001-11-07,1460.0,1540.0,1455.0,1500.0,24890.0,36932100.0,3980370000.0,2653580,KOSPI,tradable_ohlcv
2001-11-08,1530.0,1590.0,1485.0,1535.0,62660.0,96425600.0,4073245300.0,2653580,KOSPI,tradable_ohlcv
2001-11-09,1535.0,1545.0,1475.0,1500.0,42260.0,63480500.0,3980370000.0,2653580,KOSPI,tradable_ohlcv
2001-11-12,1480.0,1670.0,1460.0,1600.0,154630.0,246596750.0,4245728000.0,2653580,KOSPI,tradable_ohlcv
2001-11-13,1550.0,1595.0,1510.0,1545.0,48450.0,75349850.0,4099781100.0,2653580,KOSPI,tradable_ohlcv
2001-11-14,1605.0,1680.0,1575.0,1575.0,53620.0,86635550.0,4179388500.0,2653580,KOSPI,tradable_ohlcv
2001-11-15,1600.0,1625.0,1525.0,1530.0,49150.0,77492650.0,4059977400.0,2653580,KOSPI,tradable_ohlcv
2001-11-16,1500.0,1560.0,1470.0,1480.0,21200.0,31588750.0,3927298400.0,2653580,KOSPI,tradable_ohlcv
2001-11-19,1490.0,1525.0,1475.0,1515.0,55750.0,83595650.0,4020173700.0,2653580,KOSPI,tradable_ohlcv
2001-11-20,1515.0,1550.0,1470.0,1490.0,28750.0,42920600.0,3953834200.0,2653580,KOSPI,tradable_ohlcv
2001-11-21,1490.0,1580.0,1460.0,1500.0,37180.0,55911600.0,3980370000.0,2653580,KOSPI,tradable_ohlcv
2001-11-22,1460.0,1515.0,1460.0,1490.0,17610.0,26176450.0,3953834200.0,2653580,KOSPI,tradable_ohlcv
2001-11-23,1500.0,1620.0,1500.0,1525.0,158230.0,246941050.0,4046709500.0,2653580,KOSPI,tradable_ohlcv
2001-11-26,1550.0,1650.0,1550.0,1585.0,76890.0,124070800.0,4205924300.0,2653580,KOSPI,tradable_ohlcv
2001-11-27,1605.0,1820.0,1600.0,1820.0,246300.0,430697450.0,4829515600.0,2653580,KOSPI,tradable_ohlcv
2001-11-28,1820.0,1890.0,1660.0,1660.0,262920.0,474238350.0,4404942800.0,2653580,KOSPI,tradable_ohlcv
2001-11-29,1690.0,1755.0,1560.0,1755.0,79200.0,130668700.0,4657032900.0,2653580,KOSPI,tradable_ohlcv
2001-11-30,1705.0,2015.0,1705.0,1890.0,433920.0,844813500.0,5015266200.0,2653580,KOSPI,tradable_ohlcv
2001-12-03,1950.0,2100.0,1810.0,1980.0,238210.0,473379300.0,5254088400.0,2653580,KOSPI,tradable_ohlcv
2001-12-04,2060.0,2180.0,1975.0,1975.0,248740.0,509108450.0,5240820500.0,2653580,KOSPI,tradable_ohlcv
2001-12-05,2000.0,2145.0,2000.0,2030.0,242130.0,500811900.0,5386767400.0,2653580,KOSPI,tradable_ohlcv
2001-12-06,2095.0,2160.0,1805.0,1910.0,155240.0,307234750.0,5068337800.0,2653580,KOSPI,tradable_ohlcv
2001-12-07,1910.0,1980.0,1870.0,1960.0,77730.0,150352750.0,5201016800.0,2653580,KOSPI,tradable_ohlcv
2001-12-10,1960.0,1990.0,1900.0,1910.0,79210.0,153550750.0,5068337800.0,2653580,KOSPI,tradable_ohlcv
2001-12-11,1855.0,1925.0,1810.0,1870.0,30140.0,56111750.0,4962194600.0,2653580,KOSPI,tradable_ohlcv
2001-12-12,1810.0,1945.0,1810.0,1890.0,34050.0,63425500.0,5015266200.0,2653580,KOSPI,tradable_ohlcv
2001-12-13,1855.0,1870.0,1815.0,1825.0,29900.0,54775650.0,4842783500.0,2653580,KOSPI,tradable_ohlcv
2001-12-14,1820.0,1890.0,1805.0,1855.0,42170.0,77696100.0,4922390900.0,2653580,KOSPI,tradable_ohlcv
2001-12-17,1835.0,1845.0,1770.0,1770.0,36350.0,65917800.0,4696836600.0,2653580,KOSPI,tradable_ohlcv
2001-12-18,1800.0,2000.0,1785.0,1785.0,187730.0,355682850.0,4736640300.0,2653580,KOSPI,tradable_ohlcv
2001-12-19,1810.0,1830.0,1635.0,1700.0,76370.0,130052700.0,4511086000.0,2653580,KOSPI,tradable_ohlcv
2001-12-20,1740.0,1740.0,1635.0,1660.0,37400.0,62459650.0,4404942800.0,2653580,KOSPI,tradable_ohlcv
2001-12-21,1700.0,1700.0,1550.0,1550.0,56040.0,89537500.0,4113049000.0,2653580,KOSPI,tradable_ohlcv
2001-12-24,1540.0,1595.0,1540.0,1560.0,31110.0,48694650.0,4139584800.0,2653580,KOSPI,tradable_ohlcv
2001-12-26,1540.0,1670.0,1540.0,1610.0,42870.0,69559350.0,4272263800.0,2653580,KOSPI,tradable_ohlcv
2001-12-27,1610.0,1630.0,1555.0,1600.0,34890.0,55264350.0,4245728000.0,2653580,KOSPI,tradable_ohlcv
2001-12-28,1555.0,1720.0,1555.0,1660.0,27190.0,44900750.0,4404942800.0,2653580,KOSPI,tradable_ohlcv
