d,o,h,l,c,v,a,mc,s,m
2022-01-03,2160.0,2185.0,2150.0,2170.0,10544.0,22821380.0,10871700000.0,5010000,KOSDAQ
2022-01-04,2180.0,2180.0,2150.0,2170.0,46760.0,100835175.0,10871700000.0,5010000,KOSDAQ
2022-01-05,2170.0,2170.0,2155.0,2165.0,26928.0,58274600.0,10846650000.0,5010000,KOSDAQ
2022-01-06,2165.0,2165.0,2135.0,2150.0,80553.0,172716210.0,10771500000.0,5010000,KOSDAQ
2022-01-07,2165.0,2165.0,2140.0,2145.0,8301.0,17836080.0,10746450000.0,5010000,KOSDAQ
2022-01-10,2170.0,2170.0,2140.0,2155.0,14392.0,30853545.0,10796550000.0,5010000,KOSDAQ
2022-01-11,2160.0,2165.0,2135.0,2165.0,38219.0,82213480.0,10846650000.0,5010000,KOSDAQ
2022-01-12,2140.0,2165.0,2140.0,2145.0,13462.0,28827120.0,10746450000.0,5010000,KOSDAQ
2022-01-13,2160.0,2160.0,2140.0,2155.0,21205.0,45466815.0,10796550000.0,5010000,KOSDAQ
2022-01-14,2140.0,2150.0,2100.0,2135.0,101858.0,216711275.0,10696350000.0,5010000,KOSDAQ
2022-01-17,2105.0,2135.0,2105.0,2130.0,19499.0,41204335.0,10671300000.0,5010000,KOSDAQ
2022-01-18,2150.0,2150.0,2110.0,2120.0,22800.0,48233075.0,10621200000.0,5010000,KOSDAQ
2022-01-19,2110.0,2145.0,2105.0,2130.0,24025.0,50905795.0,10671300000.0,5010000,KOSDAQ
2022-01-20,2110.0,2135.0,2105.0,2120.0,8393.0,17744425.0,10621200000.0,5010000,KOSDAQ
2022-01-21,2120.0,2135.0,2115.0,2115.0,18850.0,39910100.0,10596150000.0,5010000,KOSDAQ
2022-01-24,2115.0,2130.0,2115.0,2120.0,12898.0,27311395.0,10621200000.0,5010000,KOSDAQ
2022-01-25,2115.0,2135.0,2100.0,2120.0,81463.0,171762630.0,10621200000.0,5010000,KOSDAQ
2022-01-26,2100.0,2120.0,2095.0,2115.0,45838.0,96267880.0,10596150000.0,5010000,KOSDAQ
2022-01-27,2100.0,2115.0,2100.0,2105.0,98158.0,206319465.0,10546050000.0,5010000,KOSDAQ
2022-01-28,2095.0,2120.0,2095.0,2120.0,18679.0,39270030.0,10621200000.0,5010000,KOSDAQ
2022-02-03,2105.0,2135.0,2105.0,2120.0,19962.0,42407530.0,10621200000.0,5010000,KOSDAQ
2022-02-04,2125.0,2125.0,2105.0,2110.0,39435.0,83201145.0,10571100000.0,5010000,KOSDAQ
2022-02-07,2125.0,2155.0,2105.0,2135.0,45272.0,96199685.0,10696350000.0,5010000,KOSDAQ
2022-02-08,2140.0,2140.0,2130.0,2135.0,6162.0,13167130.0,10696350000.0,5010000,KOSDAQ
2022-02-09,2135.0,2140.0,2125.0,2130.0,10492.0,22368010.0,10671300000.0,5010000,KOSDAQ
2022-02-10,2135.0,2135.0,2125.0,2130.0,9366.0,19938385.0,10671300000.0,5010000,KOSDAQ
2022-02-11,2130.0,2135.0,2115.0,2120.0,46143.0,97830080.0,10621200000.0,5010000,KOSDAQ
2022-02-14,2145.0,2145.0,2110.0,2120.0,12074.0,25514935.0,10621200000.0,5010000,KOSDAQ
2022-02-15,2120.0,2130.0,2110.0,2115.0,19595.0,41458750.0,10596150000.0,5010000,KOSDAQ
2022-02-16,2135.0,2135.0,2120.0,2125.0,2341.0,4968410.0,10646250000.0,5010000,KOSDAQ
2022-02-17,2125.0,2130.0,2125.0,2125.0,12647.0,26910110.0,10646250000.0,5010000,KOSDAQ
2022-02-18,2125.0,2125.0,2110.0,2125.0,4557.0,9623265.0,10646250000.0,5010000,KOSDAQ
2022-02-21,2130.0,2130.0,2110.0,2125.0,23558.0,49810945.0,10646250000.0,5010000,KOSDAQ
2022-02-22,2120.0,2125.0,2105.0,2115.0,9357.0,19759425.0,10596150000.0,5010000,KOSDAQ
2022-02-23,2125.0,2125.0,2105.0,2120.0,12106.0,25528110.0,10621200000.0,5010000,KOSDAQ
2022-02-24,2120.0,2120.0,2105.0,2110.0,18002.0,38010045.0,10571100000.0,5010000,KOSDAQ
2022-02-25,2115.0,2120.0,2100.0,2115.0,23588.0,49677315.0,10596150000.0,5010000,KOSDAQ
2022-02-28,2115.0,2120.0,2105.0,2115.0,2295.0,4849960.0,10596150000.0,5010000,KOSDAQ
2022-03-02,2115.0,2115.0,2105.0,2115.0,7116.0,15001325.0,10596150000.0,5010000,KOSDAQ
2022-03-03,2115.0,2120.0,2110.0,2120.0,6208.0,13106335.0,10621200000.0,5010000,KOSDAQ
2022-03-04,2130.0,2130.0,2110.0,2120.0,4338.0,9179520.0,10621200000.0,5010000,KOSDAQ
2022-03-07,2120.0,2120.0,2105.0,2115.0,14754.0,31087940.0,10596150000.0,5010000,KOSDAQ
2022-03-08,2120.0,2120.0,2105.0,2115.0,4183.0,8828725.0,10596150000.0,5010000,KOSDAQ
2022-03-10,2135.0,2135.0,2100.0,2115.0,11168.0,23511325.0,10596150000.0,5010000,KOSDAQ
2022-03-11,2125.0,2125.0,2110.0,2115.0,1198.0,2540615.0,10596150000.0,5010000,KOSDAQ
2022-03-14,2125.0,2125.0,2100.0,2115.0,17336.0,36468575.0,10596150000.0,5010000,KOSDAQ
2022-03-15,2130.0,2130.0,2105.0,2115.0,4565.0,9623410.0,10596150000.0,5010000,KOSDAQ
2022-03-16,2115.0,2115.0,2105.0,2115.0,5161.0,10883900.0,10596150000.0,5010000,KOSDAQ
2022-03-17,2120.0,2140.0,2105.0,2140.0,19410.0,41275705.0,10721400000.0,5010000,KOSDAQ
2022-03-18,2140.0,2145.0,2115.0,2145.0,21677.0,46189100.0,10746450000.0,5010000,KOSDAQ
2022-03-21,2130.0,2450.0,2130.0,2170.0,3978630.0,9098182760.0,10871700000.0,5010000,KOSDAQ
2022-03-22,2145.0,2170.0,2135.0,2145.0,384814.0,824243710.0,10746450000.0,5010000,KOSDAQ
2022-03-23,2145.0,2150.0,2135.0,2140.0,110204.0,235555380.0,10721400000.0,5010000,KOSDAQ
2022-03-24,2150.0,2150.0,2130.0,2140.0,62672.0,133845195.0,10721400000.0,5010000,KOSDAQ
2022-03-25,2145.0,2145.0,2135.0,2135.0,54201.0,115728630.0,10696350000.0,5010000,KOSDAQ
2022-03-28,2135.0,2150.0,2130.0,2130.0,68068.0,145234835.0,10671300000.0,5010000,KOSDAQ
2022-03-29,2150.0,2150.0,2130.0,2135.0,28754.0,61527130.0,10696350000.0,5010000,KOSDAQ
2022-03-30,2150.0,2150.0,2135.0,2140.0,13876.0,29678970.0,10721400000.0,5010000,KOSDAQ
2022-03-31,2160.0,2160.0,2135.0,2145.0,26448.0,56642675.0,10746450000.0,5010000,KOSDAQ
2022-04-01,2155.0,2155.0,2135.0,2145.0,27604.0,59377405.0,10746450000.0,5010000,KOSDAQ
2022-04-04,2150.0,2165.0,2145.0,2155.0,38934.0,83784430.0,10796550000.0,5010000,KOSDAQ
2022-04-05,2155.0,2170.0,2150.0,2170.0,18972.0,41009295.0,10871700000.0,5010000,KOSDAQ
2022-04-06,2170.0,2185.0,2155.0,2180.0,20598.0,44787300.0,10921800000.0,5010000,KOSDAQ
2022-04-07,2190.0,2190.0,2155.0,2180.0,50145.0,108408030.0,10921800000.0,5010000,KOSDAQ
2022-04-08,2180.0,2190.0,2175.0,2175.0,28525.0,62196770.0,10896750000.0,5010000,KOSDAQ
2022-04-11,2190.0,2220.0,2165.0,2200.0,52749.0,115531210.0,11022000000.0,5010000,KOSDAQ
2022-04-12,2200.0,2210.0,2185.0,2190.0,87592.0,192382140.0,10971900000.0,5010000,KOSDAQ
2022-04-13,2200.0,2210.0,2175.0,2210.0,9651.0,21173925.0,11072100000.0,5010000,KOSDAQ
2022-04-14,2210.0,2210.0,2180.0,2190.0,26575.0,58354465.0,10971900000.0,5010000,KOSDAQ
2022-04-15,2175.0,2205.0,2175.0,2195.0,21868.0,48004380.0,10996950000.0,5010000,KOSDAQ
2022-04-18,2210.0,2210.0,2195.0,2195.0,15897.0,34934235.0,10996950000.0,5010000,KOSDAQ
2022-04-19,2205.0,2205.0,2195.0,2195.0,4857.0,10683275.0,10996950000.0,5010000,KOSDAQ
2022-04-20,2185.0,2205.0,2185.0,2200.0,18923.0,41539500.0,11022000000.0,5010000,KOSDAQ
2022-04-21,2205.0,2225.0,2190.0,2205.0,23013.0,50740035.0,11047050000.0,5010000,KOSDAQ
2022-04-22,2195.0,2210.0,2190.0,2195.0,9395.0,20611700.0,10996950000.0,5010000,KOSDAQ
2022-04-25,2210.0,2210.0,2195.0,2205.0,26127.0,57434280.0,11047050000.0,5010000,KOSDAQ
2022-04-26,2195.0,2205.0,2195.0,2205.0,10390.0,22823635.0,11047050000.0,5010000,KOSDAQ
2022-04-27,2205.0,2205.0,2190.0,2195.0,21395.0,46914810.0,10996950000.0,5010000,KOSDAQ
2022-04-28,2190.0,2210.0,2190.0,2210.0,14238.0,31354450.0,11072100000.0,5010000,KOSDAQ
2022-04-29,2210.0,2220.0,2195.0,2210.0,20557.0,45352080.0,11072100000.0,5010000,KOSDAQ
2022-05-02,2210.0,2210.0,2200.0,2205.0,2434.0,5363355.0,11047050000.0,5010000,KOSDAQ
2022-05-03,2210.0,2210.0,2200.0,2200.0,4312.0,9504035.0,11022000000.0,5010000,KOSDAQ
2022-05-04,2200.0,2210.0,2195.0,2205.0,6103.0,13424855.0,11047050000.0,5010000,KOSDAQ
2022-05-06,2210.0,2210.0,2190.0,2210.0,11347.0,24934550.0,11072100000.0,5010000,KOSDAQ
2022-05-09,2195.0,2205.0,2195.0,2195.0,8683.0,19073070.0,10996950000.0,5010000,KOSDAQ
2022-05-10,2200.0,2215.0,2180.0,2205.0,31765.0,69525020.0,11047050000.0,5010000,KOSDAQ
2022-05-11,2210.0,2210.0,2190.0,2200.0,3353.0,7365490.0,11022000000.0,5010000,KOSDAQ
2022-05-12,2205.0,2205.0,2190.0,2190.0,11641.0,25504595.0,10971900000.0,5010000,KOSDAQ
2022-05-13,2200.0,2200.0,2190.0,2195.0,11675.0,25568440.0,10996950000.0,5010000,KOSDAQ
2022-05-16,2210.0,2210.0,2185.0,2195.0,7693.0,16843130.0,10996950000.0,5010000,KOSDAQ
2022-05-17,2205.0,2210.0,2190.0,2210.0,10175.0,22341850.0,11072100000.0,5010000,KOSDAQ
2022-05-18,2210.0,2210.0,2190.0,2195.0,4001.0,8779660.0,10996950000.0,5010000,KOSDAQ
2022-05-19,2195.0,2200.0,2190.0,2195.0,18588.0,40712080.0,10996950000.0,5010000,KOSDAQ
2022-05-20,2200.0,2200.0,2190.0,2200.0,6698.0,14673335.0,11022000000.0,5010000,KOSDAQ
2022-05-23,2200.0,2200.0,2190.0,2190.0,13418.0,29442550.0,10971900000.0,5010000,KOSDAQ
2022-05-24,2200.0,2200.0,2185.0,2190.0,20514.0,44965560.0,10971900000.0,5010000,KOSDAQ
2022-05-25,2190.0,2210.0,2180.0,2200.0,5962.0,13099145.0,11022000000.0,5010000,KOSDAQ
2022-05-26,2220.0,2220.0,2190.0,2205.0,6358.0,13991850.0,11047050000.0,5010000,KOSDAQ
2022-05-27,2205.0,2215.0,2190.0,2200.0,3615.0,7941560.0,11022000000.0,5010000,KOSDAQ
2022-05-30,2215.0,2215.0,2190.0,2210.0,1802.0,3950465.0,11072100000.0,5010000,KOSDAQ
2022-05-31,2220.0,2225.0,2200.0,2215.0,15066.0,33383500.0,11097150000.0,5010000,KOSDAQ
2022-06-02,2215.0,2230.0,2200.0,2220.0,17705.0,39138810.0,11122200000.0,5010000,KOSDAQ
2022-06-03,2220.0,2225.0,2200.0,2215.0,7771.0,17123490.0,11097150000.0,5010000,KOSDAQ
2022-06-07,2230.0,2230.0,2195.0,2215.0,39843.0,87782005.0,11097150000.0,5010000,KOSDAQ
2022-06-08,2220.0,2220.0,2200.0,2215.0,8898.0,19658830.0,11097150000.0,5010000,KOSDAQ
2022-06-09,2215.0,2220.0,2200.0,2200.0,25330.0,55988895.0,11022000000.0,5010000,KOSDAQ
2022-06-10,2235.0,2235.0,2200.0,2210.0,6338.0,13951610.0,11072100000.0,5010000,KOSDAQ
2022-06-13,2245.0,2245.0,2185.0,2185.0,18917.0,41450315.0,10946850000.0,5010000,KOSDAQ
2022-06-14,2185.0,2200.0,2165.0,2190.0,30721.0,66952510.0,10971900000.0,5010000,KOSDAQ
2022-06-15,2190.0,2190.0,2165.0,2180.0,47448.0,103187905.0,10921800000.0,5010000,KOSDAQ
2022-06-16,2215.0,2215.0,2170.0,2185.0,11719.0,25553105.0,10946850000.0,5010000,KOSDAQ
2022-06-17,2185.0,2185.0,2155.0,2170.0,18866.0,40773000.0,10871700000.0,5010000,KOSDAQ
2022-06-20,2175.0,2175.0,2155.0,2170.0,18220.0,39403905.0,10871700000.0,5010000,KOSDAQ
2022-06-21,2175.0,2175.0,2155.0,2160.0,14647.0,31630420.0,10821600000.0,5010000,KOSDAQ
2022-06-22,2160.0,2165.0,2150.0,2155.0,11970.0,25785630.0,10796550000.0,5010000,KOSDAQ
2022-06-23,2140.0,2160.0,2130.0,2150.0,26408.0,56442350.0,10771500000.0,5010000,KOSDAQ
2022-06-24,2170.0,2170.0,2135.0,2140.0,21983.0,47077130.0,10721400000.0,5010000,KOSDAQ
2022-06-27,2185.0,2185.0,2130.0,2145.0,5802.0,12377530.0,10746450000.0,5010000,KOSDAQ
2022-06-28,2170.0,2170.0,2130.0,2150.0,891.0,1905445.0,10771500000.0,5010000,KOSDAQ
2022-06-29,2155.0,2195.0,2140.0,2145.0,287.0,617510.0,10746450000.0,5010000,KOSDAQ
2022-06-30,2160.0,2160.0,2145.0,2150.0,1893.0,4082465.0,10771500000.0,5010000,KOSDAQ
2022-07-01,2140.0,2155.0,2135.0,2145.0,5684.0,12176255.0,10746450000.0,5010000,KOSDAQ
2022-07-04,2150.0,2150.0,2135.0,2145.0,4408.0,9413285.0,10746450000.0,5010000,KOSDAQ
2022-07-05,2160.0,2160.0,2120.0,2145.0,35944.0,76406415.0,10746450000.0,5010000,KOSDAQ
2022-07-06,2160.0,2160.0,2130.0,2150.0,817.0,1749555.0,10771500000.0,5010000,KOSDAQ
2022-07-07,2150.0,2170.0,2135.0,2145.0,494.0,1054335.0,10746450000.0,5010000,KOSDAQ
2022-07-08,2145.0,2185.0,2145.0,2180.0,5083.0,10968370.0,10921800000.0,5010000,KOSDAQ
2022-07-11,2175.0,2215.0,2170.0,2210.0,13028.0,28422485.0,11072100000.0,5010000,KOSDAQ
2022-07-12,2215.0,2215.0,2180.0,2200.0,10524.0,22998930.0,11022000000.0,5010000,KOSDAQ
2022-07-13,2195.0,2195.0,2170.0,2185.0,13362.0,29044070.0,10946850000.0,5010000,KOSDAQ
2022-07-14,2185.0,2190.0,2160.0,2175.0,4865.0,10515450.0,10896750000.0,5010000,KOSDAQ
2022-07-15,2175.0,2225.0,2160.0,2185.0,25884.0,56887735.0,10946850000.0,5010000,KOSDAQ
2022-07-18,2185.0,2195.0,2165.0,2195.0,9696.0,21088805.0,10996950000.0,5010000,KOSDAQ
2022-07-19,2185.0,2195.0,2165.0,2195.0,3099.0,6746985.0,10996950000.0,5010000,KOSDAQ
2022-07-20,2170.0,2195.0,2170.0,2195.0,3241.0,7043420.0,10996950000.0,5010000,KOSDAQ
2022-07-21,2195.0,2195.0,2170.0,2170.0,5703.0,12378950.0,10871700000.0,5010000,KOSDAQ
2022-07-22,2195.0,2195.0,2160.0,2175.0,5882.0,12740225.0,10896750000.0,5010000,KOSDAQ
2022-07-25,2175.0,2175.0,2155.0,2175.0,12277.0,26542125.0,10896750000.0,5010000,KOSDAQ
2022-07-26,2175.0,2175.0,2155.0,2170.0,12162.0,26221165.0,10871700000.0,5010000,KOSDAQ
2022-07-27,2170.0,2170.0,2160.0,2170.0,1624.0,3514490.0,10871700000.0,5010000,KOSDAQ
2022-07-28,2195.0,2195.0,2160.0,2175.0,3484.0,7543015.0,10896750000.0,5010000,KOSDAQ
2022-07-29,2195.0,2195.0,2145.0,2160.0,11187.0,24072840.0,10821600000.0,5010000,KOSDAQ
2022-08-01,2160.0,2160.0,2145.0,2150.0,3326.0,7140880.0,10771500000.0,5010000,KOSDAQ
2022-08-02,2155.0,2160.0,2145.0,2150.0,7678.0,16511550.0,10771500000.0,5010000,KOSDAQ
2022-08-03,2150.0,2150.0,2130.0,2130.0,5402.0,11526655.0,10671300000.0,5010000,KOSDAQ
2022-08-04,2135.0,2145.0,2130.0,2145.0,1062.0,2265420.0,10746450000.0,5010000,KOSDAQ
2022-08-05,2165.0,2165.0,2140.0,2155.0,31174.0,66881540.0,10796550000.0,5010000,KOSDAQ
2022-08-08,2170.0,2170.0,2140.0,2155.0,2002.0,4316715.0,10796550000.0,5010000,KOSDAQ
2022-08-09,2145.0,2175.0,2140.0,2160.0,1501.0,3216750.0,10821600000.0,5010000,KOSDAQ
2022-08-10,2145.0,2170.0,2135.0,2160.0,874.0,1871125.0,10821600000.0,5010000,KOSDAQ
2022-08-11,2160.0,2160.0,2145.0,2160.0,100.0,215610.0,10821600000.0,5010000,KOSDAQ
2022-08-12,2145.0,2160.0,2140.0,2140.0,1391.0,2979560.0,10721400000.0,5010000,KOSDAQ
2022-08-16,2150.0,2155.0,2130.0,2150.0,1536.0,3282505.0,10771500000.0,5010000,KOSDAQ
2022-08-17,2150.0,2160.0,2135.0,2150.0,364.0,779205.0,10771500000.0,5010000,KOSDAQ
2022-08-18,2150.0,2150.0,2135.0,2145.0,1395.0,2985195.0,10746450000.0,5010000,KOSDAQ
2022-08-19,2145.0,2155.0,2135.0,2145.0,1253.0,2684575.0,10746450000.0,5010000,KOSDAQ
2022-08-22,2135.0,2160.0,2135.0,2140.0,10381.0,22171505.0,10721400000.0,5010000,KOSDAQ
2022-08-23,2160.0,2160.0,2135.0,2135.0,5825.0,12459315.0,10696350000.0,5010000,KOSDAQ
2022-08-24,2135.0,2155.0,2130.0,2135.0,1791.0,3832465.0,10696350000.0,5010000,KOSDAQ
2022-08-25,2160.0,2160.0,2135.0,2155.0,2673.0,5733595.0,10796550000.0,5010000,KOSDAQ
2022-08-26,2150.0,2155.0,2130.0,2145.0,32014.0,68210815.0,10746450000.0,5010000,KOSDAQ
2022-08-29,2140.0,2140.0,2130.0,2140.0,3462.0,7388255.0,10721400000.0,5010000,KOSDAQ
2022-08-30,2140.0,2145.0,2130.0,2140.0,3944.0,8425080.0,10721400000.0,5010000,KOSDAQ
2022-08-31,2145.0,2145.0,2130.0,2145.0,5249.0,11202005.0,10746450000.0,5010000,KOSDAQ
2022-09-01,2145.0,2145.0,2125.0,2135.0,7320.0,15628910.0,10696350000.0,5010000,KOSDAQ
2022-09-02,2135.0,2145.0,2130.0,2140.0,1479.0,3166355.0,10721400000.0,5010000,KOSDAQ
2022-09-05,2125.0,2140.0,2125.0,2140.0,4128.0,8815095.0,10721400000.0,5010000,KOSDAQ
2022-09-06,2130.0,2145.0,2125.0,2140.0,4319.0,9230250.0,10721400000.0,5010000,KOSDAQ
2022-09-07,2140.0,2140.0,2130.0,2135.0,2043.0,4364215.0,10696350000.0,5010000,KOSDAQ
2022-09-08,2135.0,2150.0,2130.0,2140.0,7094.0,15153325.0,10721400000.0,5010000,KOSDAQ
2022-09-13,2140.0,2145.0,2125.0,2140.0,22739.0,48570830.0,10721400000.0,5010000,KOSDAQ
2022-09-14,2140.0,2145.0,2130.0,2140.0,12600.0,26980870.0,10721400000.0,5010000,KOSDAQ
2022-09-15,2145.0,2150.0,2130.0,2140.0,25654.0,54771805.0,10721400000.0,5010000,KOSDAQ
2022-09-16,2145.0,2150.0,2140.0,2145.0,8017.0,17201410.0,10746450000.0,5010000,KOSDAQ
2022-09-19,2150.0,2160.0,2140.0,2160.0,44420.0,95328875.0,10821600000.0,5010000,KOSDAQ
2022-09-20,2160.0,2180.0,2155.0,2160.0,13064.0,28227980.0,10821600000.0,5010000,KOSDAQ
2022-09-21,2160.0,2175.0,2155.0,2175.0,12318.0,26680655.0,10896750000.0,5010000,KOSDAQ
2022-09-22,2185.0,2240.0,2185.0,2225.0,179701.0,398507305.0,11147250000.0,5010000,KOSDAQ
2022-09-23,2230.0,2245.0,2195.0,2195.0,41711.0,92590340.0,10996950000.0,5010000,KOSDAQ
2022-09-26,2225.0,2225.0,2170.0,2200.0,26879.0,59086500.0,11022000000.0,5010000,KOSDAQ
2022-09-27,2210.0,2210.0,2130.0,2150.0,102106.0,219429175.0,10771500000.0,5010000,KOSDAQ
2022-09-28,2150.0,2155.0,2135.0,2150.0,13362.0,28657555.0,10771500000.0,5010000,KOSDAQ
2022-09-29,2155.0,2155.0,2135.0,2155.0,5845.0,12511075.0,10796550000.0,5010000,KOSDAQ
2022-09-30,2155.0,2160.0,2135.0,2155.0,16146.0,34666655.0,10796550000.0,5010000,KOSDAQ
2022-10-04,2165.0,2165.0,2120.0,2130.0,12448.0,26490190.0,10671300000.0,5010000,KOSDAQ
2022-10-05,2135.0,2135.0,2120.0,2135.0,12786.0,27162690.0,10696350000.0,5010000,KOSDAQ
2022-10-06,2140.0,2145.0,2120.0,2140.0,14660.0,31230170.0,10721400000.0,5010000,KOSDAQ
2022-10-07,2140.0,2145.0,2130.0,2140.0,10915.0,23304480.0,10721400000.0,5010000,KOSDAQ
2022-10-11,2140.0,2140.0,2110.0,2135.0,6902.0,14709310.0,10696350000.0,5010000,KOSDAQ
2022-10-12,2135.0,2135.0,2120.0,2125.0,4641.0,9839915.0,10646250000.0,5010000,KOSDAQ
2022-10-13,2135.0,2135.0,2100.0,2100.0,4219.0,8924145.0,10521000000.0,5010000,KOSDAQ
2022-10-14,2125.0,2125.0,2080.0,2090.0,26254.0,54932930.0,10470900000.0,5010000,KOSDAQ
2022-10-17,2090.0,2135.0,2080.0,2110.0,5693.0,11987960.0,10571100000.0,5010000,KOSDAQ
2022-10-18,2130.0,2130.0,2070.0,2090.0,438.0,913260.0,10470900000.0,5010000,KOSDAQ
2022-10-19,2085.0,2130.0,2085.0,2105.0,4048.0,8451880.0,10546050000.0,5010000,KOSDAQ
2022-10-20,2105.0,2120.0,2090.0,2105.0,11677.0,24462085.0,10546050000.0,5010000,KOSDAQ
2022-10-21,2105.0,2130.0,2080.0,2100.0,14802.0,31143995.0,10521000000.0,5010000,KOSDAQ
2022-10-24,2130.0,2135.0,2070.0,2120.0,5148.0,10696460.0,10621200000.0,5010000,KOSDAQ
2022-10-25,2115.0,2115.0,2070.0,2105.0,797.0,1658690.0,10546050000.0,5010000,KOSDAQ
2022-10-26,2100.0,2100.0,2075.0,2075.0,6118.0,12730475.0,10395750000.0,5010000,KOSDAQ
2022-10-27,2110.0,2110.0,2060.0,2085.0,4900.0,10159850.0,10445850000.0,5010000,KOSDAQ
2022-10-28,2110.0,2110.0,2035.0,2075.0,7051.0,14497440.0,10395750000.0,5010000,KOSDAQ
2022-10-31,2110.0,2110.0,2060.0,2085.0,15934.0,32833920.0,10445850000.0,5010000,KOSDAQ
2022-11-01,2110.0,2110.0,2050.0,2075.0,2129.0,4376500.0,10395750000.0,5010000,KOSDAQ
2022-11-02,2110.0,2110.0,2045.0,2070.0,1904.0,3909295.0,10370700000.0,5010000,KOSDAQ
2022-11-03,2065.0,2090.0,2040.0,2060.0,3322.0,6787695.0,10320600000.0,5010000,KOSDAQ
2022-11-04,2110.0,2110.0,2045.0,2050.0,19741.0,40380860.0,10270500000.0,5010000,KOSDAQ
2022-11-07,2105.0,2105.0,2030.0,2045.0,41753.0,85033520.0,10245450000.0,5010000,KOSDAQ
2022-11-08,2105.0,2105.0,2030.0,2035.0,2534.0,5170330.0,10195350000.0,5010000,KOSDAQ
2022-11-09,2100.0,2100.0,2025.0,2035.0,4018.0,8146960.0,10195350000.0,5010000,KOSDAQ
2022-11-10,2080.0,2080.0,2025.0,2025.0,4424.0,8972985.0,10145250000.0,5010000,KOSDAQ
2022-11-11,2090.0,2090.0,2025.0,2040.0,1796.0,3643890.0,10220400000.0,5010000,KOSDAQ
2022-11-14,2080.0,2080.0,2030.0,2040.0,578.0,1180970.0,10220400000.0,5010000,KOSDAQ
2022-11-15,2050.0,2060.0,2040.0,2045.0,581.0,1186485.0,10245450000.0,5010000,KOSDAQ
2022-11-16,2110.0,2110.0,2035.0,2040.0,4593.0,9376175.0,10220400000.0,5010000,KOSDAQ
2022-11-17,2055.0,2055.0,2040.0,2040.0,837.0,1709060.0,10220400000.0,5010000,KOSDAQ
2022-11-18,2050.0,2050.0,2035.0,2040.0,4421.0,9036805.0,10220400000.0,5010000,KOSDAQ
2022-11-21,2045.0,2045.0,2030.0,2040.0,638.0,1300220.0,10220400000.0,5010000,KOSDAQ
2022-11-22,2025.0,2035.0,2025.0,2035.0,739.0,1497200.0,10195350000.0,5010000,KOSDAQ
2022-11-23,2040.0,2040.0,2025.0,2040.0,7115.0,14423700.0,10220400000.0,5010000,KOSDAQ
2022-11-24,2030.0,2045.0,2030.0,2040.0,9741.0,19815125.0,10220400000.0,5010000,KOSDAQ
2022-11-25,2045.0,2045.0,2035.0,2045.0,10367.0,21116940.0,10245450000.0,5010000,KOSDAQ
2022-11-28,2045.0,2055.0,2025.0,2055.0,2471.0,5041320.0,10295550000.0,5010000,KOSDAQ
2022-11-29,2055.0,2055.0,2030.0,2055.0,11590.0,23614835.0,10295550000.0,5010000,KOSDAQ
2022-11-30,2055.0,2055.0,2045.0,2055.0,28.0,57525.0,10295550000.0,5010000,KOSDAQ
2022-12-01,2030.0,2050.0,2020.0,2045.0,16353.0,33115545.0,10245450000.0,5010000,KOSDAQ
2022-12-02,2045.0,2045.0,2030.0,2045.0,953.0,1941495.0,10245450000.0,5010000,KOSDAQ
2022-12-05,2045.0,2045.0,2025.0,2040.0,15222.0,30933530.0,10220400000.0,5010000,KOSDAQ
2022-12-06,2050.0,2050.0,2025.0,2030.0,999.0,2030025.0,10170300000.0,5010000,KOSDAQ
2022-12-07,2050.0,2050.0,2020.0,2020.0,13192.0,26777535.0,10120200000.0,5010000,KOSDAQ
2022-12-08,2030.0,2050.0,2030.0,2050.0,649.0,1317910.0,10270500000.0,5010000,KOSDAQ
2022-12-09,2090.0,2090.0,2045.0,2075.0,82.0,168875.0,10395750000.0,5010000,KOSDAQ
2022-12-12,2025.0,2090.0,2025.0,2075.0,215.0,445365.0,10395750000.0,5010000,KOSDAQ
2022-12-13,2080.0,2090.0,2035.0,2040.0,11419.0,23240140.0,10220400000.0,5010000,KOSDAQ
2022-12-14,2085.0,2085.0,2040.0,2055.0,279.0,573380.0,10295550000.0,5010000,KOSDAQ
2022-12-15,2085.0,2085.0,2050.0,2055.0,1634.0,3350330.0,10295550000.0,5010000,KOSDAQ
2022-12-16,2060.0,2060.0,2040.0,2060.0,16214.0,33248860.0,10320600000.0,5010000,KOSDAQ
2022-12-19,2020.0,2060.0,2020.0,2055.0,7854.0,16099740.0,10295550000.0,5010000,KOSDAQ
2022-12-20,2065.0,2090.0,2020.0,2060.0,2063.0,4181365.0,10320600000.0,5010000,KOSDAQ
2022-12-21,2075.0,2075.0,2025.0,2060.0,6202.0,12600975.0,10320600000.0,5010000,KOSDAQ
2022-12-22,2070.0,2070.0,2015.0,2020.0,10179.0,20568180.0,10120200000.0,5010000,KOSDAQ
2022-12-23,2030.0,2035.0,2015.0,2015.0,8852.0,17960465.0,10095150000.0,5010000,KOSDAQ
2022-12-26,2040.0,2040.0,2025.0,2025.0,6141.0,12463325.0,10145250000.0,5010000,KOSDAQ
2022-12-27,2060.0,2060.0,2025.0,2045.0,6938.0,14064920.0,10245450000.0,5010000,KOSDAQ
2022-12-28,2045.0,2045.0,2035.0,2040.0,2185.0,4446750.0,10220400000.0,5010000,KOSDAQ
2022-12-29,2040.0,2040.0,2020.0,2040.0,1705.0,3444840.0,10220400000.0,5010000,KOSDAQ
