d,o,h,l,c,v,a,mc,s,m
2008-01-02,3750.0,3930.0,3745.0,3835.0,92924.0,357910085.0,76700000000.0,20000000,KOSDAQ
2008-01-03,3880.0,3990.0,3830.0,3950.0,130426.0,513361995.0,79000000000.0,20000000,KOSDAQ
2008-01-04,3960.0,3990.0,3850.0,3910.0,75277.0,296964330.0,78200000000.0,20000000,KOSDAQ
2008-01-07,3810.0,3935.0,3810.0,3900.0,82295.0,319848485.0,78000000000.0,20000000,KOSDAQ
2008-01-08,3905.0,3950.0,3820.0,3850.0,57199.0,220739885.0,77000000000.0,20000000,KOSDAQ
2008-01-09,3850.0,3925.0,3790.0,3900.0,55778.0,213938990.0,78000000000.0,20000000,KOSDAQ
2008-01-10,3900.0,3950.0,3850.0,3910.0,60937.0,238211375.0,78200000000.0,20000000,KOSDAQ
2008-01-11,3950.0,3950.0,3835.0,3850.0,43943.0,170279680.0,77000000000.0,20000000,KOSDAQ
2008-01-14,3800.0,3800.0,3680.0,3700.0,43315.0,162517040.0,74000000000.0,20000000,KOSDAQ
2008-01-15,3740.0,3750.0,3535.0,3645.0,90734.0,329047970.0,72900000000.0,20000000,KOSDAQ
2008-01-16,3570.0,3600.0,3500.0,3550.0,43050.0,153416840.0,71000000000.0,20000000,KOSDAQ
2008-01-17,3555.0,3625.0,3550.0,3580.0,23072.0,82597035.0,71600000000.0,20000000,KOSDAQ
2008-01-18,3520.0,3640.0,3520.0,3600.0,21097.0,75505445.0,72000000000.0,20000000,KOSDAQ
2008-01-21,3600.0,3645.0,3560.0,3575.0,56154.0,202421275.0,71500000000.0,20000000,KOSDAQ
2008-01-22,3510.0,3570.0,3365.0,3420.0,52294.0,180939890.0,68400000000.0,20000000,KOSDAQ
2008-01-23,3455.0,3515.0,3430.0,3465.0,30374.0,105151985.0,69300000000.0,20000000,KOSDAQ
2008-01-24,3540.0,3565.0,3470.0,3505.0,80357.0,282654870.0,70100000000.0,20000000,KOSDAQ
2008-01-25,3520.0,3560.0,3500.0,3525.0,23142.0,81453285.0,70500000000.0,20000000,KOSDAQ
2008-01-28,3545.0,3545.0,3390.0,3395.0,35967.0,123377095.0,67900000000.0,20000000,KOSDAQ
2008-01-29,3415.0,3470.0,3380.0,3390.0,46232.0,157506860.0,67800000000.0,20000000,KOSDAQ
2008-01-30,3385.0,3435.0,3200.0,3210.0,61660.0,202893895.0,64200000000.0,20000000,KOSDAQ
2008-01-31,3150.0,3235.0,3150.0,3220.0,51271.0,162852735.0,64400000000.0,20000000,KOSDAQ
2008-02-01,3220.0,3280.0,3220.0,3270.0,43213.0,140320155.0,65400000000.0,20000000,KOSDAQ
2008-02-04,3210.0,3350.0,3210.0,3350.0,23070.0,77041185.0,67000000000.0,20000000,KOSDAQ
2008-02-05,3350.0,3395.0,3350.0,3365.0,11296.0,37931955.0,67300000000.0,20000000,KOSDAQ
2008-02-11,3265.0,3300.0,3170.0,3250.0,89594.0,291301680.0,65000000000.0,20000000,KOSDAQ
2008-02-12,3300.0,3380.0,3160.0,3295.0,43995.0,144994945.0,65900000000.0,20000000,KOSDAQ
2008-02-13,3350.0,3540.0,3320.0,3450.0,77887.0,267330285.0,69000000000.0,20000000,KOSDAQ
2008-02-14,3530.0,3640.0,3500.0,3620.0,106806.0,383651925.0,72400000000.0,20000000,KOSDAQ
2008-02-15,3595.0,3650.0,3500.0,3620.0,36338.0,130562315.0,72400000000.0,20000000,KOSDAQ
2008-02-18,3620.0,3660.0,3555.0,3585.0,30970.0,110798110.0,71700000000.0,20000000,KOSDAQ
2008-02-19,3560.0,3630.0,3520.0,3535.0,39544.0,140018780.0,70700000000.0,20000000,KOSDAQ
2008-02-20,3500.0,3525.0,3470.0,3470.0,67440.0,235843110.0,69400000000.0,20000000,KOSDAQ
2008-02-21,3530.0,3545.0,3485.0,3500.0,35181.0,123242500.0,70000000000.0,20000000,KOSDAQ
2008-02-22,3540.0,3540.0,3430.0,3460.0,30511.0,105701305.0,69200000000.0,20000000,KOSDAQ
2008-02-25,3500.0,3535.0,3480.0,3490.0,34479.0,120746325.0,69800000000.0,20000000,KOSDAQ
2008-02-26,3515.0,3585.0,3490.0,3490.0,47717.0,169381475.0,69800000000.0,20000000,KOSDAQ
2008-02-27,3535.0,3640.0,3525.0,3620.0,67460.0,242954130.0,72400000000.0,20000000,KOSDAQ
2008-02-28,3635.0,3825.0,3620.0,3725.0,91157.0,340647135.0,74500000000.0,20000000,KOSDAQ
2008-02-29,3840.0,3840.0,3710.0,3750.0,33940.0,126919155.0,75000000000.0,20000000,KOSDAQ
2008-03-03,3750.0,3760.0,3650.0,3690.0,32484.0,119770730.0,73800000000.0,20000000,KOSDAQ
2008-03-04,3635.0,3750.0,3635.0,3695.0,17070.0,62964425.0,73900000000.0,20000000,KOSDAQ
2008-03-05,3690.0,3695.0,3600.0,3685.0,30773.0,111755415.0,73700000000.0,20000000,KOSDAQ
2008-03-06,3635.0,3695.0,3580.0,3640.0,41447.0,150122790.0,72800000000.0,20000000,KOSDAQ
2008-03-07,3600.0,3605.0,3485.0,3505.0,67712.0,240221225.0,70100000000.0,20000000,KOSDAQ
2008-03-10,3400.0,3450.0,3340.0,3390.0,90745.0,306983025.0,67800000000.0,20000000,KOSDAQ
2008-03-11,3340.0,3460.0,3330.0,3405.0,44731.0,150856090.0,68100000000.0,20000000,KOSDAQ
2008-03-12,3450.0,3530.0,3430.0,3485.0,109859.0,382809580.0,69700000000.0,20000000,KOSDAQ
2008-03-13,3405.0,3490.0,3390.0,3390.0,45129.0,154414165.0,67800000000.0,20000000,KOSDAQ
2008-03-14,3420.0,3450.0,3300.0,3370.0,91677.0,308316120.0,67400000000.0,20000000,KOSDAQ
2008-03-17,3300.0,3345.0,3165.0,3265.0,55810.0,180875485.0,65300000000.0,20000000,KOSDAQ
2008-03-18,3265.0,3325.0,3220.0,3250.0,21066.0,68579185.0,65000000000.0,20000000,KOSDAQ
2008-03-19,3305.0,3335.0,3275.0,3320.0,36104.0,119329935.0,66400000000.0,20000000,KOSDAQ
2008-03-20,3350.0,3350.0,3200.0,3245.0,93712.0,306140720.0,64900000000.0,20000000,KOSDAQ
2008-03-21,3300.0,3320.0,3280.0,3310.0,39645.0,130713930.0,66200000000.0,20000000,KOSDAQ
2008-03-24,3350.0,3350.0,3310.0,3340.0,47905.0,159370790.0,66800000000.0,20000000,KOSDAQ
2008-03-25,3350.0,3390.0,3330.0,3390.0,48662.0,163118885.0,67800000000.0,20000000,KOSDAQ
2008-03-26,3380.0,3415.0,3320.0,3340.0,66300.0,221337105.0,66800000000.0,20000000,KOSDAQ
2008-03-27,3360.0,3360.0,3280.0,3280.0,37536.0,124006035.0,65600000000.0,20000000,KOSDAQ
2008-03-28,3280.0,3330.0,3250.0,3275.0,79600.0,260581270.0,65500000000.0,20000000,KOSDAQ
2008-03-31,3275.0,3355.0,3275.0,3340.0,82905.0,275689235.0,66800000000.0,20000000,KOSDAQ
2008-04-01,3380.0,3430.0,3330.0,3375.0,91958.0,310358850.0,67500000000.0,20000000,KOSDAQ
2008-04-02,3445.0,3445.0,3375.0,3425.0,70447.0,239410820.0,68500000000.0,20000000,KOSDAQ
2008-04-03,3435.0,3570.0,3400.0,3555.0,131746.0,461052725.0,71100000000.0,20000000,KOSDAQ
2008-04-04,3500.0,4085.0,3500.0,4085.0,937160.0,3745846885.0,81700000000.0,20000000,KOSDAQ
2008-04-07,4695.0,4695.0,4695.0,4695.0,813107.0,3817537365.0,93900000000.0,20000000,KOSDAQ
2008-04-08,4720.0,4905.0,4250.0,4520.0,5682800.0,25706378215.0,90400000000.0,20000000,KOSDAQ
2008-04-10,4655.0,5080.0,4550.0,4840.0,4632161.0,22405488640.0,96800000000.0,20000000,KOSDAQ
2008-04-11,4800.0,4865.0,4615.0,4615.0,1164053.0,5478343040.0,92300000000.0,20000000,KOSDAQ
2008-04-14,4440.0,4480.0,4150.0,4270.0,1981772.0,8452881130.0,85400000000.0,20000000,KOSDAQ
2008-04-15,4350.0,4420.0,3900.0,4030.0,4408350.0,18200252105.0,80600000000.0,20000000,KOSDAQ
2008-04-16,4110.0,4120.0,3950.0,4035.0,2018061.0,8146225490.0,80700000000.0,20000000,KOSDAQ
2008-04-17,4075.0,4100.0,3830.0,3830.0,2356113.0,9255311380.0,76600000000.0,20000000,KOSDAQ
2008-04-18,3900.0,3960.0,3835.0,3900.0,1695262.0,6624660935.0,78000000000.0,20000000,KOSDAQ
2008-04-21,3930.0,4000.0,3720.0,3730.0,1760570.0,6834666380.0,74600000000.0,20000000,KOSDAQ
2008-04-22,3810.0,3890.0,3770.0,3865.0,958183.0,3675556860.0,77300000000.0,20000000,KOSDAQ
2008-04-23,3865.0,3890.0,3730.0,3750.0,812317.0,3074530105.0,75000000000.0,20000000,KOSDAQ
2008-04-24,3780.0,3910.0,3750.0,3760.0,878567.0,3345293565.0,75200000000.0,20000000,KOSDAQ
2008-04-25,3795.0,3885.0,3760.0,3875.0,672792.0,2579732945.0,77500000000.0,20000000,KOSDAQ
2008-04-28,3870.0,3930.0,3725.0,3730.0,591161.0,2257644925.0,74600000000.0,20000000,KOSDAQ
2008-04-29,3760.0,3760.0,3675.0,3715.0,346633.0,1291811695.0,74300000000.0,20000000,KOSDAQ
2008-04-30,3715.0,3740.0,3690.0,3715.0,291540.0,1081450605.0,74300000000.0,20000000,KOSDAQ
2008-05-02,3730.0,3810.0,3705.0,3705.0,455285.0,1703230210.0,74100000000.0,20000000,KOSDAQ
2008-05-06,3730.0,3850.0,3725.0,3815.0,731231.0,2781330995.0,76300000000.0,20000000,KOSDAQ
2008-05-07,3825.0,3875.0,3805.0,3835.0,320094.0,1228686260.0,76700000000.0,20000000,KOSDAQ
2008-05-08,3795.0,3845.0,3770.0,3840.0,297263.0,1132970720.0,76800000000.0,20000000,KOSDAQ
2008-05-09,3845.0,4060.0,3830.0,4050.0,1234488.0,4892705170.0,81000000000.0,20000000,KOSDAQ
2008-05-13,4150.0,4160.0,3880.0,3880.0,1246679.0,4941145660.0,77600000000.0,20000000,KOSDAQ
2008-05-14,3850.0,3935.0,3745.0,3785.0,591563.0,2266570780.0,75700000000.0,20000000,KOSDAQ
2008-05-15,3800.0,3870.0,3735.0,3850.0,506124.0,1929144540.0,77000000000.0,20000000,KOSDAQ
2008-05-16,3830.0,3865.0,3740.0,3755.0,390935.0,1483478220.0,75100000000.0,20000000,KOSDAQ
2008-05-19,3765.0,3815.0,3725.0,3775.0,191800.0,722697085.0,75500000000.0,20000000,KOSDAQ
2008-05-20,3760.0,3970.0,3755.0,3825.0,535269.0,2067203885.0,76500000000.0,20000000,KOSDAQ
2008-05-21,3840.0,3840.0,3750.0,3765.0,175045.0,660642325.0,75300000000.0,20000000,KOSDAQ
2008-05-22,3720.0,3750.0,3655.0,3720.0,214401.0,790560945.0,74400000000.0,20000000,KOSDAQ
2008-05-23,3720.0,3750.0,3610.0,3615.0,204591.0,749443680.0,72300000000.0,20000000,KOSDAQ
2008-05-26,3575.0,3615.0,3430.0,3455.0,266186.0,926304595.0,69100000000.0,20000000,KOSDAQ
2008-05-27,3415.0,3510.0,3410.0,3455.0,200794.0,691137220.0,69100000000.0,20000000,KOSDAQ
2008-05-28,3480.0,3510.0,3430.0,3480.0,112867.0,391748650.0,69600000000.0,20000000,KOSDAQ
2008-05-29,3510.0,3645.0,3510.0,3570.0,151190.0,544712145.0,71400000000.0,20000000,KOSDAQ
2008-05-30,3620.0,3645.0,3570.0,3580.0,79893.0,287139085.0,71600000000.0,20000000,KOSDAQ
2008-06-02,3565.0,3590.0,3520.0,3550.0,119025.0,421966260.0,71000000000.0,20000000,KOSDAQ
2008-06-03,3550.0,3590.0,3495.0,3530.0,130508.0,461844325.0,70600000000.0,20000000,KOSDAQ
2008-06-04,3555.0,3595.0,3510.0,3580.0,80333.0,286265050.0,71600000000.0,20000000,KOSDAQ
2008-06-05,3555.0,3730.0,3555.0,3670.0,184084.0,674424480.0,73400000000.0,20000000,KOSDAQ
2008-06-09,3580.0,3700.0,3510.0,3700.0,113642.0,413218380.0,74000000000.0,20000000,KOSDAQ
2008-06-10,3705.0,3740.0,3630.0,3710.0,168218.0,622153890.0,74200000000.0,20000000,KOSDAQ
2008-06-11,3770.0,3865.0,3705.0,3715.0,325673.0,1233289205.0,74300000000.0,20000000,KOSDAQ
2008-06-12,3660.0,3710.0,3590.0,3640.0,134469.0,488009830.0,72800000000.0,20000000,KOSDAQ
2008-06-13,3630.0,3655.0,3525.0,3565.0,179486.0,640420440.0,71300000000.0,20000000,KOSDAQ
2008-06-16,3580.0,3670.0,3555.0,3590.0,151769.0,547231275.0,71800000000.0,20000000,KOSDAQ
2008-06-17,3570.0,3610.0,3525.0,3565.0,163775.0,582230580.0,71300000000.0,20000000,KOSDAQ
2008-06-18,3535.0,3605.0,3510.0,3515.0,115173.0,406919720.0,70300000000.0,20000000,KOSDAQ
2008-06-19,3505.0,3520.0,3435.0,3445.0,130655.0,452478850.0,68900000000.0,20000000,KOSDAQ
2008-06-20,3495.0,3525.0,3435.0,3455.0,89527.0,312263760.0,69100000000.0,20000000,KOSDAQ
2008-06-23,3400.0,3450.0,3375.0,3430.0,97083.0,331570935.0,68600000000.0,20000000,KOSDAQ
2008-06-24,3410.0,3475.0,3380.0,3430.0,67829.0,231903405.0,68600000000.0,20000000,KOSDAQ
2008-06-25,3415.0,3475.0,3415.0,3440.0,100643.0,345842020.0,68800000000.0,20000000,KOSDAQ
2008-06-26,3460.0,3490.0,3430.0,3430.0,89659.0,309746830.0,68600000000.0,20000000,KOSDAQ
2008-06-27,3390.0,3390.0,3275.0,3295.0,174794.0,579346420.0,65900000000.0,20000000,KOSDAQ
2008-06-30,3295.0,3340.0,3270.0,3270.0,64064.0,210700720.0,65400000000.0,20000000,KOSDAQ
2008-07-01,3265.0,3310.0,3170.0,3185.0,71378.0,229802685.0,63700000000.0,20000000,KOSDAQ
2008-07-02,3190.0,3210.0,2935.0,2975.0,321080.0,971134155.0,59500000000.0,20000000,KOSDAQ
2008-07-03,2820.0,2940.0,2770.0,2915.0,206893.0,593692865.0,58300000000.0,20000000,KOSDAQ
2008-07-04,2955.0,2955.0,2810.0,2860.0,87391.0,250611890.0,57200000000.0,20000000,KOSDAQ
2008-07-07,2830.0,2880.0,2740.0,2850.0,317925.0,896371300.0,57000000000.0,20000000,KOSDAQ
2008-07-08,2850.0,2850.0,2670.0,2700.0,105498.0,290060680.0,54000000000.0,20000000,KOSDAQ
2008-07-09,2770.0,2785.0,2705.0,2720.0,113786.0,313588035.0,54400000000.0,20000000,KOSDAQ
2008-07-10,2640.0,2760.0,2610.0,2760.0,78033.0,210984695.0,55200000000.0,20000000,KOSDAQ
2008-07-11,2770.0,2860.0,2735.0,2860.0,89773.0,252189530.0,57200000000.0,20000000,KOSDAQ
2008-07-14,2815.0,2910.0,2815.0,2845.0,83094.0,238033600.0,56900000000.0,20000000,KOSDAQ
2008-07-15,2865.0,2870.0,2730.0,2740.0,65224.0,181917660.0,54800000000.0,20000000,KOSDAQ
2008-07-16,2800.0,2805.0,2720.0,2760.0,44121.0,121790535.0,55200000000.0,20000000,KOSDAQ
2008-07-17,2815.0,2885.0,2790.0,2850.0,84740.0,240330575.0,57000000000.0,20000000,KOSDAQ
2008-07-18,2910.0,2945.0,2810.0,2825.0,71029.0,204111510.0,56500000000.0,20000000,KOSDAQ
2008-07-21,2865.0,2910.0,2825.0,2890.0,50519.0,145902375.0,57800000000.0,20000000,KOSDAQ
2008-07-22,2900.0,2940.0,2885.0,2915.0,64667.0,188369545.0,58300000000.0,20000000,KOSDAQ
2008-07-23,2955.0,3030.0,2935.0,2985.0,188273.0,560737680.0,59700000000.0,20000000,KOSDAQ
2008-07-24,3025.0,3040.0,2950.0,2965.0,115070.0,343976035.0,59300000000.0,20000000,KOSDAQ
2008-07-25,2930.0,2955.0,2890.0,2910.0,51265.0,149845970.0,58200000000.0,20000000,KOSDAQ
2008-07-28,2915.0,2950.0,2905.0,2930.0,70166.0,205116965.0,58600000000.0,20000000,KOSDAQ
2008-07-29,2900.0,2940.0,2830.0,2895.0,63347.0,182193435.0,57900000000.0,20000000,KOSDAQ
2008-07-30,2910.0,2940.0,2890.0,2940.0,40236.0,117201665.0,58800000000.0,20000000,KOSDAQ
2008-07-31,2945.0,2960.0,2915.0,2930.0,27248.0,79804055.0,58600000000.0,20000000,KOSDAQ
2008-08-01,2930.0,2930.0,2865.0,2885.0,32891.0,94998280.0,57700000000.0,20000000,KOSDAQ
2008-08-04,2865.0,2885.0,2810.0,2810.0,49700.0,140490035.0,56200000000.0,20000000,KOSDAQ
2008-08-05,2805.0,2830.0,2720.0,2740.0,70248.0,194117720.0,54800000000.0,20000000,KOSDAQ
2008-08-06,2760.0,2825.0,2745.0,2790.0,144395.0,399583375.0,55800000000.0,20000000,KOSDAQ
2008-08-07,2825.0,2920.0,2745.0,2840.0,93405.0,263702220.0,56800000000.0,20000000,KOSDAQ
2008-08-08,2845.0,2915.0,2800.0,2900.0,118096.0,339616295.0,58000000000.0,20000000,KOSDAQ
2008-08-11,2950.0,3035.0,2900.0,2910.0,93873.0,274790020.0,58200000000.0,20000000,KOSDAQ
2008-08-12,2910.0,2945.0,2890.0,2920.0,65739.0,192502315.0,58400000000.0,20000000,KOSDAQ
2008-08-13,2940.0,2975.0,2910.0,2950.0,72878.0,213642580.0,59000000000.0,20000000,KOSDAQ
2008-08-14,2985.0,2985.0,2760.0,2760.0,123695.0,354942400.0,55200000000.0,20000000,KOSDAQ
2008-08-18,2710.0,2730.0,2590.0,2605.0,367454.0,964022525.0,52100000000.0,20000000,KOSDAQ
2008-08-19,2600.0,2640.0,2540.0,2570.0,64219.0,165256400.0,51400000000.0,20000000,KOSDAQ
2008-08-20,2570.0,2610.0,2565.0,2570.0,68617.0,176904525.0,51400000000.0,20000000,KOSDAQ
2008-08-21,2590.0,2620.0,2525.0,2530.0,73103.0,187205655.0,50600000000.0,20000000,KOSDAQ
2008-08-22,2530.0,2550.0,2355.0,2425.0,181200.0,435554245.0,48500000000.0,20000000,KOSDAQ
2008-08-25,2480.0,2480.0,2390.0,2400.0,79774.0,193143395.0,48000000000.0,20000000,KOSDAQ
2008-08-26,2360.0,2390.0,2285.0,2285.0,139628.0,322639670.0,45700000000.0,20000000,KOSDAQ
2008-08-27,2270.0,2295.0,2200.0,2240.0,190350.0,426312565.0,44800000000.0,20000000,KOSDAQ
2008-08-28,2230.0,2350.0,2180.0,2225.0,164143.0,369769790.0,44500000000.0,20000000,KOSDAQ
2008-08-29,2245.0,2360.0,2245.0,2295.0,198941.0,456190830.0,45900000000.0,20000000,KOSDAQ
2008-09-01,2275.0,2330.0,2080.0,2080.0,149592.0,324890270.0,41600000000.0,20000000,KOSDAQ
2008-09-02,2015.0,2150.0,1910.0,1935.0,152051.0,306531200.0,38700000000.0,20000000,KOSDAQ
2008-09-03,1880.0,2090.0,1880.0,2090.0,90643.0,180657090.0,41800000000.0,20000000,KOSDAQ
2008-09-04,2030.0,2160.0,2030.0,2100.0,89934.0,190965435.0,42000000000.0,20000000,KOSDAQ
2008-09-05,2050.0,2115.0,2000.0,2080.0,61574.0,127913475.0,41600000000.0,20000000,KOSDAQ
2008-09-08,2145.0,2215.0,2125.0,2195.0,56282.0,123276160.0,43900000000.0,20000000,KOSDAQ
2008-09-09,2235.0,2235.0,2180.0,2210.0,73565.0,162427130.0,44200000000.0,20000000,KOSDAQ
2008-09-10,2160.0,2245.0,2160.0,2190.0,52700.0,115290935.0,43800000000.0,20000000,KOSDAQ
2008-09-11,2190.0,2235.0,2185.0,2195.0,34764.0,76782865.0,43900000000.0,20000000,KOSDAQ
2008-09-12,2225.0,2310.0,2225.0,2300.0,68689.0,156399035.0,46000000000.0,20000000,KOSDAQ
2008-09-16,2150.0,2230.0,2055.0,2190.0,132953.0,288978565.0,43800000000.0,20000000,KOSDAQ
2008-09-17,2210.0,2255.0,2210.0,2235.0,78900.0,176655745.0,44700000000.0,20000000,KOSDAQ
2008-09-18,2155.0,2210.0,2130.0,2170.0,62951.0,135450640.0,43400000000.0,20000000,KOSDAQ
2008-09-19,2220.0,2280.0,2205.0,2250.0,80823.0,180255730.0,45000000000.0,20000000,KOSDAQ
2008-09-22,2255.0,2290.0,2160.0,2170.0,120966.0,265436290.0,43400000000.0,20000000,KOSDAQ
2008-09-23,2165.0,2385.0,2160.0,2210.0,480361.0,1081771950.0,44200000000.0,20000000,KOSDAQ
2008-09-24,2250.0,2370.0,2240.0,2295.0,477139.0,1101567030.0,45900000000.0,20000000,KOSDAQ
2008-09-25,2315.0,2335.0,2260.0,2290.0,105611.0,242346785.0,45800000000.0,20000000,KOSDAQ
2008-09-26,2300.0,2510.0,2255.0,2330.0,819471.0,1966735150.0,46600000000.0,20000000,KOSDAQ
2008-09-29,2365.0,2480.0,2315.0,2335.0,325001.0,774076695.0,46700000000.0,20000000,KOSDAQ
2008-09-30,2130.0,2280.0,2130.0,2280.0,101732.0,225814470.0,45600000000.0,20000000,KOSDAQ
2008-10-01,2290.0,2325.0,2260.0,2280.0,79100.0,180917690.0,45600000000.0,20000000,KOSDAQ
2008-10-02,2330.0,2330.0,2210.0,2245.0,51327.0,115449365.0,44900000000.0,20000000,KOSDAQ
2008-10-06,2230.0,2285.0,2085.0,2085.0,128244.0,271283835.0,41700000000.0,20000000,KOSDAQ
2008-10-07,2025.0,2065.0,1990.0,2005.0,361403.0,724270680.0,40100000000.0,20000000,KOSDAQ
2008-10-08,1970.0,1990.0,1890.0,1895.0,211815.0,410758255.0,37900000000.0,20000000,KOSDAQ
2008-10-09,1945.0,1970.0,1890.0,1955.0,60880.0,117573930.0,39100000000.0,20000000,KOSDAQ
2008-10-10,1825.0,1900.0,1760.0,1835.0,113427.0,205201300.0,36700000000.0,20000000,KOSDAQ
2008-10-13,1880.0,1935.0,1820.0,1885.0,57066.0,107654265.0,37700000000.0,20000000,KOSDAQ
2008-10-14,1980.0,2055.0,1970.0,2055.0,112014.0,225451955.0,41100000000.0,20000000,KOSDAQ
2008-10-15,2035.0,2035.0,1940.0,1985.0,30760.0,61101945.0,39700000000.0,20000000,KOSDAQ
2008-10-16,1885.0,1940.0,1765.0,1810.0,111001.0,205562605.0,36200000000.0,20000000,KOSDAQ
2008-10-17,1840.0,1850.0,1730.0,1780.0,89082.0,158783560.0,35600000000.0,20000000,KOSDAQ
2008-10-20,1820.0,1835.0,1770.0,1830.0,41521.0,75038050.0,36600000000.0,20000000,KOSDAQ
2008-10-21,1845.0,1890.0,1795.0,1835.0,72387.0,132923720.0,36700000000.0,20000000,KOSDAQ
2008-10-22,1835.0,1850.0,1750.0,1790.0,93965.0,169599975.0,35800000000.0,20000000,KOSDAQ
2008-10-23,1690.0,1755.0,1605.0,1625.0,89832.0,147569080.0,32500000000.0,20000000,KOSDAQ
2008-10-24,1625.0,1630.0,1385.0,1390.0,151348.0,224041410.0,27800000000.0,20000000,KOSDAQ
2008-10-27,1300.0,1365.0,1190.0,1195.0,175843.0,219109570.0,23900000000.0,20000000,KOSDAQ
2008-10-28,1090.0,1315.0,1080.0,1275.0,124880.0,148212110.0,25500000000.0,20000000,KOSDAQ
2008-10-29,1320.0,1395.0,1100.0,1200.0,171397.0,227060220.0,24000000000.0,20000000,KOSDAQ
2008-10-30,1270.0,1380.0,1270.0,1380.0,145689.0,197118230.0,27600000000.0,20000000,KOSDAQ
2008-10-31,1410.0,1495.0,1370.0,1470.0,94260.0,136612995.0,29400000000.0,20000000,KOSDAQ
2008-11-03,1470.0,1555.0,1455.0,1545.0,126812.0,190654465.0,30900000000.0,20000000,KOSDAQ
2008-11-04,1550.0,1585.0,1505.0,1565.0,106664.0,165713075.0,31300000000.0,20000000,KOSDAQ
2008-11-05,1595.0,1705.0,1580.0,1580.0,155756.0,256990565.0,31600000000.0,20000000,KOSDAQ
2008-11-06,1500.0,1550.0,1390.0,1410.0,97541.0,140641275.0,28200000000.0,20000000,KOSDAQ
2008-11-07,1310.0,1485.0,1310.0,1475.0,95422.0,133885210.0,29500000000.0,20000000,KOSDAQ
2008-11-10,1510.0,1545.0,1490.0,1530.0,111257.0,168264385.0,30600000000.0,20000000,KOSDAQ
2008-11-11,1500.0,1505.0,1430.0,1470.0,60357.0,88412365.0,29400000000.0,20000000,KOSDAQ
2008-11-12,1460.0,1470.0,1400.0,1430.0,45366.0,64733955.0,28600000000.0,20000000,KOSDAQ
2008-11-13,1365.0,1395.0,1310.0,1360.0,60721.0,82116820.0,27200000000.0,20000000,KOSDAQ
2008-11-14,1385.0,1440.0,1330.0,1340.0,59333.0,80629545.0,26800000000.0,20000000,KOSDAQ
2008-11-17,1310.0,1375.0,1295.0,1355.0,70335.0,93430455.0,27100000000.0,20000000,KOSDAQ
2008-11-18,1355.0,1365.0,1330.0,1345.0,33038.0,44620535.0,26900000000.0,20000000,KOSDAQ
2008-11-19,1360.0,1370.0,1295.0,1360.0,80050.0,106513415.0,27200000000.0,20000000,KOSDAQ
2008-11-20,1270.0,1350.0,1200.0,1210.0,98278.0,123297430.0,24200000000.0,20000000,KOSDAQ
2008-11-21,1205.0,1270.0,1115.0,1270.0,81283.0,98171590.0,25400000000.0,20000000,KOSDAQ
2008-11-24,1245.0,1280.0,1215.0,1230.0,49089.0,61311090.0,24600000000.0,20000000,KOSDAQ
2008-11-25,1295.0,1310.0,1235.0,1240.0,74356.0,94173260.0,24800000000.0,20000000,KOSDAQ
2008-11-26,1240.0,1295.0,1240.0,1285.0,40499.0,51935510.0,25700000000.0,20000000,KOSDAQ
2008-11-27,1295.0,1430.0,1285.0,1400.0,146672.0,202440140.0,28000000000.0,20000000,KOSDAQ
2008-11-28,1460.0,1460.0,1370.0,1395.0,86567.0,122690270.0,27900000000.0,20000000,KOSDAQ
2008-12-01,1410.0,1465.0,1390.0,1430.0,90543.0,129860625.0,28600000000.0,20000000,KOSDAQ
2008-12-02,1415.0,1415.0,1320.0,1345.0,83450.0,112611315.0,26900000000.0,20000000,KOSDAQ
2008-12-03,1355.0,1380.0,1330.0,1360.0,21374.0,29002255.0,27200000000.0,20000000,KOSDAQ
2008-12-04,1395.0,1395.0,1320.0,1335.0,53061.0,70977265.0,26700000000.0,20000000,KOSDAQ
2008-12-05,1350.0,1350.0,1305.0,1325.0,52546.0,69633215.0,26500000000.0,20000000,KOSDAQ
2008-12-08,1330.0,1405.0,1330.0,1400.0,129602.0,178059310.0,28000000000.0,20000000,KOSDAQ
2008-12-09,1430.0,1610.0,1420.0,1610.0,188799.0,298450990.0,32200000000.0,20000000,KOSDAQ
2008-12-10,1835.0,1850.0,1610.0,1630.0,1178407.0,2030054350.0,32600000000.0,20000000,KOSDAQ
2008-12-11,1630.0,1750.0,1610.0,1680.0,363631.0,607640860.0,33600000000.0,20000000,KOSDAQ
2008-12-12,1700.0,1930.0,1680.0,1930.0,2064376.0,3923489115.0,38600000000.0,20000000,KOSDAQ
2008-12-15,1995.0,2015.0,1860.0,1885.0,1354762.0,2619791715.0,37700000000.0,20000000,KOSDAQ
2008-12-16,1905.0,1955.0,1830.0,1850.0,457526.0,863237660.0,37000000000.0,20000000,KOSDAQ
2008-12-17,1930.0,2000.0,1810.0,1865.0,756733.0,1444163705.0,37300000000.0,20000000,KOSDAQ
2008-12-18,1895.0,1950.0,1805.0,1810.0,339206.0,631860715.0,36200000000.0,20000000,KOSDAQ
2008-12-19,1790.0,1850.0,1735.0,1750.0,207406.0,368971390.0,35000000000.0,20000000,KOSDAQ
2008-12-22,1790.0,2010.0,1755.0,2010.0,924927.0,1824549210.0,40200000000.0,20000000,KOSDAQ
2008-12-23,2050.0,2295.0,2015.0,2030.0,3760540.0,8050713470.0,40600000000.0,20000000,KOSDAQ
2008-12-24,2000.0,2330.0,1995.0,2330.0,2846403.0,6327707250.0,46600000000.0,20000000,KOSDAQ
2008-12-26,2350.0,2600.0,2235.0,2365.0,3851129.0,9376028410.0,47300000000.0,20000000,KOSDAQ
2008-12-29,2365.0,2385.0,2015.0,2015.0,1954250.0,4168749870.0,40300000000.0,20000000,KOSDAQ
2008-12-30,1930.0,2005.0,1865.0,1900.0,1630883.0,3128546940.0,38000000000.0,20000000,KOSDAQ
