d,o,h,l,c,v,a,mc,s,m
1998-01-03,1710.0,1950.0,1710.0,1950.0,3500.0,6222600.0,429000000.0,220000,KOSPI
1998-01-05,2100.0,2100.0,2100.0,2100.0,1730.0,3633000.0,462000000.0,220000,KOSPI
1998-01-06,2260.0,2260.0,1950.0,1950.0,6840.0,14238000.0,429000000.0,220000,KOSPI
1998-01-07,2100.0,2100.0,2100.0,2100.0,1950.0,4095000.0,462000000.0,220000,KOSPI
1998-01-08,2260.0,2260.0,2100.0,2260.0,13310.0,29921000.0,497200000.0,220000,KOSPI
1998-01-09,2080.0,2440.0,2080.0,2400.0,6240.0,14299400.0,528000000.0,220000,KOSPI
1998-01-10,2210.0,2580.0,2210.0,2580.0,3390.0,8584000.0,567600000.0,220000,KOSPI
1998-01-12,2600.0,2780.0,2600.0,2780.0,8060.0,22027600.0,611600000.0,220000,KOSPI
1998-01-13,2900.0,3000.0,2850.0,3000.0,10770.0,31957000.0,660000000.0,220000,KOSPI
1998-01-14,3240.0,3240.0,3240.0,3240.0,330.0,1069200.0,712800000.0,220000,KOSPI
1998-01-15,3490.0,3490.0,3490.0,3490.0,370.0,1291300.0,767800000.0,220000,KOSPI
1998-01-16,3760.0,3760.0,3300.0,3300.0,15830.0,57965800.0,726000000.0,220000,KOSPI
1998-01-17,3100.0,3200.0,3100.0,3100.0,5300.0,16615000.0,682000000.0,220000,KOSPI
1998-01-19,3300.0,3340.0,3300.0,3340.0,3970.0,13131300.0,734800000.0,220000,KOSPI
1998-01-20,3600.0,3600.0,3340.0,3340.0,4180.0,14310000.0,734800000.0,220000,KOSPI
1998-01-21,3100.0,3100.0,3100.0,3100.0,3060.0,9486000.0,682000000.0,220000,KOSPI
1998-01-22,3100.0,3100.0,2900.0,2900.0,1000.0,2950000.0,638000000.0,220000,KOSPI
1998-01-23,2900.0,2900.0,2800.0,2900.0,5020.0,14186000.0,638000000.0,220000,KOSPI
1998-01-24,2900.0,3130.0,2900.0,3130.0,360.0,1117000.0,688600000.0,220000,KOSPI
1998-01-26,3200.0,3200.0,3200.0,3200.0,300.0,960000.0,704000000.0,220000,KOSPI
1998-01-30,3450.0,3450.0,3450.0,3450.0,380.0,1311000.0,759000000.0,220000,KOSPI
1998-01-31,3450.0,3550.0,3450.0,3500.0,1450.0,5072500.0,770000000.0,220000,KOSPI
1998-02-02,3350.0,3350.0,3220.0,3220.0,570.0,1900400.0,708400000.0,220000,KOSPI
1998-02-03,3000.0,3000.0,3000.0,3000.0,280.0,840000.0,660000000.0,220000,KOSPI
1998-02-04,3000.0,3240.0,3000.0,3100.0,6080.0,19344400.0,682000000.0,220000,KOSPI
1998-02-05,2900.0,3200.0,2900.0,3200.0,210.0,612000.0,704000000.0,220000,KOSPI
1998-02-06,3300.0,3300.0,2950.0,2950.0,170.0,554000.0,649000000.0,220000,KOSPI
1998-02-07,3000.0,3000.0,2950.0,3000.0,210.0,625000.0,660000000.0,220000,KOSPI
1998-02-09,2990.0,3200.0,2760.0,3150.0,2160.0,6745400.0,693000000.0,220000,KOSPI
1998-02-10,3000.0,3000.0,2910.0,3000.0,920.0,2745500.0,660000000.0,220000,KOSPI
1998-02-11,2760.0,2990.0,2760.0,2990.0,4590.0,12679900.0,657800000.0,220000,KOSPI
1998-02-12,2770.0,2970.0,2760.0,2970.0,1220.0,3381400.0,653400000.0,220000,KOSPI
1998-02-13,2900.0,2950.0,2750.0,2950.0,1040.0,2954400.0,649000000.0,220000,KOSPI
1998-02-14,2950.0,2950.0,2950.0,2950.0,1060.0,3127000.0,649000000.0,220000,KOSPI
1998-02-16,2840.0,2840.0,2720.0,2720.0,510.0,1388400.0,598400000.0,220000,KOSPI
1998-02-17,2510.0,2510.0,2510.0,2510.0,850.0,2133500.0,552200000.0,220000,KOSPI
1998-02-18,2320.0,2600.0,2310.0,2320.0,730.0,1694500.0,510400000.0,220000,KOSPI
1998-02-19,2500.0,2500.0,2500.0,2500.0,3690.0,9225000.0,550000000.0,220000,KOSPI
1998-02-20,2510.0,2650.0,2510.0,2650.0,230.0,596700.0,583000000.0,220000,KOSPI
1998-02-21,2440.0,2640.0,2440.0,2640.0,50.0,124000.0,580800000.0,220000,KOSPI
1998-02-23,2500.0,2590.0,2440.0,2590.0,1970.0,4916200.0,569800000.0,220000,KOSPI
1998-02-24,2610.0,2610.0,2600.0,2600.0,330.0,858300.0,572000000.0,220000,KOSPI
1998-02-25,2500.0,2500.0,2450.0,2450.0,4000.0,9836000.0,539000000.0,220000,KOSPI
1998-02-26,2270.0,2270.0,2270.0,2270.0,10.0,22700.0,499400000.0,220000,KOSPI
1998-02-27,2300.0,2390.0,2300.0,2390.0,610.0,1403900.0,525800000.0,220000,KOSPI
1998-02-28,2500.0,2550.0,2220.0,2250.0,830.0,1916900.0,495000000.0,220000,KOSPI
1998-03-02,2270.0,2390.0,2270.0,2390.0,150.0,341700.0,525800000.0,220000,KOSPI
1998-03-03,2200.0,2200.0,2200.0,2200.0,10.0,22000.0,484000000.0,220000,KOSPI
1998-03-04,2100.0,2100.0,2100.0,2100.0,1490.0,3129000.0,462000000.0,220000,KOSPI
1998-03-05,2220.0,2250.0,2100.0,2100.0,4170.0,9154000.0,462000000.0,220000,KOSPI
1998-03-06,2100.0,2255.0,2100.0,2255.0,1160.0,2440050.0,496100000.0,220000,KOSPI
1998-03-07,2345.0,2345.0,2100.0,2100.0,590.0,1261050.0,462000000.0,220000,KOSPI
1998-03-09,2100.0,2105.0,2100.0,2100.0,660.0,1386750.0,462000000.0,220000,KOSPI
1998-03-10,2100.0,2100.0,2100.0,2100.0,200.0,420000.0,462000000.0,220000,KOSPI
1998-03-11,2200.0,2200.0,2200.0,2200.0,1270.0,2794000.0,484000000.0,220000,KOSPI
1998-03-12,2200.0,2200.0,2100.0,2100.0,520.0,1142000.0,462000000.0,220000,KOSPI
1998-03-13,2100.0,2350.0,2100.0,2350.0,350.0,768500.0,517000000.0,220000,KOSPI
1998-03-14,2250.0,2300.0,2250.0,2250.0,260.0,595000.0,495000000.0,220000,KOSPI
1998-03-16,2250.0,2500.0,2250.0,2500.0,1240.0,3006500.0,550000000.0,220000,KOSPI
1998-03-17,2450.0,2450.0,2400.0,2400.0,910.0,2204000.0,528000000.0,220000,KOSPI
1998-03-18,2200.0,2500.0,2200.0,2500.0,1800.0,4410000.0,550000000.0,220000,KOSPI
1998-03-19,2500.0,2500.0,2350.0,2350.0,1000.0,2473000.0,517000000.0,220000,KOSPI
1998-03-20,2500.0,2500.0,2500.0,2500.0,70.0,175000.0,550000000.0,220000,KOSPI
1998-03-21,2650.0,2650.0,2555.0,2555.0,250.0,653000.0,562100000.0,220000,KOSPI
1998-03-23,2550.0,2550.0,2300.0,2515.0,2050.0,4872250.0,553300000.0,220000,KOSPI
1998-03-24,2500.0,2500.0,2250.0,2250.0,2330.0,5620000.0,495000000.0,220000,KOSPI
1998-03-25,2490.0,2490.0,2250.0,2490.0,3110.0,7130000.0,547800000.0,220000,KOSPI
1998-03-26,2370.0,2370.0,2200.0,2200.0,600.0,1388000.0,484000000.0,220000,KOSPI
1998-03-27,2200.0,2305.0,2200.0,2305.0,2470.0,5446750.0,507100000.0,220000,KOSPI
1998-03-28,2200.0,2380.0,2200.0,2380.0,350.0,818000.0,523600000.0,220000,KOSPI
1998-03-30,2200.0,2200.0,2200.0,2200.0,950.0,2090000.0,484000000.0,220000,KOSPI
1998-03-31,2100.0,2350.0,2100.0,2350.0,90.0,195250.0,517000000.0,220000,KOSPI
1998-04-01,2250.0,2250.0,2250.0,2250.0,1500.0,3375000.0,495000000.0,220000,KOSPI
1998-04-02,2250.0,2250.0,2250.0,2250.0,100.0,225000.0,495000000.0,220000,KOSPI
1998-04-03,2100.0,2250.0,2100.0,2250.0,100.0,220500.0,495000000.0,220000,KOSPI
1998-04-04,2240.0,2240.0,2100.0,2240.0,550.0,1166200.0,492800000.0,220000,KOSPI
1998-04-06,2395.0,2395.0,2395.0,2395.0,100.0,239500.0,526900000.0,220000,KOSPI
1998-04-07,2350.0,2350.0,2130.0,2130.0,570.0,1218500.0,468600000.0,220000,KOSPI
1998-04-08,2200.0,2300.0,2150.0,2150.0,880.0,1950350.0,473000000.0,220000,KOSPI
1998-04-09,2060.0,2390.0,2060.0,2100.0,2200.0,4865000.0,462000000.0,220000,KOSPI
1998-04-10,2290.0,2290.0,2060.0,2060.0,1110.0,2388100.0,453200000.0,220000,KOSPI
1998-04-11,2200.0,2200.0,2200.0,2200.0,300.0,660000.0,484000000.0,220000,KOSPI
1998-04-13,2100.0,2100.0,2100.0,2100.0,610.0,1281000.0,462000000.0,220000,KOSPI
1998-04-14,2285.0,2285.0,2155.0,2155.0,420.0,931100.0,474100000.0,220000,KOSPI
1998-04-15,2100.0,2200.0,2100.0,2200.0,2900.0,6118000.0,484000000.0,220000,KOSPI
1998-04-16,2300.0,2300.0,2110.0,2200.0,590.0,1297600.0,484000000.0,220000,KOSPI
1998-04-17,2200.0,2200.0,2200.0,2200.0,2650.0,5830000.0,484000000.0,220000,KOSPI
1998-04-18,0.0,2200.0,0.0,2200.0,0.0,0.0,484000000.0,220000,KOSPI
1998-04-20,2010.0,2010.0,2010.0,2010.0,20.0,40200.0,442200000.0,220000,KOSPI
1998-04-21,2050.0,2050.0,2040.0,2040.0,1500.0,3065000.0,448800000.0,220000,KOSPI
1998-04-22,2005.0,2005.0,2000.0,2000.0,200.0,400500.0,440000000.0,220000,KOSPI
1998-04-23,2000.0,2000.0,2000.0,2000.0,2700.0,5400000.0,440000000.0,220000,KOSPI
1998-04-24,1800.0,1800.0,1800.0,1800.0,500.0,900000.0,396000000.0,220000,KOSPI
1998-04-25,0.0,1800.0,0.0,1800.0,0.0,0.0,396000000.0,220000,KOSPI
1998-04-27,0.0,1800.0,0.0,1800.0,0.0,0.0,396000000.0,220000,KOSPI
1998-04-28,1800.0,1800.0,1800.0,1800.0,20.0,36000.0,396000000.0,220000,KOSPI
1998-04-29,0.0,1800.0,0.0,1800.0,0.0,0.0,396000000.0,220000,KOSPI
1998-04-30,1585.0,2010.0,1585.0,1995.0,12160.0,21877750.0,438900000.0,220000,KOSPI
1998-05-02,1800.0,2095.0,1800.0,2095.0,110.0,206650.0,460900000.0,220000,KOSPI
1998-05-04,0.0,1980.0,0.0,1980.0,0.0,0.0,435600000.0,220000,KOSPI
1998-05-06,0.0,1975.0,0.0,1975.0,0.0,0.0,434500000.0,220000,KOSPI
1998-05-07,0.0,1965.0,0.0,1965.0,0.0,0.0,432300000.0,220000,KOSPI
1998-05-08,1800.0,1800.0,1730.0,1730.0,240.0,427800.0,380600000.0,220000,KOSPI
1998-05-09,0.0,1730.0,0.0,1730.0,0.0,0.0,380600000.0,220000,KOSPI
1998-05-11,0.0,1730.0,0.0,1730.0,0.0,0.0,380600000.0,220000,KOSPI
1998-05-12,1535.0,1930.0,1530.0,1530.0,2880.0,4787100.0,336600000.0,220000,KOSPI
1998-05-13,1460.0,1700.0,1460.0,1700.0,170.0,253000.0,374000000.0,220000,KOSPI
1998-05-14,1640.0,1640.0,1640.0,1640.0,140.0,229600.0,360800000.0,220000,KOSPI
1998-05-15,0.0,1640.0,0.0,1640.0,0.0,0.0,360800000.0,220000,KOSPI
1998-05-16,0.0,1640.0,0.0,1640.0,0.0,0.0,360800000.0,220000,KOSPI
1998-05-18,0.0,1750.0,0.0,1750.0,0.0,0.0,385000000.0,220000,KOSPI
1998-05-19,1670.0,1890.0,1670.0,1890.0,160.0,280600.0,415800000.0,220000,KOSPI
1998-05-20,2000.0,2000.0,2000.0,2000.0,500.0,1000000.0,440000000.0,220000,KOSPI
1998-05-21,2040.0,2040.0,2040.0,2040.0,10.0,20400.0,448800000.0,220000,KOSPI
1998-05-22,0.0,1975.0,0.0,1975.0,0.0,0.0,434500000.0,220000,KOSPI
1998-05-23,0.0,1775.0,0.0,1775.0,0.0,0.0,390500000.0,220000,KOSPI
1998-05-25,1950.0,1950.0,1950.0,1950.0,10.0,19500.0,429000000.0,220000,KOSPI
1998-05-26,1720.0,1950.0,1720.0,1950.0,1490.0,2565100.0,429000000.0,220000,KOSPI
1998-05-27,1720.0,1720.0,1720.0,1720.0,30.0,51600.0,378400000.0,220000,KOSPI
1998-05-28,1720.0,1720.0,1600.0,1600.0,520.0,892000.0,352000000.0,220000,KOSPI
1998-05-29,1790.0,1790.0,1600.0,1600.0,280.0,451800.0,352000000.0,220000,KOSPI
1998-05-30,0.0,1600.0,0.0,1600.0,0.0,0.0,352000000.0,220000,KOSPI
1998-06-01,0.0,1600.0,0.0,1600.0,0.0,0.0,352000000.0,220000,KOSPI
1998-06-02,0.0,1600.0,0.0,1600.0,0.0,0.0,352000000.0,220000,KOSPI
1998-06-03,1790.0,1790.0,1790.0,1790.0,10.0,17900.0,393800000.0,220000,KOSPI
1998-06-05,1580.0,1795.0,1580.0,1795.0,850.0,1345150.0,394900000.0,220000,KOSPI
1998-06-08,1880.0,1880.0,1880.0,1880.0,10.0,18800.0,413600000.0,220000,KOSPI
1998-06-09,1980.0,1980.0,1660.0,1980.0,50.0,92600.0,435600000.0,220000,KOSPI
1998-06-10,1745.0,1890.0,1745.0,1890.0,110.0,193400.0,415800000.0,220000,KOSPI
1998-06-11,1800.0,1800.0,1800.0,1800.0,300.0,540000.0,396000000.0,220000,KOSPI
1998-06-12,1585.0,1840.0,1585.0,1840.0,170.0,274550.0,404800000.0,220000,KOSPI
1998-06-13,0.0,1745.0,0.0,1745.0,0.0,0.0,383900000.0,220000,KOSPI
1998-06-15,1550.0,1745.0,1550.0,1745.0,970.0,1509350.0,383900000.0,220000,KOSPI
1998-06-16,1600.0,1745.0,1600.0,1745.0,1070.0,1714900.0,383900000.0,220000,KOSPI
1998-06-17,1600.0,1620.0,1600.0,1620.0,190.0,305000.0,356400000.0,220000,KOSPI
1998-06-18,0.0,1620.0,0.0,1620.0,0.0,0.0,356400000.0,220000,KOSPI
1998-06-19,0.0,1620.0,0.0,1620.0,0.0,0.0,356400000.0,220000,KOSPI
1998-06-20,1780.0,1780.0,1780.0,1780.0,10.0,17800.0,391600000.0,220000,KOSPI
1998-06-22,1620.0,1940.0,1620.0,1940.0,110.0,181400.0,426800000.0,220000,KOSPI
1998-06-23,0.0,1795.0,0.0,1795.0,0.0,0.0,394900000.0,220000,KOSPI
1998-06-24,1610.0,1890.0,1580.0,1890.0,130.0,210600.0,415800000.0,220000,KOSPI
1998-06-25,0.0,1865.0,0.0,1865.0,0.0,0.0,410300000.0,220000,KOSPI
1998-06-26,1645.0,2085.0,1645.0,1645.0,22300.0,41482100.0,361900000.0,220000,KOSPI
1998-06-27,1510.0,1745.0,1510.0,1745.0,980.0,1482150.0,383900000.0,220000,KOSPI
1998-06-29,1700.0,1800.0,1700.0,1800.0,3160.0,5422000.0,396000000.0,220000,KOSPI
1998-06-30,1610.0,1780.0,1610.0,1780.0,60.0,98300.0,391600000.0,220000,KOSPI
1998-07-01,1620.0,1620.0,1620.0,1620.0,100.0,162000.0,356400000.0,220000,KOSPI
1998-07-02,1460.0,1600.0,1460.0,1600.0,310.0,494600.0,352000000.0,220000,KOSPI
1998-07-03,0.0,1600.0,0.0,1600.0,0.0,0.0,352000000.0,220000,KOSPI
1998-07-04,0.0,1600.0,0.0,1600.0,0.0,0.0,352000000.0,220000,KOSPI
1998-07-06,1750.0,1780.0,1415.0,1415.0,2590.0,4537550.0,311300000.0,220000,KOSPI
1998-07-07,1580.0,1580.0,1580.0,1580.0,450.0,711000.0,347600000.0,220000,KOSPI
1998-07-08,1460.0,1545.0,1460.0,1545.0,90.0,135650.0,339900000.0,220000,KOSPI
1998-07-09,0.0,1710.0,0.0,1710.0,0.0,0.0,376200000.0,220000,KOSPI
1998-07-10,0.0,1710.0,0.0,1710.0,0.0,0.0,376200000.0,220000,KOSPI
1998-07-11,0.0,1880.0,0.0,1880.0,0.0,0.0,413600000.0,220000,KOSPI
1998-07-13,0.0,1695.0,0.0,1695.0,0.0,0.0,372900000.0,220000,KOSPI
1998-07-14,1500.0,1500.0,1500.0,1500.0,570.0,855000.0,330000000.0,220000,KOSPI
1998-07-15,1525.0,1670.0,1525.0,1670.0,30.0,47200.0,367400000.0,220000,KOSPI
1998-07-16,0.0,1670.0,0.0,1670.0,0.0,0.0,367400000.0,220000,KOSPI
1998-07-18,0.0,1745.0,0.0,1745.0,0.0,0.0,383900000.0,220000,KOSPI
1998-07-20,1570.0,1575.0,1570.0,1575.0,150.0,235750.0,346500000.0,220000,KOSPI
1998-07-21,1750.0,1760.0,1750.0,1760.0,720.0,1264700.0,387200000.0,220000,KOSPI
1998-07-22,1850.0,1850.0,1650.0,1650.0,600.0,1010000.0,363000000.0,220000,KOSPI
1998-07-23,1650.0,1650.0,1650.0,1650.0,340.0,561000.0,363000000.0,220000,KOSPI
1998-07-24,1500.0,1650.0,1500.0,1650.0,1080.0,1725000.0,363000000.0,220000,KOSPI
1998-07-25,0.0,1830.0,0.0,1830.0,0.0,0.0,402600000.0,220000,KOSPI
1998-07-27,1640.0,1640.0,1640.0,1640.0,370.0,606800.0,360800000.0,220000,KOSPI
1998-07-28,0.0,1640.0,0.0,1640.0,0.0,0.0,360800000.0,220000,KOSPI
1998-07-29,1830.0,1830.0,1660.0,1660.0,520.0,948200.0,365200000.0,220000,KOSPI
1998-07-30,0.0,1840.0,0.0,1840.0,0.0,0.0,404800000.0,220000,KOSPI
1998-07-31,1840.0,1940.0,1840.0,1940.0,40.0,74600.0,426800000.0,220000,KOSPI
1998-08-01,0.0,1850.0,0.0,1850.0,0.0,0.0,407000000.0,220000,KOSPI
1998-08-03,0.0,1895.0,0.0,1895.0,0.0,0.0,416900000.0,220000,KOSPI
1998-08-04,0.0,1895.0,0.0,1895.0,0.0,0.0,416900000.0,220000,KOSPI
1998-08-05,0.0,1890.0,0.0,1890.0,0.0,0.0,415800000.0,220000,KOSPI
1998-08-06,0.0,1885.0,0.0,1885.0,0.0,0.0,414700000.0,220000,KOSPI
1998-08-07,1880.0,1880.0,1880.0,1880.0,50.0,94000.0,413600000.0,220000,KOSPI
1998-08-08,1880.0,1880.0,1800.0,1800.0,4770.0,8854000.0,396000000.0,220000,KOSPI
1998-08-10,1810.0,1810.0,1810.0,1810.0,600.0,1086000.0,398200000.0,220000,KOSPI
1998-08-11,1840.0,2025.0,1650.0,2025.0,1720.0,3201500.0,445500000.0,220000,KOSPI
1998-08-12,1995.0,1995.0,1995.0,1995.0,100.0,199500.0,438900000.0,220000,KOSPI
1998-08-13,1900.0,1900.0,1800.0,1900.0,2210.0,3989000.0,418000000.0,220000,KOSPI
1998-08-14,1900.0,2125.0,1900.0,2125.0,3620.0,7348850.0,467500000.0,220000,KOSPI
1998-08-17,2300.0,2300.0,2130.0,2300.0,8220.0,18087600.0,506000000.0,220000,KOSPI
1998-08-18,2030.0,2100.0,2030.0,2100.0,1220.0,2534000.0,462000000.0,220000,KOSPI
1998-08-19,2200.0,2200.0,1860.0,1860.0,1260.0,2751600.0,409200000.0,220000,KOSPI
1998-08-20,2080.0,2080.0,2010.0,2015.0,2730.0,5618350.0,443300000.0,220000,KOSPI
1998-08-21,2200.0,2250.0,2015.0,2250.0,3160.0,6897000.0,495000000.0,220000,KOSPI
1998-08-22,2250.0,2250.0,2250.0,2250.0,1500.0,3375000.0,495000000.0,220000,KOSPI
1998-08-24,2200.0,2200.0,2000.0,2000.0,1390.0,3024000.0,440000000.0,220000,KOSPI
1998-08-25,1900.0,1910.0,1900.0,1910.0,160.0,304900.0,420200000.0,220000,KOSPI
1998-08-26,1800.0,2100.0,1800.0,1905.0,70.0,137100.0,419100000.0,220000,KOSPI
1998-08-27,0.0,1905.0,0.0,1905.0,0.0,0.0,419100000.0,220000,KOSPI
1998-08-28,2000.0,2000.0,1800.0,1800.0,2020.0,4038000.0,396000000.0,220000,KOSPI
1998-08-29,0.0,1850.0,0.0,1850.0,0.0,0.0,407000000.0,220000,KOSPI
1998-08-31,2030.0,2030.0,1755.0,1755.0,550.0,1102750.0,386100000.0,220000,KOSPI
1998-09-01,1960.0,1960.0,1770.0,1770.0,510.0,980200.0,389400000.0,220000,KOSPI
1998-09-02,1800.0,1800.0,1800.0,1800.0,600.0,1080000.0,396000000.0,220000,KOSPI
1998-09-03,1850.0,2000.0,1850.0,2000.0,2840.0,5393000.0,440000000.0,220000,KOSPI
1998-09-04,1800.0,1800.0,1760.0,1760.0,2670.0,4774000.0,387200000.0,220000,KOSPI
1998-09-05,1900.0,1900.0,1900.0,1900.0,10.0,19000.0,418000000.0,220000,KOSPI
1998-09-07,1900.0,1910.0,1900.0,1910.0,60.0,114200.0,420200000.0,220000,KOSPI
1998-09-08,2000.0,2000.0,2000.0,2000.0,10.0,20000.0,440000000.0,220000,KOSPI
1998-09-09,0.0,1980.0,0.0,1980.0,0.0,0.0,435600000.0,220000,KOSPI
1998-09-10,1745.0,2210.0,1745.0,2210.0,16400.0,32431000.0,486200000.0,220000,KOSPI
1998-09-11,2000.0,2000.0,2000.0,2000.0,290.0,580000.0,440000000.0,220000,KOSPI
1998-09-12,1900.0,1900.0,1900.0,1900.0,400.0,760000.0,418000000.0,220000,KOSPI
1998-09-14,1800.0,2000.0,1800.0,2000.0,20.0,38000.0,440000000.0,220000,KOSPI
1998-09-15,0.0,1970.0,0.0,1970.0,0.0,0.0,433400000.0,220000,KOSPI
1998-09-16,1850.0,2205.0,1850.0,2205.0,9480.0,20223900.0,485100000.0,220000,KOSPI
1998-09-17,2465.0,2465.0,2300.0,2465.0,29510.0,71690450.0,542300000.0,220000,KOSPI
1998-09-18,2300.0,2390.0,2240.0,2240.0,2690.0,6100800.0,492800000.0,220000,KOSPI
1998-09-19,2310.0,2400.0,2310.0,2400.0,200.0,471000.0,528000000.0,220000,KOSPI
1998-09-21,0.0,2115.0,0.0,2115.0,0.0,0.0,465300000.0,220000,KOSPI
1998-09-22,1900.0,2000.0,1865.0,2000.0,5720.0,10756650.0,440000000.0,220000,KOSPI
1998-09-23,1850.0,1850.0,1760.0,1850.0,4210.0,7644500.0,407000000.0,220000,KOSPI
1998-09-24,1850.0,1950.0,1845.0,1950.0,4140.0,7829450.0,429000000.0,220000,KOSPI
1998-09-25,1725.0,1880.0,1720.0,1880.0,710.0,1223300.0,413600000.0,220000,KOSPI
1998-09-26,1770.0,1900.0,1770.0,1900.0,320.0,569000.0,418000000.0,220000,KOSPI
1998-09-28,1770.0,1800.0,1770.0,1780.0,1510.0,2699800.0,391600000.0,220000,KOSPI
1998-09-29,1650.0,1990.0,1650.0,1990.0,2750.0,5021300.0,437800000.0,220000,KOSPI
1998-09-30,2100.0,2100.0,1820.0,1820.0,2500.0,5020800.0,400400000.0,220000,KOSPI
1998-10-01,2030.0,2030.0,2030.0,2030.0,30.0,60900.0,446600000.0,220000,KOSPI
1998-10-02,1850.0,1850.0,1850.0,1850.0,350.0,647500.0,407000000.0,220000,KOSPI
1998-10-07,1800.0,1800.0,1720.0,1750.0,2100.0,3667000.0,385000000.0,220000,KOSPI
1998-10-08,0.0,1780.0,0.0,1780.0,0.0,0.0,391600000.0,220000,KOSPI
1998-10-09,1900.0,1900.0,1895.0,1900.0,750.0,1424500.0,418000000.0,220000,KOSPI
1998-10-10,1900.0,1900.0,1900.0,1900.0,1370.0,2603000.0,418000000.0,220000,KOSPI
1998-10-12,1900.0,1900.0,1900.0,1900.0,400.0,760000.0,418000000.0,220000,KOSPI
1998-10-13,2125.0,2125.0,2100.0,2125.0,5160.0,10962500.0,467500000.0,220000,KOSPI
1998-10-14,2380.0,2380.0,2150.0,2380.0,20370.0,48469100.0,523600000.0,220000,KOSPI
1998-10-15,2380.0,2500.0,2210.0,2470.0,5070.0,11839600.0,543400000.0,220000,KOSPI
1998-10-16,2470.0,2500.0,2210.0,2320.0,4580.0,10975500.0,510400000.0,220000,KOSPI
1998-10-17,2200.0,2595.0,2200.0,2500.0,11330.0,27903150.0,550000000.0,220000,KOSPI
1998-10-19,2200.0,2490.0,2200.0,2330.0,2650.0,5995300.0,512600000.0,220000,KOSPI
1998-10-20,2150.0,2500.0,2150.0,2500.0,3690.0,8784600.0,550000000.0,220000,KOSPI
1998-10-21,2310.0,2500.0,2310.0,2450.0,4140.0,10173600.0,539000000.0,220000,KOSPI
1998-10-22,2450.0,2450.0,2310.0,2310.0,600.0,1456000.0,508200000.0,220000,KOSPI
1998-10-23,2450.0,2450.0,2400.0,2400.0,1310.0,3186000.0,528000000.0,220000,KOSPI
1998-10-24,2400.0,2450.0,2260.0,2260.0,3780.0,8870200.0,497200000.0,220000,KOSPI
1998-10-26,2300.0,2300.0,2300.0,2300.0,1300.0,2990000.0,506000000.0,220000,KOSPI
1998-10-27,2400.0,2480.0,2270.0,2270.0,3450.0,8035900.0,499400000.0,220000,KOSPI
1998-10-28,2300.0,2400.0,2300.0,2400.0,10840.0,25909000.0,528000000.0,220000,KOSPI
1998-10-29,2500.0,2500.0,2350.0,2440.0,4050.0,9804000.0,536800000.0,220000,KOSPI
1998-10-30,2410.0,2460.0,2410.0,2460.0,2300.0,5558000.0,541200000.0,220000,KOSPI
1998-10-31,2400.0,2400.0,2300.0,2400.0,510.0,1204000.0,528000000.0,220000,KOSPI
1998-11-02,2500.0,2500.0,2485.0,2490.0,5250.0,13100100.0,547800000.0,220000,KOSPI
1998-11-03,2495.0,2495.0,2450.0,2485.0,2990.0,7403100.0,546700000.0,220000,KOSPI
1998-11-04,2450.0,2450.0,2410.0,2410.0,1100.0,2691000.0,530200000.0,220000,KOSPI
1998-11-05,2420.0,2500.0,2420.0,2460.0,2600.0,6452600.0,541200000.0,220000,KOSPI
1998-11-06,2500.0,2500.0,2450.0,2500.0,6080.0,15004000.0,550000000.0,220000,KOSPI
1998-11-07,2610.0,2800.0,2610.0,2800.0,6040.0,16653600.0,616000000.0,220000,KOSPI
1998-11-09,3135.0,3135.0,3135.0,3135.0,11050.0,34641750.0,689700000.0,220000,KOSPI
1998-11-10,3510.0,3510.0,3100.0,3150.0,24730.0,81640500.0,693000000.0,220000,KOSPI
1998-11-11,3200.0,3400.0,3200.0,3350.0,7220.0,23659300.0,737000000.0,220000,KOSPI
1998-11-12,3350.0,3500.0,3350.0,3350.0,9430.0,32776500.0,737000000.0,220000,KOSPI
1998-11-13,3360.0,3360.0,3300.0,3300.0,4160.0,13819000.0,726000000.0,220000,KOSPI
1998-11-14,3300.0,3500.0,3300.0,3500.0,6470.0,22326200.0,770000000.0,220000,KOSPI
1998-11-16,3500.0,3500.0,3330.0,3360.0,5360.0,18124800.0,739200000.0,220000,KOSPI
1998-11-17,3350.0,3500.0,3300.0,3350.0,4460.0,15022500.0,737000000.0,220000,KOSPI
1998-11-18,3360.0,3480.0,3355.0,3480.0,3950.0,13296250.0,765600000.0,220000,KOSPI
1998-11-19,3450.0,3480.0,3300.0,3350.0,1840.0,6322000.0,737000000.0,220000,KOSPI
1998-11-20,3500.0,3650.0,3500.0,3650.0,12040.0,43062500.0,803000000.0,220000,KOSPI
1998-11-21,3720.0,4080.0,3720.0,3750.0,3240.0,12301500.0,825000000.0,220000,KOSPI
1998-11-23,3900.0,3900.0,3800.0,3800.0,800.0,3105000.0,836000000.0,220000,KOSPI
1998-11-24,3900.0,4000.0,3900.0,3900.0,3380.0,13282000.0,858000000.0,220000,KOSPI
1998-11-25,4100.0,4100.0,4000.0,4000.0,4520.0,18253000.0,880000000.0,220000,KOSPI
1998-11-26,4200.0,4200.0,3900.0,4200.0,7000.0,28484000.0,924000000.0,220000,KOSPI
1998-11-27,4500.0,4700.0,4200.0,4700.0,13780.0,61365150.0,1034000000.0,220000,KOSPI
1998-11-28,5260.0,5260.0,5260.0,5260.0,5590.0,29403400.0,1157200000.0,220000,KOSPI
1998-11-30,5800.0,5890.0,5800.0,5890.0,14340.0,83792100.0,1295800000.0,220000,KOSPI
1998-12-01,6590.0,6590.0,5900.0,6350.0,23810.0,154900500.0,1397000000.0,220000,KOSPI
1998-12-02,5700.0,6200.0,5590.0,5700.0,6120.0,36130700.0,1254000000.0,220000,KOSPI
1998-12-03,5450.0,5500.0,5100.0,5300.0,4830.0,25529000.0,1166000000.0,220000,KOSPI
1998-12-04,5130.0,5130.0,4900.0,5100.0,2980.0,14950800.0,1122000000.0,220000,KOSPI
1998-12-05,5180.0,5640.0,5180.0,5500.0,4710.0,24950200.0,1210000000.0,220000,KOSPI
1998-12-07,6000.0,6200.0,5310.0,6200.0,9660.0,57027800.0,1364000000.0,220000,KOSPI
1998-12-08,5900.0,6500.0,5620.0,5620.0,1410.0,8411800.0,1236400000.0,220000,KOSPI
1998-12-09,5500.0,6460.0,5500.0,6460.0,13320.0,83060700.0,1421200000.0,220000,KOSPI
1998-12-10,7420.0,7420.0,7420.0,7420.0,22560.0,167395200.0,1632400000.0,220000,KOSPI
1998-12-11,8000.0,8310.0,7420.0,7500.0,22270.0,173439900.0,1650000000.0,220000,KOSPI
1998-12-14,6380.0,8000.0,6380.0,7400.0,16400.0,120423500.0,1628000000.0,220000,KOSPI
1998-12-15,6910.0,8300.0,6500.0,7500.0,26530.0,198960700.0,1650000000.0,220000,KOSPI
1998-12-16,7800.0,7800.0,6400.0,6400.0,13990.0,103820500.0,1408000000.0,220000,KOSPI
1998-12-17,6500.0,6500.0,5800.0,5800.0,10370.0,62559200.0,1276000000.0,220000,KOSPI
1998-12-18,5520.0,6670.0,5520.0,6050.0,12150.0,76659100.0,1331000000.0,220000,KOSPI
1998-12-21,6210.0,6930.0,6200.0,6790.0,3530.0,22435400.0,1493800000.0,220000,KOSPI
1998-12-22,6890.0,6890.0,5900.0,5900.0,3390.0,20874100.0,1298000000.0,220000,KOSPI
1998-12-23,5900.0,6500.0,5900.0,6200.0,6910.0,42692800.0,1364000000.0,220000,KOSPI
1998-12-24,5950.0,6350.0,5950.0,6200.0,3360.0,20725000.0,1364000000.0,220000,KOSPI
1998-12-28,6200.0,6200.0,5900.0,6020.0,2910.0,17587500.0,1324400000.0,220000,KOSPI
